DATAFLOW,LAST UPDATE,freq,unit,hhtyp,geo,TIME_PERIOD,OBS_VALUE,OBS_FLAG,CONF_STATUS
ESTAT:ISOC_CI_IN_H(1.0),16/12/25 11:00:00,Annual,Percentage of households,Single person,Albania,2018,56.73,,
ESTAT:ISOC_CI_IN_H(1.0),16/12/25 11:00:00,Annual,Percentage of households,Single person,Albania,2020,58.56,,
ESTAT:ISOC_CI_IN_H(1.0),16/12/25 11:00:00,Annual,Percentage of households,Single person,Albania,2021,70.76,,
ESTAT:ISOC_CI_IN_H(1.0),16/12/25 11:00:00,Annual,Percentage of households,Single person,Albania,2022,89.59,,
ESTAT:ISOC_CI_IN_H(1.0),16/12/25 11:00:00,Annual,Percentage of households,Single person,Albania,2023,83.19,,
ESTAT:ISOC_CI_IN_H(1.0),16/12/25 11:00:00,Annual,Percentage of households,Single person,Albania,2024,93.15,,
ESTAT:ISOC_CI_IN_H(1.0),16/12/25 11:00:00,Annual,Percentage of households,Single person,Austria,2002,20.08,,
ESTAT:ISOC_CI_IN_H(1.0),16/12/25 11:00:00,Annual,Percentage of households,Single person,Austria,2003,24.53,,
ESTAT:ISOC_CI_IN_H(1.0),16/12/25 11:00:00,Annual,Percentage of households,Single person,Austria,2004,31.01,,
ESTAT:ISOC_CI_IN_H(1.0),16/12/25 11:00:00,Annual,Percentage of households,Single person,Austria,2005,32.67,,
ESTAT:ISOC_CI_IN_H(1.0),16/12/25 11:00:00,Annual,Percentage of households,Single person,Austria,2006,37.60,,
ESTAT:ISOC_CI_IN_H(1.0),16/12/25 11:00:00,Annual,Percentage of households,Single person,Austria,2007,43.30,,
ESTAT:ISOC_CI_IN_H(1.0),16/12/25 11:00:00,Annual,Percentage of households,Single person,Austria,2008,55.32,,
ESTAT:ISOC_CI_IN_H(1.0),16/12/25 11:00:00,Annual,Percentage of households,Single person,Austria,2009,50.66,,
ESTAT:ISOC_CI_IN_H(1.0),16/12/25 11:00:00,Annual,Percentage of households,Single person,Austria,2010,53.97,,
ESTAT:ISOC_CI_IN_H(1.0),16/12/25 11:00:00,Annual,Percentage of households,Single person,Austria,2011,58.48,,
ESTAT:ISOC_CI_IN_H(1.0),16/12/25 11:00:00,Annual,Percentage of households,Single person,Austria,2012,67.89,,
ESTAT:ISOC_CI_IN_H(1.0),16/12/25 11:00:00,Annual,Percentage of households,Single person,Austria,2013,68.60,,
ESTAT:ISOC_CI_IN_H(1.0),16/12/25 11:00:00,Annual,Percentage of households,Single person,Austria,2014,68.41,,
ESTAT:ISOC_CI_IN_H(1.0),16/12/25 11:00:00,Annual,Percentage of households,Single person,Austria,2015,70.08,,
ESTAT:ISOC_CI_IN_H(1.0),16/12/25 11:00:00,Annual,Percentage of households,Single person,Austria,2016,72.48,,
ESTAT:ISOC_CI_IN_H(1.0),16/12/25 11:00:00,Annual,Percentage of households,Single person,Austria,2017,81.14,,
ESTAT:ISOC_CI_IN_H(1.0),16/12/25 11:00:00,Annual,Percentage of households,Single person,Austria,2018,79.03,,
ESTAT:ISOC_CI_IN_H(1.0),16/12/25 11:00:00,Annual,Percentage of households,Single person,Austria,2019,83.54,,
ESTAT:ISOC_CI_IN_H(1.0),16/12/25 11:00:00,Annual,Percentage of households,Single person,Austria,2020,82.55,,
ESTAT:ISOC_CI_IN_H(1.0),16/12/25 11:00:00,Annual,Percentage of households,Single person,Austria,2021,90.39,,
ESTAT:ISOC_CI_IN_H(1.0),16/12/25 11:00:00,Annual,Percentage of households,Single person,Austria,2022,87.67,,
ESTAT:ISOC_CI_IN_H(1.0),16/12/25 11:00:00,Annual,Percentage of households,Single person,Austria,2023,90.50,,
ESTAT:ISOC_CI_IN_H(1.0),16/12/25 11:00:00,Annual,Percentage of households,Single person,Austria,2024,91.49,,
ESTAT:ISOC_CI_IN_H(1.0),16/12/25 11:00:00,Annual,Percentage of households,Single person,Austria,2025,91.59,,
ESTAT:ISOC_CI_IN_H(1.0),16/12/25 11:00:00,Annual,Percentage of households,Single person,Bosnia and Herzegovina,2018,45.15,,
ESTAT:ISOC_CI_IN_H(1.0),16/12/25 11:00:00,Annual,Percentage of households,Single person,Bosnia and Herzegovina,2019,60.28,,
ESTAT:ISOC_CI_IN_H(1.0),16/12/25 11:00:00,Annual,Percentage of households,Single person,Bosnia and Herzegovina,2020,46.08,,
ESTAT:ISOC_CI_IN_H(1.0),16/12/25 11:00:00,Annual,Percentage of households,Single person,Bosnia and Herzegovina,2021,62.66,,
ESTAT:ISOC_CI_IN_H(1.0),16/12/25 11:00:00,Annual,Percentage of households,Single person,Bosnia and Herzegovina,2023,63.91,,
ESTAT:ISOC_CI_IN_H(1.0),16/12/25 11:00:00,Annual,Percentage of households,Single person,Bosnia and Herzegovina,2024,61.45,,
ESTAT:ISOC_CI_IN_H(1.0),16/12/25 11:00:00,Annual,Percentage of households,Single person,Bosnia and Herzegovina,2025,65.79,,
ESTAT:ISOC_CI_IN_H(1.0),16/12/25 11:00:00,Annual,Percentage of households,Single person,Belgium,2005,29.75,,
ESTAT:ISOC_CI_IN_H(1.0),16/12/25 11:00:00,Annual,Percentage of households,Single person,Belgium,2006,33.40,,
ESTAT:ISOC_CI_IN_H(1.0),16/12/25 11:00:00,Annual,Percentage of households,Single person,Belgium,2007,39.55,,
ESTAT:ISOC_CI_IN_H(1.0),16/12/25 11:00:00,Annual,Percentage of households,Single person,Belgium,2008,43.08,,
ESTAT:ISOC_CI_IN_H(1.0),16/12/25 11:00:00,Annual,Percentage of households,Single person,Belgium,2009,44.45,,
ESTAT:ISOC_CI_IN_H(1.0),16/12/25 11:00:00,Annual,Percentage of households,Single person,Belgium,2010,51.50,,
ESTAT:ISOC_CI_IN_H(1.0),16/12/25 11:00:00,Annual,Percentage of households,Single person,Belgium,2011,56.50,,
ESTAT:ISOC_CI_IN_H(1.0),16/12/25 11:00:00,Annual,Percentage of households,Single person,Belgium,2012,58.47,,
ESTAT:ISOC_CI_IN_H(1.0),16/12/25 11:00:00,Annual,Percentage of households,Single person,Belgium,2013,63.45,,
ESTAT:ISOC_CI_IN_H(1.0),16/12/25 11:00:00,Annual,Percentage of households,Single person,Belgium,2014,67.49,,
ESTAT:ISOC_CI_IN_H(1.0),16/12/25 11:00:00,Annual,Percentage of households,Single person,Belgium,2015,64.99,,
ESTAT:ISOC_CI_IN_H(1.0),16/12/25 11:00:00,Annual,Percentage of households,Single person,Belgium,2016,70.10,,
ESTAT:ISOC_CI_IN_H(1.0),16/12/25 11:00:00,Annual,Percentage of households,Single person,Belgium,2017,72.68,,
ESTAT:ISOC_CI_IN_H(1.0),16/12/25 11:00:00,Annual,Percentage of households,Single person,Belgium,2018,75.31,,
ESTAT:ISOC_CI_IN_H(1.0),16/12/25 11:00:00,Annual,Percentage of households,Single person,Belgium,2019,78.20,,
ESTAT:ISOC_CI_IN_H(1.0),16/12/25 11:00:00,Annual,Percentage of households,Single person,Belgium,2020,80.63,,
ESTAT:ISOC_CI_IN_H(1.0),16/12/25 11:00:00,Annual,Percentage of households,Single person,Belgium,2021,82.93,,
ESTAT:ISOC_CI_IN_H(1.0),16/12/25 11:00:00,Annual,Percentage of households,Single person,Belgium,2022,88.41,,
ESTAT:ISOC_CI_IN_H(1.0),16/12/25 11:00:00,Annual,Percentage of households,Single person,Belgium,2023,88.07,,
ESTAT:ISOC_CI_IN_H(1.0),16/12/25 11:00:00,Annual,Percentage of households,Single person,Belgium,2024,88.95,,
ESTAT:ISOC_CI_IN_H(1.0),16/12/25 11:00:00,Annual,Percentage of households,Single person,Belgium,2025,84.32,,
ESTAT:ISOC_CI_IN_H(1.0),16/12/25 11:00:00,Annual,Percentage of households,Single person,Bulgaria,2004,4.40,,
ESTAT:ISOC_CI_IN_H(1.0),16/12/25 11:00:00,Annual,Percentage of households,Single person,Bulgaria,2007,9.64,,
ESTAT:ISOC_CI_IN_H(1.0),16/12/25 11:00:00,Annual,Percentage of households,Single person,Bulgaria,2008,13.71,,
ESTAT:ISOC_CI_IN_H(1.0),16/12/25 11:00:00,Annual,Percentage of households,Single person,Bulgaria,2009,10.80,,
ESTAT:ISOC_CI_IN_H(1.0),16/12/25 11:00:00,Annual,Percentage of households,Single person,Bulgaria,2010,15.24,,
ESTAT:ISOC_CI_IN_H(1.0),16/12/25 11:00:00,Annual,Percentage of households,Single person,Bulgaria,2011,19.99,,
ESTAT:ISOC_CI_IN_H(1.0),16/12/25 11:00:00,Annual,Percentage of households,Single person,Bulgaria,2012,27.19,,
ESTAT:ISOC_CI_IN_H(1.0),16/12/25 11:00:00,Annual,Percentage of households,Single person,Bulgaria,2013,30.28,,
ESTAT:ISOC_CI_IN_H(1.0),16/12/25 11:00:00,Annual,Percentage of households,Single person,Bulgaria,2014,30.23,,
ESTAT:ISOC_CI_IN_H(1.0),16/12/25 11:00:00,Annual,Percentage of households,Single person,Bulgaria,2015,32.51,,
ESTAT:ISOC_CI_IN_H(1.0),16/12/25 11:00:00,Annual,Percentage of households,Single person,Bulgaria,2016,38.58,,
ESTAT:ISOC_CI_IN_H(1.0),16/12/25 11:00:00,Annual,Percentage of households,Single person,Bulgaria,2017,44.37,,
ESTAT:ISOC_CI_IN_H(1.0),16/12/25 11:00:00,Annual,Percentage of households,Single person,Bulgaria,2018,47.52,,
ESTAT:ISOC_CI_IN_H(1.0),16/12/25 11:00:00,Annual,Percentage of households,Single person,Bulgaria,2019,49.90,,
ESTAT:ISOC_CI_IN_H(1.0),16/12/25 11:00:00,Annual,Percentage of households,Single person,Bulgaria,2020,54.86,,
ESTAT:ISOC_CI_IN_H(1.0),16/12/25 11:00:00,Annual,Percentage of households,Single person,Bulgaria,2021,64.24,,
ESTAT:ISOC_CI_IN_H(1.0),16/12/25 11:00:00,Annual,Percentage of households,Single person,Bulgaria,2022,68.51,,
ESTAT:ISOC_CI_IN_H(1.0),16/12/25 11:00:00,Annual,Percentage of households,Single person,Bulgaria,2023,77.93,,
ESTAT:ISOC_CI_IN_H(1.0),16/12/25 11:00:00,Annual,Percentage of households,Single person,Bulgaria,2024,84.13,,
ESTAT:ISOC_CI_IN_H(1.0),16/12/25 11:00:00,Annual,Percentage of households,Single person,Bulgaria,2025,83.35,,
ESTAT:ISOC_CI_IN_H(1.0),16/12/25 11:00:00,Annual,Percentage of households,Single person,Switzerland,2014,80.27,,
ESTAT:ISOC_CI_IN_H(1.0),16/12/25 11:00:00,Annual,Percentage of households,Single person,Switzerland,2017,86.84,b,
ESTAT:ISOC_CI_IN_H(1.0),16/12/25 11:00:00,Annual,Percentage of households,Single person,Switzerland,2019,92.88,,
ESTAT:ISOC_CI_IN_H(1.0),16/12/25 11:00:00,Annual,Percentage of households,Single person,Switzerland,2021,97.20,,
ESTAT:ISOC_CI_IN_H(1.0),16/12/25 11:00:00,Annual,Percentage of households,Single person,Switzerland,2023,99.29,,
ESTAT:ISOC_CI_IN_H(1.0),16/12/25 11:00:00,Annual,Percentage of households,Single person,Switzerland,2025,97.40,,
ESTAT:ISOC_CI_IN_H(1.0),16/12/25 11:00:00,Annual,Percentage of households,Single person,Cyprus,2004,47.93,,
ESTAT:ISOC_CI_IN_H(1.0),16/12/25 11:00:00,Annual,Percentage of households,Single person,Cyprus,2005,15.15,,
ESTAT:ISOC_CI_IN_H(1.0),16/12/25 11:00:00,Annual,Percentage of households,Single person,Cyprus,2006,16.96,,
ESTAT:ISOC_CI_IN_H(1.0),16/12/25 11:00:00,Annual,Percentage of households,Single person,Cyprus,2007,17.29,,
ESTAT:ISOC_CI_IN_H(1.0),16/12/25 11:00:00,Annual,Percentage of households,Single person,Cyprus,2008,25.97,,
ESTAT:ISOC_CI_IN_H(1.0),16/12/25 11:00:00,Annual,Percentage of households,Single person,Cyprus,2009,30.99,,
ESTAT:ISOC_CI_IN_H(1.0),16/12/25 11:00:00,Annual,Percentage of households,Single person,Cyprus,2010,23.07,,
ESTAT:ISOC_CI_IN_H(1.0),16/12/25 11:00:00,Annual,Percentage of households,Single person,Cyprus,2011,38.52,,
ESTAT:ISOC_CI_IN_H(1.0),16/12/25 11:00:00,Annual,Percentage of households,Single person,Cyprus,2012,37.92,,
ESTAT:ISOC_CI_IN_H(1.0),16/12/25 11:00:00,Annual,Percentage of households,Single person,Cyprus,2013,46.74,,
ESTAT:ISOC_CI_IN_H(1.0),16/12/25 11:00:00,Annual,Percentage of households,Single person,Cyprus,2014,48.77,,
ESTAT:ISOC_CI_IN_H(1.0),16/12/25 11:00:00,Annual,Percentage of households,Single person,Cyprus,2015,51.88,,
ESTAT:ISOC_CI_IN_H(1.0),16/12/25 11:00:00,Annual,Percentage of households,Single person,Cyprus,2016,54.02,,
ESTAT:ISOC_CI_IN_H(1.0),16/12/25 11:00:00,Annual,Percentage of households,Single person,Cyprus,2017,61.58,,
ESTAT:ISOC_CI_IN_H(1.0),16/12/25 11:00:00,Annual,Percentage of households,Single person,Cyprus,2018,74.59,,
ESTAT:ISOC_CI_IN_H(1.0),16/12/25 11:00:00,Annual,Percentage of households,Single person,Cyprus,2019,75.49,,
ESTAT:ISOC_CI_IN_H(1.0),16/12/25 11:00:00,Annual,Percentage of households,Single person,Cyprus,2020,86.26,,
ESTAT:ISOC_CI_IN_H(1.0),16/12/25 11:00:00,Annual,Percentage of households,Single person,Cyprus,2021,86.17,,
ESTAT:ISOC_CI_IN_H(1.0),16/12/25 11:00:00,Annual,Percentage of households,Single person,Cyprus,2022,89.62,,
ESTAT:ISOC_CI_IN_H(1.0),16/12/25 11:00:00,Annual,Percentage of households,Single person,Cyprus,2023,85.22,,
ESTAT:ISOC_CI_IN_H(1.0),16/12/25 11:00:00,Annual,Percentage of households,Single person,Cyprus,2024,87.14,,
ESTAT:ISOC_CI_IN_H(1.0),16/12/25 11:00:00,Annual,Percentage of households,Single person,Cyprus,2025,95.45,,
ESTAT:ISOC_CI_IN_H(1.0),16/12/25 11:00:00,Annual,Percentage of households,Single person,Czechia,2004,6.87,,
ESTAT:ISOC_CI_IN_H(1.0),16/12/25 11:00:00,Annual,Percentage of households,Single person,Czechia,2005,6.68,,
ESTAT:ISOC_CI_IN_H(1.0),16/12/25 11:00:00,Annual,Percentage of households,Single person,Czechia,2006,14.09,,
ESTAT:ISOC_CI_IN_H(1.0),16/12/25 11:00:00,Annual,Percentage of households,Single person,Czechia,2007,17.74,,
ESTAT:ISOC_CI_IN_H(1.0),16/12/25 11:00:00,Annual,Percentage of households,Single person,Czechia,2008,28.37,,
ESTAT:ISOC_CI_IN_H(1.0),16/12/25 11:00:00,Annual,Percentage of households,Single person,Czechia,2009,28.46,,
ESTAT:ISOC_CI_IN_H(1.0),16/12/25 11:00:00,Annual,Percentage of households,Single person,Czechia,2010,35.14,,
ESTAT:ISOC_CI_IN_H(1.0),16/12/25 11:00:00,Annual,Percentage of households,Single person,Czechia,2011,46.95,,
ESTAT:ISOC_CI_IN_H(1.0),16/12/25 11:00:00,Annual,Percentage of households,Single person,Czechia,2012,48.86,,
ESTAT:ISOC_CI_IN_H(1.0),16/12/25 11:00:00,Annual,Percentage of households,Single person,Czechia,2013,50.32,,
ESTAT:ISOC_CI_IN_H(1.0),16/12/25 11:00:00,Annual,Percentage of households,Single person,Czechia,2014,58.69,,
ESTAT:ISOC_CI_IN_H(1.0),16/12/25 11:00:00,Annual,Percentage of households,Single person,Czechia,2015,60.24,,
ESTAT:ISOC_CI_IN_H(1.0),16/12/25 11:00:00,Annual,Percentage of households,Single person,Czechia,2016,66.17,,
ESTAT:ISOC_CI_IN_H(1.0),16/12/25 11:00:00,Annual,Percentage of households,Single person,Czechia,2017,65.15,,
ESTAT:ISOC_CI_IN_H(1.0),16/12/25 11:00:00,Annual,Percentage of households,Single person,Czechia,2018,69.65,,
ESTAT:ISOC_CI_IN_H(1.0),16/12/25 11:00:00,Annual,Percentage of households,Single person,Czechia,2019,74.73,,
ESTAT:ISOC_CI_IN_H(1.0),16/12/25 11:00:00,Annual,Percentage of households,Single person,Czechia,2020,72.04,,
ESTAT:ISOC_CI_IN_H(1.0),16/12/25 11:00:00,Annual,Percentage of households,Single person,Czechia,2021,75.78,,
ESTAT:ISOC_CI_IN_H(1.0),16/12/25 11:00:00,Annual,Percentage of households,Single person,Czechia,2022,82.45,,
ESTAT:ISOC_CI_IN_H(1.0),16/12/25 11:00:00,Annual,Percentage of households,Single person,Czechia,2023,85.21,,
ESTAT:ISOC_CI_IN_H(1.0),16/12/25 11:00:00,Annual,Percentage of households,Single person,Czechia,2024,85.71,,
ESTAT:ISOC_CI_IN_H(1.0),16/12/25 11:00:00,Annual,Percentage of households,Single person,Czechia,2025,89.96,,
ESTAT:ISOC_CI_IN_H(1.0),16/12/25 11:00:00,Annual,Percentage of households,Single person,Germany,2002,33.33,,
ESTAT:ISOC_CI_IN_H(1.0),16/12/25 11:00:00,Annual,Percentage of households,Single person,Germany,2003,36.56,,
ESTAT:ISOC_CI_IN_H(1.0),16/12/25 11:00:00,Annual,Percentage of households,Single person,Germany,2004,44.32,,
ESTAT:ISOC_CI_IN_H(1.0),16/12/25 11:00:00,Annual,Percentage of households,Single person,Germany,2005,45.93,,
ESTAT:ISOC_CI_IN_H(1.0),16/12/25 11:00:00,Annual,Percentage of households,Single person,Germany,2006,48.04,,
ESTAT:ISOC_CI_IN_H(1.0),16/12/25 11:00:00,Annual,Percentage of households,Single person,Germany,2007,54.51,,
ESTAT:ISOC_CI_IN_H(1.0),16/12/25 11:00:00,Annual,Percentage of households,Single person,Germany,2008,58.16,,
ESTAT:ISOC_CI_IN_H(1.0),16/12/25 11:00:00,Annual,Percentage of households,Single person,Germany,2009,65.40,,
ESTAT:ISOC_CI_IN_H(1.0),16/12/25 11:00:00,Annual,Percentage of households,Single person,Germany,2010,70.72,,
ESTAT:ISOC_CI_IN_H(1.0),16/12/25 11:00:00,Annual,Percentage of households,Single person,Germany,2011,71.68,,
ESTAT:ISOC_CI_IN_H(1.0),16/12/25 11:00:00,Annual,Percentage of households,Single person,Germany,2012,74.07,,
ESTAT:ISOC_CI_IN_H(1.0),16/12/25 11:00:00,Annual,Percentage of households,Single person,Germany,2013,78.41,,
ESTAT:ISOC_CI_IN_H(1.0),16/12/25 11:00:00,Annual,Percentage of households,Single person,Germany,2014,80.80,,
ESTAT:ISOC_CI_IN_H(1.0),16/12/25 11:00:00,Annual,Percentage of households,Single person,Germany,2015,81.74,,
ESTAT:ISOC_CI_IN_H(1.0),16/12/25 11:00:00,Annual,Percentage of households,Single person,Germany,2016,84.90,,
ESTAT:ISOC_CI_IN_H(1.0),16/12/25 11:00:00,Annual,Percentage of households,Single person,Germany,2017,86.11,,
ESTAT:ISOC_CI_IN_H(1.0),16/12/25 11:00:00,Annual,Percentage of households,Single person,Germany,2018,89.54,,
ESTAT:ISOC_CI_IN_H(1.0),16/12/25 11:00:00,Annual,Percentage of households,Single person,Germany,2019,90.08,,
ESTAT:ISOC_CI_IN_H(1.0),16/12/25 11:00:00,Annual,Percentage of households,Single person,Germany,2020,91.59,,
ESTAT:ISOC_CI_IN_H(1.0),16/12/25 11:00:00,Annual,Percentage of households,Single person,Germany,2021,85.96,b,
ESTAT:ISOC_CI_IN_H(1.0),16/12/25 11:00:00,Annual,Percentage of households,Single person,Germany,2022,85.48,,
ESTAT:ISOC_CI_IN_H(1.0),16/12/25 11:00:00,Annual,Percentage of households,Single person,Germany,2023,86.17,,
ESTAT:ISOC_CI_IN_H(1.0),16/12/25 11:00:00,Annual,Percentage of households,Single person,Germany,2024,86.96,,
ESTAT:ISOC_CI_IN_H(1.0),16/12/25 11:00:00,Annual,Percentage of households,Single person,Germany,2025,89.09,,
ESTAT:ISOC_CI_IN_H(1.0),16/12/25 11:00:00,Annual,Percentage of households,Single person,Denmark,2002,35.42,,
ESTAT:ISOC_CI_IN_H(1.0),16/12/25 11:00:00,Annual,Percentage of households,Single person,Denmark,2003,47.32,,
ESTAT:ISOC_CI_IN_H(1.0),16/12/25 11:00:00,Annual,Percentage of households,Single person,Denmark,2004,53.05,,
ESTAT:ISOC_CI_IN_H(1.0),16/12/25 11:00:00,Annual,Percentage of households,Single person,Denmark,2005,59.54,,
ESTAT:ISOC_CI_IN_H(1.0),16/12/25 11:00:00,Annual,Percentage of households,Single person,Denmark,2006,63.87,,
ESTAT:ISOC_CI_IN_H(1.0),16/12/25 11:00:00,Annual,Percentage of households,Single person,Denmark,2007,63.30,,
ESTAT:ISOC_CI_IN_H(1.0),16/12/25 11:00:00,Annual,Percentage of households,Single person,Denmark,2008,68.39,,
ESTAT:ISOC_CI_IN_H(1.0),16/12/25 11:00:00,Annual,Percentage of households,Single person,Denmark,2009,73.87,,
ESTAT:ISOC_CI_IN_H(1.0),16/12/25 11:00:00,Annual,Percentage of households,Single person,Denmark,2010,77.92,,
ESTAT:ISOC_CI_IN_H(1.0),16/12/25 11:00:00,Annual,Percentage of households,Single person,Denmark,2011,80.67,,
ESTAT:ISOC_CI_IN_H(1.0),16/12/25 11:00:00,Annual,Percentage of households,Single person,Denmark,2012,82.83,,
ESTAT:ISOC_CI_IN_H(1.0),16/12/25 11:00:00,Annual,Percentage of households,Single person,Denmark,2013,83.48,,
ESTAT:ISOC_CI_IN_H(1.0),16/12/25 11:00:00,Annual,Percentage of households,Single person,Denmark,2014,86.38,,
ESTAT:ISOC_CI_IN_H(1.0),16/12/25 11:00:00,Annual,Percentage of households,Single person,Denmark,2015,84.28,,
ESTAT:ISOC_CI_IN_H(1.0),16/12/25 11:00:00,Annual,Percentage of households,Single person,Denmark,2016,87.29,,
ESTAT:ISOC_CI_IN_H(1.0),16/12/25 11:00:00,Annual,Percentage of households,Single person,Denmark,2017,92.84,,
ESTAT:ISOC_CI_IN_H(1.0),16/12/25 11:00:00,Annual,Percentage of households,Single person,Denmark,2018,84.96,,
ESTAT:ISOC_CI_IN_H(1.0),16/12/25 11:00:00,Annual,Percentage of households,Single person,Denmark,2019,90.59,,
ESTAT:ISOC_CI_IN_H(1.0),16/12/25 11:00:00,Annual,Percentage of households,Single person,Denmark,2020,88.71,,
ESTAT:ISOC_CI_IN_H(1.0),16/12/25 11:00:00,Annual,Percentage of households,Single person,Denmark,2021,90.98,,
ESTAT:ISOC_CI_IN_H(1.0),16/12/25 11:00:00,Annual,Percentage of households,Single person,Denmark,2022,89.15,,
ESTAT:ISOC_CI_IN_H(1.0),16/12/25 11:00:00,Annual,Percentage of households,Single person,Denmark,2023,91.36,,
ESTAT:ISOC_CI_IN_H(1.0),16/12/25 11:00:00,Annual,Percentage of households,Single person,Denmark,2024,93.86,,
ESTAT:ISOC_CI_IN_H(1.0),16/12/25 11:00:00,Annual,Percentage of households,Single person,Denmark,2025,94.27,,
ESTAT:ISOC_CI_IN_H(1.0),16/12/25 11:00:00,Annual,Percentage of households,Single person,"Euro area (EA11-1999, EA12-2001, EA13-2007, EA15-2008, EA16-2009, EA17-2011, EA18-2014, EA19-2015, EA20-2023, EA21-2026)",2002,21.18,,
ESTAT:ISOC_CI_IN_H(1.0),16/12/25 11:00:00,Annual,Percentage of households,Single person,"Euro area (EA11-1999, EA12-2001, EA13-2007, EA15-2008, EA16-2009, EA17-2011, EA18-2014, EA19-2015, EA20-2023, EA21-2026)",2003,25.35,,
ESTAT:ISOC_CI_IN_H(1.0),16/12/25 11:00:00,Annual,Percentage of households,Single person,"Euro area (EA11-1999, EA12-2001, EA13-2007, EA15-2008, EA16-2009, EA17-2011, EA18-2014, EA19-2015, EA20-2023, EA21-2026)",2004,31.85,,
ESTAT:ISOC_CI_IN_H(1.0),16/12/25 11:00:00,Annual,Percentage of households,Single person,"Euro area (EA11-1999, EA12-2001, EA13-2007, EA15-2008, EA16-2009, EA17-2011, EA18-2014, EA19-2015, EA20-2023, EA21-2026)",2005,37.53,,
ESTAT:ISOC_CI_IN_H(1.0),16/12/25 11:00:00,Annual,Percentage of households,Single person,"Euro area (EA11-1999, EA12-2001, EA13-2007, EA15-2008, EA16-2009, EA17-2011, EA18-2014, EA19-2015, EA20-2023, EA21-2026)",2006,36.13,,
ESTAT:ISOC_CI_IN_H(1.0),16/12/25 11:00:00,Annual,Percentage of households,Single person,"Euro area (EA11-1999, EA12-2001, EA13-2007, EA15-2008, EA16-2009, EA17-2011, EA18-2014, EA19-2015, EA20-2023, EA21-2026)",2007,43.18,,
ESTAT:ISOC_CI_IN_H(1.0),16/12/25 11:00:00,Annual,Percentage of households,Single person,"Euro area (EA11-1999, EA12-2001, EA13-2007, EA15-2008, EA16-2009, EA17-2011, EA18-2014, EA19-2015, EA20-2023, EA21-2026)",2008,46.86,,
ESTAT:ISOC_CI_IN_H(1.0),16/12/25 11:00:00,Annual,Percentage of households,Single person,"Euro area (EA11-1999, EA12-2001, EA13-2007, EA15-2008, EA16-2009, EA17-2011, EA18-2014, EA19-2015, EA20-2023, EA21-2026)",2009,52.95,,
ESTAT:ISOC_CI_IN_H(1.0),16/12/25 11:00:00,Annual,Percentage of households,Single person,"Euro area (EA11-1999, EA12-2001, EA13-2007, EA15-2008, EA16-2009, EA17-2011, EA18-2014, EA19-2015, EA20-2023, EA21-2026)",2010,57.99,,
ESTAT:ISOC_CI_IN_H(1.0),16/12/25 11:00:00,Annual,Percentage of households,Single person,"Euro area (EA11-1999, EA12-2001, EA13-2007, EA15-2008, EA16-2009, EA17-2011, EA18-2014, EA19-2015, EA20-2023, EA21-2026)",2011,59.40,,
ESTAT:ISOC_CI_IN_H(1.0),16/12/25 11:00:00,Annual,Percentage of households,Single person,"Euro area (EA11-1999, EA12-2001, EA13-2007, EA15-2008, EA16-2009, EA17-2011, EA18-2014, EA19-2015, EA20-2023, EA21-2026)",2012,63.34,,
ESTAT:ISOC_CI_IN_H(1.0),16/12/25 11:00:00,Annual,Percentage of households,Single person,"Euro area (EA11-1999, EA12-2001, EA13-2007, EA15-2008, EA16-2009, EA17-2011, EA18-2014, EA19-2015, EA20-2023, EA21-2026)",2013,67.22,,
ESTAT:ISOC_CI_IN_H(1.0),16/12/25 11:00:00,Annual,Percentage of households,Single person,"Euro area (EA11-1999, EA12-2001, EA13-2007, EA15-2008, EA16-2009, EA17-2011, EA18-2014, EA19-2015, EA20-2023, EA21-2026)",2014,70.06,,
ESTAT:ISOC_CI_IN_H(1.0),16/12/25 11:00:00,Annual,Percentage of households,Single person,"Euro area (EA11-1999, EA12-2001, EA13-2007, EA15-2008, EA16-2009, EA17-2011, EA18-2014, EA19-2015, EA20-2023, EA21-2026)",2015,71.27,,
ESTAT:ISOC_CI_IN_H(1.0),16/12/25 11:00:00,Annual,Percentage of households,Single person,"Euro area (EA11-1999, EA12-2001, EA13-2007, EA15-2008, EA16-2009, EA17-2011, EA18-2014, EA19-2015, EA20-2023, EA21-2026)",2016,75.24,,
ESTAT:ISOC_CI_IN_H(1.0),16/12/25 11:00:00,Annual,Percentage of households,Single person,"Euro area (EA11-1999, EA12-2001, EA13-2007, EA15-2008, EA16-2009, EA17-2011, EA18-2014, EA19-2015, EA20-2023, EA21-2026)",2017,77.85,,
ESTAT:ISOC_CI_IN_H(1.0),16/12/25 11:00:00,Annual,Percentage of households,Single person,"Euro area (EA11-1999, EA12-2001, EA13-2007, EA15-2008, EA16-2009, EA17-2011, EA18-2014, EA19-2015, EA20-2023, EA21-2026)",2018,81.30,,
ESTAT:ISOC_CI_IN_H(1.0),16/12/25 11:00:00,Annual,Percentage of households,Single person,"Euro area (EA11-1999, EA12-2001, EA13-2007, EA15-2008, EA16-2009, EA17-2011, EA18-2014, EA19-2015, EA20-2023, EA21-2026)",2019,83.69,,
ESTAT:ISOC_CI_IN_H(1.0),16/12/25 11:00:00,Annual,Percentage of households,Single person,"Euro area (EA11-1999, EA12-2001, EA13-2007, EA15-2008, EA16-2009, EA17-2011, EA18-2014, EA19-2015, EA20-2023, EA21-2026)",2020,85.54,e,
ESTAT:ISOC_CI_IN_H(1.0),16/12/25 11:00:00,Annual,Percentage of households,Single person,"Euro area (EA11-1999, EA12-2001, EA13-2007, EA15-2008, EA16-2009, EA17-2011, EA18-2014, EA19-2015, EA20-2023, EA21-2026)",2021,86.41,b,
ESTAT:ISOC_CI_IN_H(1.0),16/12/25 11:00:00,Annual,Percentage of households,Single person,"Euro area (EA11-1999, EA12-2001, EA13-2007, EA15-2008, EA16-2009, EA17-2011, EA18-2014, EA19-2015, EA20-2023, EA21-2026)",2022,86.88,,
ESTAT:ISOC_CI_IN_H(1.0),16/12/25 11:00:00,Annual,Percentage of households,Single person,"Euro area (EA11-1999, EA12-2001, EA13-2007, EA15-2008, EA16-2009, EA17-2011, EA18-2014, EA19-2015, EA20-2023, EA21-2026)",2023,87.62,,
ESTAT:ISOC_CI_IN_H(1.0),16/12/25 11:00:00,Annual,Percentage of households,Single person,"Euro area (EA11-1999, EA12-2001, EA13-2007, EA15-2008, EA16-2009, EA17-2011, EA18-2014, EA19-2015, EA20-2023, EA21-2026)",2024,89.12,,
ESTAT:ISOC_CI_IN_H(1.0),16/12/25 11:00:00,Annual,Percentage of households,Single person,"Euro area (EA11-1999, EA12-2001, EA13-2007, EA15-2008, EA16-2009, EA17-2011, EA18-2014, EA19-2015, EA20-2023, EA21-2026)",2025,89.99,,
ESTAT:ISOC_CI_IN_H(1.0),16/12/25 11:00:00,Annual,Percentage of households,Single person,Estonia,2004,11.25,,
ESTAT:ISOC_CI_IN_H(1.0),16/12/25 11:00:00,Annual,Percentage of households,Single person,Estonia,2005,22.16,,
ESTAT:ISOC_CI_IN_H(1.0),16/12/25 11:00:00,Annual,Percentage of households,Single person,Estonia,2006,23.36,,
ESTAT:ISOC_CI_IN_H(1.0),16/12/25 11:00:00,Annual,Percentage of households,Single person,Estonia,2007,30.81,,
ESTAT:ISOC_CI_IN_H(1.0),16/12/25 11:00:00,Annual,Percentage of households,Single person,Estonia,2008,35.37,,
ESTAT:ISOC_CI_IN_H(1.0),16/12/25 11:00:00,Annual,Percentage of households,Single person,Estonia,2009,34.99,,
ESTAT:ISOC_CI_IN_H(1.0),16/12/25 11:00:00,Annual,Percentage of households,Single person,Estonia,2010,42.95,,
ESTAT:ISOC_CI_IN_H(1.0),16/12/25 11:00:00,Annual,Percentage of households,Single person,Estonia,2011,48.85,,
ESTAT:ISOC_CI_IN_H(1.0),16/12/25 11:00:00,Annual,Percentage of households,Single person,Estonia,2012,56.28,,
ESTAT:ISOC_CI_IN_H(1.0),16/12/25 11:00:00,Annual,Percentage of households,Single person,Estonia,2013,62.40,,
ESTAT:ISOC_CI_IN_H(1.0),16/12/25 11:00:00,Annual,Percentage of households,Single person,Estonia,2014,70.93,b,
ESTAT:ISOC_CI_IN_H(1.0),16/12/25 11:00:00,Annual,Percentage of households,Single person,Estonia,2015,76.80,,
ESTAT:ISOC_CI_IN_H(1.0),16/12/25 11:00:00,Annual,Percentage of households,Single person,Estonia,2016,72.35,,
ESTAT:ISOC_CI_IN_H(1.0),16/12/25 11:00:00,Annual,Percentage of households,Single person,Estonia,2017,78.20,,
ESTAT:ISOC_CI_IN_H(1.0),16/12/25 11:00:00,Annual,Percentage of households,Single person,Estonia,2018,80.43,,
ESTAT:ISOC_CI_IN_H(1.0),16/12/25 11:00:00,Annual,Percentage of households,Single person,Estonia,2019,82.38,,
ESTAT:ISOC_CI_IN_H(1.0),16/12/25 11:00:00,Annual,Percentage of households,Single person,Estonia,2020,79.90,,
ESTAT:ISOC_CI_IN_H(1.0),16/12/25 11:00:00,Annual,Percentage of households,Single person,Estonia,2021,83.61,,
ESTAT:ISOC_CI_IN_H(1.0),16/12/25 11:00:00,Annual,Percentage of households,Single person,Estonia,2022,85.58,,
ESTAT:ISOC_CI_IN_H(1.0),16/12/25 11:00:00,Annual,Percentage of households,Single person,Estonia,2023,86.96,,
ESTAT:ISOC_CI_IN_H(1.0),16/12/25 11:00:00,Annual,Percentage of households,Single person,Estonia,2024,85.82,,
ESTAT:ISOC_CI_IN_H(1.0),16/12/25 11:00:00,Annual,Percentage of households,Single person,Estonia,2025,91.24,,
ESTAT:ISOC_CI_IN_H(1.0),16/12/25 11:00:00,Annual,Percentage of households,Single person,Greece,2002,8.27,,
ESTAT:ISOC_CI_IN_H(1.0),16/12/25 11:00:00,Annual,Percentage of households,Single person,Greece,2003,11.54,,
ESTAT:ISOC_CI_IN_H(1.0),16/12/25 11:00:00,Annual,Percentage of households,Single person,Greece,2004,11.03,,
ESTAT:ISOC_CI_IN_H(1.0),16/12/25 11:00:00,Annual,Percentage of households,Single person,Greece,2005,15.23,,
ESTAT:ISOC_CI_IN_H(1.0),16/12/25 11:00:00,Annual,Percentage of households,Single person,Greece,2006,12.98,,
ESTAT:ISOC_CI_IN_H(1.0),16/12/25 11:00:00,Annual,Percentage of households,Single person,Greece,2007,15.01,,
ESTAT:ISOC_CI_IN_H(1.0),16/12/25 11:00:00,Annual,Percentage of households,Single person,Greece,2008,19.07,,
ESTAT:ISOC_CI_IN_H(1.0),16/12/25 11:00:00,Annual,Percentage of households,Single person,Greece,2009,22.15,,
ESTAT:ISOC_CI_IN_H(1.0),16/12/25 11:00:00,Annual,Percentage of households,Single person,Greece,2010,35.16,,
ESTAT:ISOC_CI_IN_H(1.0),16/12/25 11:00:00,Annual,Percentage of households,Single person,Greece,2011,34.69,,
ESTAT:ISOC_CI_IN_H(1.0),16/12/25 11:00:00,Annual,Percentage of households,Single person,Greece,2012,35.85,,
ESTAT:ISOC_CI_IN_H(1.0),16/12/25 11:00:00,Annual,Percentage of households,Single person,Greece,2013,40.08,,
ESTAT:ISOC_CI_IN_H(1.0),16/12/25 11:00:00,Annual,Percentage of households,Single person,Greece,2014,55.20,,
ESTAT:ISOC_CI_IN_H(1.0),16/12/25 11:00:00,Annual,Percentage of households,Single person,Greece,2015,56.21,,
ESTAT:ISOC_CI_IN_H(1.0),16/12/25 11:00:00,Annual,Percentage of households,Single person,Greece,2016,49.06,,
ESTAT:ISOC_CI_IN_H(1.0),16/12/25 11:00:00,Annual,Percentage of households,Single person,Greece,2017,55.94,,
ESTAT:ISOC_CI_IN_H(1.0),16/12/25 11:00:00,Annual,Percentage of households,Single person,Greece,2018,59.11,,
ESTAT:ISOC_CI_IN_H(1.0),16/12/25 11:00:00,Annual,Percentage of households,Single person,Greece,2019,62.08,,
ESTAT:ISOC_CI_IN_H(1.0),16/12/25 11:00:00,Annual,Percentage of households,Single person,Greece,2020,62.56,,
ESTAT:ISOC_CI_IN_H(1.0),16/12/25 11:00:00,Annual,Percentage of households,Single person,Greece,2021,75.01,,
ESTAT:ISOC_CI_IN_H(1.0),16/12/25 11:00:00,Annual,Percentage of households,Single person,Greece,2022,73.62,,
ESTAT:ISOC_CI_IN_H(1.0),16/12/25 11:00:00,Annual,Percentage of households,Single person,Greece,2023,77.81,,
ESTAT:ISOC_CI_IN_H(1.0),16/12/25 11:00:00,Annual,Percentage of households,Single person,Greece,2024,81.16,,
ESTAT:ISOC_CI_IN_H(1.0),16/12/25 11:00:00,Annual,Percentage of households,Single person,Greece,2025,82.70,,
ESTAT:ISOC_CI_IN_H(1.0),16/12/25 11:00:00,Annual,Percentage of households,Single person,Spain,2003,11.92,,
ESTAT:ISOC_CI_IN_H(1.0),16/12/25 11:00:00,Annual,Percentage of households,Single person,Spain,2004,15.43,,
ESTAT:ISOC_CI_IN_H(1.0),16/12/25 11:00:00,Annual,Percentage of households,Single person,Spain,2005,17.48,,
ESTAT:ISOC_CI_IN_H(1.0),16/12/25 11:00:00,Annual,Percentage of households,Single person,Spain,2006,20.13,,
ESTAT:ISOC_CI_IN_H(1.0),16/12/25 11:00:00,Annual,Percentage of households,Single person,Spain,2007,23.21,,
ESTAT:ISOC_CI_IN_H(1.0),16/12/25 11:00:00,Annual,Percentage of households,Single person,Spain,2008,27.21,,
ESTAT:ISOC_CI_IN_H(1.0),16/12/25 11:00:00,Annual,Percentage of households,Single person,Spain,2009,30.50,,
ESTAT:ISOC_CI_IN_H(1.0),16/12/25 11:00:00,Annual,Percentage of households,Single person,Spain,2010,32.74,,
ESTAT:ISOC_CI_IN_H(1.0),16/12/25 11:00:00,Annual,Percentage of households,Single person,Spain,2011,39.76,,
ESTAT:ISOC_CI_IN_H(1.0),16/12/25 11:00:00,Annual,Percentage of households,Single person,Spain,2012,44.51,,
ESTAT:ISOC_CI_IN_H(1.0),16/12/25 11:00:00,Annual,Percentage of households,Single person,Spain,2013,48.43,,
ESTAT:ISOC_CI_IN_H(1.0),16/12/25 11:00:00,Annual,Percentage of households,Single person,Spain,2014,54.89,,
ESTAT:ISOC_CI_IN_H(1.0),16/12/25 11:00:00,Annual,Percentage of households,Single person,Spain,2015,61.75,,
ESTAT:ISOC_CI_IN_H(1.0),16/12/25 11:00:00,Annual,Percentage of households,Single person,Spain,2016,64.67,,
ESTAT:ISOC_CI_IN_H(1.0),16/12/25 11:00:00,Annual,Percentage of households,Single person,Spain,2017,70.27,,
ESTAT:ISOC_CI_IN_H(1.0),16/12/25 11:00:00,Annual,Percentage of households,Single person,Spain,2018,75.53,,
ESTAT:ISOC_CI_IN_H(1.0),16/12/25 11:00:00,Annual,Percentage of households,Single person,Spain,2019,84.83,,
ESTAT:ISOC_CI_IN_H(1.0),16/12/25 11:00:00,Annual,Percentage of households,Single person,Spain,2020,89.10,,
ESTAT:ISOC_CI_IN_H(1.0),16/12/25 11:00:00,Annual,Percentage of households,Single person,Spain,2021,92.11,,
ESTAT:ISOC_CI_IN_H(1.0),16/12/25 11:00:00,Annual,Percentage of households,Single person,Spain,2022,92.90,,
ESTAT:ISOC_CI_IN_H(1.0),16/12/25 11:00:00,Annual,Percentage of households,Single person,Spain,2023,94.33,,
ESTAT:ISOC_CI_IN_H(1.0),16/12/25 11:00:00,Annual,Percentage of households,Single person,Spain,2024,95.42,,
ESTAT:ISOC_CI_IN_H(1.0),16/12/25 11:00:00,Annual,Percentage of households,Single person,Spain,2025,95.19,,
ESTAT:ISOC_CI_IN_H(1.0),16/12/25 11:00:00,Annual,Percentage of households,Single person,European Union - 15 countries (1995-2004),2002,23.19,,
ESTAT:ISOC_CI_IN_H(1.0),16/12/25 11:00:00,Annual,Percentage of households,Single person,European Union - 15 countries (1995-2004),2003,27.43,,
ESTAT:ISOC_CI_IN_H(1.0),16/12/25 11:00:00,Annual,Percentage of households,Single person,European Union - 15 countries (1995-2004),2004,32.97,,
ESTAT:ISOC_CI_IN_H(1.0),16/12/25 11:00:00,Annual,Percentage of households,Single person,European Union - 15 countries (1995-2004),2005,38.77,,
ESTAT:ISOC_CI_IN_H(1.0),16/12/25 11:00:00,Annual,Percentage of households,Single person,European Union - 15 countries (1995-2004),2006,38.41,,
ESTAT:ISOC_CI_IN_H(1.0),16/12/25 11:00:00,Annual,Percentage of households,Single person,European Union - 15 countries (1995-2004),2007,45.04,,
ESTAT:ISOC_CI_IN_H(1.0),16/12/25 11:00:00,Annual,Percentage of households,Single person,European Union - 15 countries (1995-2004),2008,48.63,,
ESTAT:ISOC_CI_IN_H(1.0),16/12/25 11:00:00,Annual,Percentage of households,Single person,European Union - 15 countries (1995-2004),2009,54.70,,
ESTAT:ISOC_CI_IN_H(1.0),16/12/25 11:00:00,Annual,Percentage of households,Single person,European Union - 15 countries (1995-2004),2010,59.80,,
ESTAT:ISOC_CI_IN_H(1.0),16/12/25 11:00:00,Annual,Percentage of households,Single person,European Union - 15 countries (1995-2004),2011,61.34,,
ESTAT:ISOC_CI_IN_H(1.0),16/12/25 11:00:00,Annual,Percentage of households,Single person,European Union - 15 countries (1995-2004),2012,65.29,,
ESTAT:ISOC_CI_IN_H(1.0),16/12/25 11:00:00,Annual,Percentage of households,Single person,European Union - 15 countries (1995-2004),2013,71.22,,
ESTAT:ISOC_CI_IN_H(1.0),16/12/25 11:00:00,Annual,Percentage of households,Single person,European Union - 15 countries (1995-2004),2014,71.74,,
ESTAT:ISOC_CI_IN_H(1.0),16/12/25 11:00:00,Annual,Percentage of households,Single person,European Union - 15 countries (1995-2004),2015,73.19,,
ESTAT:ISOC_CI_IN_H(1.0),16/12/25 11:00:00,Annual,Percentage of households,Single person,European Union - 15 countries (1995-2004),2016,77.35,,
ESTAT:ISOC_CI_IN_H(1.0),16/12/25 11:00:00,Annual,Percentage of households,Single person,European Union - 15 countries (1995-2004),2017,79.96,,
ESTAT:ISOC_CI_IN_H(1.0),16/12/25 11:00:00,Annual,Percentage of households,Single person,European Union - 15 countries (1995-2004),2018,82.55,,
ESTAT:ISOC_CI_IN_H(1.0),16/12/25 11:00:00,Annual,Percentage of households,Single person,European Union - 25 countries (2004-2006),2004,29.52,,
ESTAT:ISOC_CI_IN_H(1.0),16/12/25 11:00:00,Annual,Percentage of households,Single person,European Union - 25 countries (2004-2006),2005,34.56,,
ESTAT:ISOC_CI_IN_H(1.0),16/12/25 11:00:00,Annual,Percentage of households,Single person,European Union - 25 countries (2004-2006),2006,35.46,,
ESTAT:ISOC_CI_IN_H(1.0),16/12/25 11:00:00,Annual,Percentage of households,Single person,European Union - 25 countries (2004-2006),2007,41.73,,
ESTAT:ISOC_CI_IN_H(1.0),16/12/25 11:00:00,Annual,Percentage of households,Single person,European Union - 25 countries (2004-2006),2008,45.46,,
ESTAT:ISOC_CI_IN_H(1.0),16/12/25 11:00:00,Annual,Percentage of households,Single person,European Union - 25 countries (2004-2006),2009,51.75,,
ESTAT:ISOC_CI_IN_H(1.0),16/12/25 11:00:00,Annual,Percentage of households,Single person,European Union - 25 countries (2004-2006),2010,56.65,,
ESTAT:ISOC_CI_IN_H(1.0),16/12/25 11:00:00,Annual,Percentage of households,Single person,European Union - 27 countries (2007-2013),2004,29.18,,
ESTAT:ISOC_CI_IN_H(1.0),16/12/25 11:00:00,Annual,Percentage of households,Single person,European Union - 27 countries (2007-2013),2005,34.56,,
ESTAT:ISOC_CI_IN_H(1.0),16/12/25 11:00:00,Annual,Percentage of households,Single person,European Union - 27 countries (2007-2013),2006,34.49,,
ESTAT:ISOC_CI_IN_H(1.0),16/12/25 11:00:00,Annual,Percentage of households,Single person,European Union - 27 countries (2007-2013),2007,40.45,,
ESTAT:ISOC_CI_IN_H(1.0),16/12/25 11:00:00,Annual,Percentage of households,Single person,European Union - 27 countries (2007-2013),2008,44.14,,
ESTAT:ISOC_CI_IN_H(1.0),16/12/25 11:00:00,Annual,Percentage of households,Single person,European Union - 27 countries (2007-2013),2009,50.29,,
ESTAT:ISOC_CI_IN_H(1.0),16/12/25 11:00:00,Annual,Percentage of households,Single person,European Union - 27 countries (2007-2013),2010,55.13,,
ESTAT:ISOC_CI_IN_H(1.0),16/12/25 11:00:00,Annual,Percentage of households,Single person,European Union - 27 countries (2007-2013),2011,57.04,,
ESTAT:ISOC_CI_IN_H(1.0),16/12/25 11:00:00,Annual,Percentage of households,Single person,European Union - 27 countries (2007-2013),2012,61.24,,
ESTAT:ISOC_CI_IN_H(1.0),16/12/25 11:00:00,Annual,Percentage of households,Single person,European Union - 27 countries (2007-2013),2013,67.04,,
ESTAT:ISOC_CI_IN_H(1.0),16/12/25 11:00:00,Annual,Percentage of households,Single person,European Union - 27 countries (2007-2013),2014,67.85,,
ESTAT:ISOC_CI_IN_H(1.0),16/12/25 11:00:00,Annual,Percentage of households,Single person,European Union - 27 countries (2007-2013),2015,69.50,,
ESTAT:ISOC_CI_IN_H(1.0),16/12/25 11:00:00,Annual,Percentage of households,Single person,European Union - 27 countries (2007-2013),2016,73.91,,
ESTAT:ISOC_CI_IN_H(1.0),16/12/25 11:00:00,Annual,Percentage of households,Single person,European Union - 27 countries (2007-2013),2017,76.59,,
ESTAT:ISOC_CI_IN_H(1.0),16/12/25 11:00:00,Annual,Percentage of households,Single person,European Union - 27 countries (2007-2013),2018,79.61,,
ESTAT:ISOC_CI_IN_H(1.0),16/12/25 11:00:00,Annual,Percentage of households,Single person,European Union - 27 countries (from 2020),2007,39.29,,
ESTAT:ISOC_CI_IN_H(1.0),16/12/25 11:00:00,Annual,Percentage of households,Single person,European Union - 27 countries (from 2020),2008,43.28,,
ESTAT:ISOC_CI_IN_H(1.0),16/12/25 11:00:00,Annual,Percentage of households,Single person,European Union - 27 countries (from 2020),2009,49.57,,
ESTAT:ISOC_CI_IN_H(1.0),16/12/25 11:00:00,Annual,Percentage of households,Single person,European Union - 27 countries (from 2020),2010,54.23,,
ESTAT:ISOC_CI_IN_H(1.0),16/12/25 11:00:00,Annual,Percentage of households,Single person,European Union - 27 countries (from 2020),2011,56.01,,
ESTAT:ISOC_CI_IN_H(1.0),16/12/25 11:00:00,Annual,Percentage of households,Single person,European Union - 27 countries (from 2020),2012,60.12,,
ESTAT:ISOC_CI_IN_H(1.0),16/12/25 11:00:00,Annual,Percentage of households,Single person,European Union - 27 countries (from 2020),2013,63.93,,
ESTAT:ISOC_CI_IN_H(1.0),16/12/25 11:00:00,Annual,Percentage of households,Single person,European Union - 27 countries (from 2020),2014,66.84,,
ESTAT:ISOC_CI_IN_H(1.0),16/12/25 11:00:00,Annual,Percentage of households,Single person,European Union - 27 countries (from 2020),2015,68.64,,
ESTAT:ISOC_CI_IN_H(1.0),16/12/25 11:00:00,Annual,Percentage of households,Single person,European Union - 27 countries (from 2020),2016,72.85,,
ESTAT:ISOC_CI_IN_H(1.0),16/12/25 11:00:00,Annual,Percentage of households,Single person,European Union - 27 countries (from 2020),2017,75.33,,
ESTAT:ISOC_CI_IN_H(1.0),16/12/25 11:00:00,Annual,Percentage of households,Single person,European Union - 27 countries (from 2020),2018,78.78,,
ESTAT:ISOC_CI_IN_H(1.0),16/12/25 11:00:00,Annual,Percentage of households,Single person,European Union - 27 countries (from 2020),2019,81.70,,
ESTAT:ISOC_CI_IN_H(1.0),16/12/25 11:00:00,Annual,Percentage of households,Single person,European Union - 27 countries (from 2020),2020,83.55,e,
ESTAT:ISOC_CI_IN_H(1.0),16/12/25 11:00:00,Annual,Percentage of households,Single person,European Union - 27 countries (from 2020),2021,85.09,b,
ESTAT:ISOC_CI_IN_H(1.0),16/12/25 11:00:00,Annual,Percentage of households,Single person,European Union - 27 countries (from 2020),2022,85.93,,
ESTAT:ISOC_CI_IN_H(1.0),16/12/25 11:00:00,Annual,Percentage of households,Single person,European Union - 27 countries (from 2020),2023,86.95,,
ESTAT:ISOC_CI_IN_H(1.0),16/12/25 11:00:00,Annual,Percentage of households,Single person,European Union - 27 countries (from 2020),2024,89.04,,
ESTAT:ISOC_CI_IN_H(1.0),16/12/25 11:00:00,Annual,Percentage of households,Single person,European Union - 27 countries (from 2020),2025,90.07,,
ESTAT:ISOC_CI_IN_H(1.0),16/12/25 11:00:00,Annual,Percentage of households,Single person,European Union - 28 countries (2013-2020),2007,40.27,,
ESTAT:ISOC_CI_IN_H(1.0),16/12/25 11:00:00,Annual,Percentage of households,Single person,European Union - 28 countries (2013-2020),2008,43.98,,
ESTAT:ISOC_CI_IN_H(1.0),16/12/25 11:00:00,Annual,Percentage of households,Single person,European Union - 28 countries (2013-2020),2009,50.11,,
ESTAT:ISOC_CI_IN_H(1.0),16/12/25 11:00:00,Annual,Percentage of households,Single person,European Union - 28 countries (2013-2020),2010,54.92,,
ESTAT:ISOC_CI_IN_H(1.0),16/12/25 11:00:00,Annual,Percentage of households,Single person,European Union - 28 countries (2013-2020),2011,56.87,,
ESTAT:ISOC_CI_IN_H(1.0),16/12/25 11:00:00,Annual,Percentage of households,Single person,European Union - 28 countries (2013-2020),2012,61.06,,
ESTAT:ISOC_CI_IN_H(1.0),16/12/25 11:00:00,Annual,Percentage of households,Single person,European Union - 28 countries (2013-2020),2013,66.78,,
ESTAT:ISOC_CI_IN_H(1.0),16/12/25 11:00:00,Annual,Percentage of households,Single person,European Union - 28 countries (2013-2020),2014,67.71,,
ESTAT:ISOC_CI_IN_H(1.0),16/12/25 11:00:00,Annual,Percentage of households,Single person,European Union - 28 countries (2013-2020),2015,69.43,,
ESTAT:ISOC_CI_IN_H(1.0),16/12/25 11:00:00,Annual,Percentage of households,Single person,European Union - 28 countries (2013-2020),2016,73.81,,
ESTAT:ISOC_CI_IN_H(1.0),16/12/25 11:00:00,Annual,Percentage of households,Single person,European Union - 28 countries (2013-2020),2017,76.46,,
ESTAT:ISOC_CI_IN_H(1.0),16/12/25 11:00:00,Annual,Percentage of households,Single person,European Union - 28 countries (2013-2020),2018,79.53,,
ESTAT:ISOC_CI_IN_H(1.0),16/12/25 11:00:00,Annual,Percentage of households,Single person,European Union - 28 countries (2013-2020),2019,82.66,,
ESTAT:ISOC_CI_IN_H(1.0),16/12/25 11:00:00,Annual,Percentage of households,Single person,Finland,2002,27.64,,
ESTAT:ISOC_CI_IN_H(1.0),16/12/25 11:00:00,Annual,Percentage of households,Single person,Finland,2003,30.23,,
ESTAT:ISOC_CI_IN_H(1.0),16/12/25 11:00:00,Annual,Percentage of households,Single person,Finland,2004,33.31,,
ESTAT:ISOC_CI_IN_H(1.0),16/12/25 11:00:00,Annual,Percentage of households,Single person,Finland,2005,34.76,,
ESTAT:ISOC_CI_IN_H(1.0),16/12/25 11:00:00,Annual,Percentage of households,Single person,Finland,2006,45.30,,
ESTAT:ISOC_CI_IN_H(1.0),16/12/25 11:00:00,Annual,Percentage of households,Single person,Finland,2007,51.05,,
ESTAT:ISOC_CI_IN_H(1.0),16/12/25 11:00:00,Annual,Percentage of households,Single person,Finland,2008,52.76,,
ESTAT:ISOC_CI_IN_H(1.0),16/12/25 11:00:00,Annual,Percentage of households,Single person,Finland,2009,62.61,,
ESTAT:ISOC_CI_IN_H(1.0),16/12/25 11:00:00,Annual,Percentage of households,Single person,Finland,2010,66.52,,
ESTAT:ISOC_CI_IN_H(1.0),16/12/25 11:00:00,Annual,Percentage of households,Single person,Finland,2011,72.13,,
ESTAT:ISOC_CI_IN_H(1.0),16/12/25 11:00:00,Annual,Percentage of households,Single person,Finland,2012,77.55,,
ESTAT:ISOC_CI_IN_H(1.0),16/12/25 11:00:00,Annual,Percentage of households,Single person,Finland,2013,80.43,,
ESTAT:ISOC_CI_IN_H(1.0),16/12/25 11:00:00,Annual,Percentage of households,Single person,Finland,2014,81.25,,
ESTAT:ISOC_CI_IN_H(1.0),16/12/25 11:00:00,Annual,Percentage of households,Single person,Finland,2015,81.61,,
ESTAT:ISOC_CI_IN_H(1.0),16/12/25 11:00:00,Annual,Percentage of households,Single person,Finland,2016,84.19,,
ESTAT:ISOC_CI_IN_H(1.0),16/12/25 11:00:00,Annual,Percentage of households,Single person,Finland,2017,88.82,,
ESTAT:ISOC_CI_IN_H(1.0),16/12/25 11:00:00,Annual,Percentage of households,Single person,Finland,2018,89.53,,
ESTAT:ISOC_CI_IN_H(1.0),16/12/25 11:00:00,Annual,Percentage of households,Single person,Finland,2019,90.71,,
ESTAT:ISOC_CI_IN_H(1.0),16/12/25 11:00:00,Annual,Percentage of households,Single person,Finland,2020,92.40,,
ESTAT:ISOC_CI_IN_H(1.0),16/12/25 11:00:00,Annual,Percentage of households,Single person,Finland,2021,93.78,,
ESTAT:ISOC_CI_IN_H(1.0),16/12/25 11:00:00,Annual,Percentage of households,Single person,Finland,2022,95.88,,
ESTAT:ISOC_CI_IN_H(1.0),16/12/25 11:00:00,Annual,Percentage of households,Single person,Finland,2023,94.92,,
ESTAT:ISOC_CI_IN_H(1.0),16/12/25 11:00:00,Annual,Percentage of households,Single person,Finland,2024,95.11,,
ESTAT:ISOC_CI_IN_H(1.0),16/12/25 11:00:00,Annual,Percentage of households,Single person,Finland,2025,96.31,,
ESTAT:ISOC_CI_IN_H(1.0),16/12/25 11:00:00,Annual,Percentage of households,Single person,France,2002,10.18,,
ESTAT:ISOC_CI_IN_H(1.0),16/12/25 11:00:00,Annual,Percentage of households,Single person,France,2003,13.66,,
ESTAT:ISOC_CI_IN_H(1.0),16/12/25 11:00:00,Annual,Percentage of households,Single person,France,2004,20.28,,
ESTAT:ISOC_CI_IN_H(1.0),16/12/25 11:00:00,Annual,Percentage of households,Single person,France,2006,24.97,,
ESTAT:ISOC_CI_IN_H(1.0),16/12/25 11:00:00,Annual,Percentage of households,Single person,France,2007,38.75,,
ESTAT:ISOC_CI_IN_H(1.0),16/12/25 11:00:00,Annual,Percentage of households,Single person,France,2008,43.74,,
ESTAT:ISOC_CI_IN_H(1.0),16/12/25 11:00:00,Annual,Percentage of households,Single person,France,2009,51.36,,
ESTAT:ISOC_CI_IN_H(1.0),16/12/25 11:00:00,Annual,Percentage of households,Single person,France,2010,57.69,,
ESTAT:ISOC_CI_IN_H(1.0),16/12/25 11:00:00,Annual,Percentage of households,Single person,France,2011,55.74,,
ESTAT:ISOC_CI_IN_H(1.0),16/12/25 11:00:00,Annual,Percentage of households,Single person,France,2012,63.58,,
ESTAT:ISOC_CI_IN_H(1.0),16/12/25 11:00:00,Annual,Percentage of households,Single person,France,2013,66.18,,
ESTAT:ISOC_CI_IN_H(1.0),16/12/25 11:00:00,Annual,Percentage of households,Single person,France,2014,67.28,,
ESTAT:ISOC_CI_IN_H(1.0),16/12/25 11:00:00,Annual,Percentage of households,Single person,France,2015,66.31,,
ESTAT:ISOC_CI_IN_H(1.0),16/12/25 11:00:00,Annual,Percentage of households,Single person,France,2016,73.51,,
ESTAT:ISOC_CI_IN_H(1.0),16/12/25 11:00:00,Annual,Percentage of households,Single person,France,2017,73.76,,
ESTAT:ISOC_CI_IN_H(1.0),16/12/25 11:00:00,Annual,Percentage of households,Single person,France,2018,77.91,,
ESTAT:ISOC_CI_IN_H(1.0),16/12/25 11:00:00,Annual,Percentage of households,Single person,France,2019,81.61,,
ESTAT:ISOC_CI_IN_H(1.0),16/12/25 11:00:00,Annual,Percentage of households,Single person,France,2021,86.01,,
ESTAT:ISOC_CI_IN_H(1.0),16/12/25 11:00:00,Annual,Percentage of households,Single person,France,2022,86.33,,
ESTAT:ISOC_CI_IN_H(1.0),16/12/25 11:00:00,Annual,Percentage of households,Single person,France,2023,87.08,,
ESTAT:ISOC_CI_IN_H(1.0),16/12/25 11:00:00,Annual,Percentage of households,Single person,France,2024,89.73,,
ESTAT:ISOC_CI_IN_H(1.0),16/12/25 11:00:00,Annual,Percentage of households,Single person,France,2025,89.81,,
ESTAT:ISOC_CI_IN_H(1.0),16/12/25 11:00:00,Annual,Percentage of households,Single person,Croatia,2007,12.49,,
ESTAT:ISOC_CI_IN_H(1.0),16/12/25 11:00:00,Annual,Percentage of households,Single person,Croatia,2008,19.34,,
ESTAT:ISOC_CI_IN_H(1.0),16/12/25 11:00:00,Annual,Percentage of households,Single person,Croatia,2009,22.16,,
ESTAT:ISOC_CI_IN_H(1.0),16/12/25 11:00:00,Annual,Percentage of households,Single person,Croatia,2010,20.47,,
ESTAT:ISOC_CI_IN_H(1.0),16/12/25 11:00:00,Annual,Percentage of households,Single person,Croatia,2011,28.79,,
ESTAT:ISOC_CI_IN_H(1.0),16/12/25 11:00:00,Annual,Percentage of households,Single person,Croatia,2012,30.58,,
ESTAT:ISOC_CI_IN_H(1.0),16/12/25 11:00:00,Annual,Percentage of households,Single person,Croatia,2013,30.94,,
ESTAT:ISOC_CI_IN_H(1.0),16/12/25 11:00:00,Annual,Percentage of households,Single person,Croatia,2014,31.30,,
ESTAT:ISOC_CI_IN_H(1.0),16/12/25 11:00:00,Annual,Percentage of households,Single person,Croatia,2015,35.08,,
ESTAT:ISOC_CI_IN_H(1.0),16/12/25 11:00:00,Annual,Percentage of households,Single person,Croatia,2016,39.25,,
ESTAT:ISOC_CI_IN_H(1.0),16/12/25 11:00:00,Annual,Percentage of households,Single person,Croatia,2017,32.21,,
ESTAT:ISOC_CI_IN_H(1.0),16/12/25 11:00:00,Annual,Percentage of households,Single person,Croatia,2018,49.78,,
ESTAT:ISOC_CI_IN_H(1.0),16/12/25 11:00:00,Annual,Percentage of households,Single person,Croatia,2019,43.31,,
ESTAT:ISOC_CI_IN_H(1.0),16/12/25 11:00:00,Annual,Percentage of households,Single person,Croatia,2020,64.09,,
ESTAT:ISOC_CI_IN_H(1.0),16/12/25 11:00:00,Annual,Percentage of households,Single person,Croatia,2021,62.82,,
ESTAT:ISOC_CI_IN_H(1.0),16/12/25 11:00:00,Annual,Percentage of households,Single person,Croatia,2022,64.21,,
ESTAT:ISOC_CI_IN_H(1.0),16/12/25 11:00:00,Annual,Percentage of households,Single person,Croatia,2023,69.35,,
ESTAT:ISOC_CI_IN_H(1.0),16/12/25 11:00:00,Annual,Percentage of households,Single person,Croatia,2024,74.35,,
ESTAT:ISOC_CI_IN_H(1.0),16/12/25 11:00:00,Annual,Percentage of households,Single person,Croatia,2025,71.80,,
ESTAT:ISOC_CI_IN_H(1.0),16/12/25 11:00:00,Annual,Percentage of households,Single person,Hungary,2004,3.99,,
ESTAT:ISOC_CI_IN_H(1.0),16/12/25 11:00:00,Annual,Percentage of households,Single person,Hungary,2005,11.35,,
ESTAT:ISOC_CI_IN_H(1.0),16/12/25 11:00:00,Annual,Percentage of households,Single person,Hungary,2006,16.83,,
ESTAT:ISOC_CI_IN_H(1.0),16/12/25 11:00:00,Annual,Percentage of households,Single person,Hungary,2007,20.02,,
ESTAT:ISOC_CI_IN_H(1.0),16/12/25 11:00:00,Annual,Percentage of households,Single person,Hungary,2008,23.11,,
ESTAT:ISOC_CI_IN_H(1.0),16/12/25 11:00:00,Annual,Percentage of households,Single person,Hungary,2009,29.91,,
ESTAT:ISOC_CI_IN_H(1.0),16/12/25 11:00:00,Annual,Percentage of households,Single person,Hungary,2010,32.47,,
ESTAT:ISOC_CI_IN_H(1.0),16/12/25 11:00:00,Annual,Percentage of households,Single person,Hungary,2011,37.38,,
ESTAT:ISOC_CI_IN_H(1.0),16/12/25 11:00:00,Annual,Percentage of households,Single person,Hungary,2012,40.56,,
ESTAT:ISOC_CI_IN_H(1.0),16/12/25 11:00:00,Annual,Percentage of households,Single person,Hungary,2013,44.35,,
ESTAT:ISOC_CI_IN_H(1.0),16/12/25 11:00:00,Annual,Percentage of households,Single person,Hungary,2014,47.61,,
ESTAT:ISOC_CI_IN_H(1.0),16/12/25 11:00:00,Annual,Percentage of households,Single person,Hungary,2015,52.60,,
ESTAT:ISOC_CI_IN_H(1.0),16/12/25 11:00:00,Annual,Percentage of households,Single person,Hungary,2016,59.96,,
ESTAT:ISOC_CI_IN_H(1.0),16/12/25 11:00:00,Annual,Percentage of households,Single person,Hungary,2017,65.76,,
ESTAT:ISOC_CI_IN_H(1.0),16/12/25 11:00:00,Annual,Percentage of households,Single person,Hungary,2018,66.92,,
ESTAT:ISOC_CI_IN_H(1.0),16/12/25 11:00:00,Annual,Percentage of households,Single person,Hungary,2019,71.25,,
ESTAT:ISOC_CI_IN_H(1.0),16/12/25 11:00:00,Annual,Percentage of households,Single person,Hungary,2020,73.73,,
ESTAT:ISOC_CI_IN_H(1.0),16/12/25 11:00:00,Annual,Percentage of households,Single person,Hungary,2021,81.05,,
ESTAT:ISOC_CI_IN_H(1.0),16/12/25 11:00:00,Annual,Percentage of households,Single person,Hungary,2022,80.09,,
ESTAT:ISOC_CI_IN_H(1.0),16/12/25 11:00:00,Annual,Percentage of households,Single person,Hungary,2023,83.82,,
ESTAT:ISOC_CI_IN_H(1.0),16/12/25 11:00:00,Annual,Percentage of households,Single person,Hungary,2024,89.71,,
ESTAT:ISOC_CI_IN_H(1.0),16/12/25 11:00:00,Annual,Percentage of households,Single person,Hungary,2025,89.55,,
ESTAT:ISOC_CI_IN_H(1.0),16/12/25 11:00:00,Annual,Percentage of households,Single person,Ireland,2003,15.16,,
ESTAT:ISOC_CI_IN_H(1.0),16/12/25 11:00:00,Annual,Percentage of households,Single person,Ireland,2004,16.18,,
ESTAT:ISOC_CI_IN_H(1.0),16/12/25 11:00:00,Annual,Percentage of households,Single person,Ireland,2005,21.74,,
ESTAT:ISOC_CI_IN_H(1.0),16/12/25 11:00:00,Annual,Percentage of households,Single person,Ireland,2006,21.88,,
ESTAT:ISOC_CI_IN_H(1.0),16/12/25 11:00:00,Annual,Percentage of households,Single person,Ireland,2007,30.21,,
ESTAT:ISOC_CI_IN_H(1.0),16/12/25 11:00:00,Annual,Percentage of households,Single person,Ireland,2008,32.16,,
ESTAT:ISOC_CI_IN_H(1.0),16/12/25 11:00:00,Annual,Percentage of households,Single person,Ireland,2009,35.52,,
ESTAT:ISOC_CI_IN_H(1.0),16/12/25 11:00:00,Annual,Percentage of households,Single person,Ireland,2010,42.26,,
ESTAT:ISOC_CI_IN_H(1.0),16/12/25 11:00:00,Annual,Percentage of households,Single person,Ireland,2011,51.45,,
ESTAT:ISOC_CI_IN_H(1.0),16/12/25 11:00:00,Annual,Percentage of households,Single person,Ireland,2012,55.23,,
ESTAT:ISOC_CI_IN_H(1.0),16/12/25 11:00:00,Annual,Percentage of households,Single person,Ireland,2013,54.48,,
ESTAT:ISOC_CI_IN_H(1.0),16/12/25 11:00:00,Annual,Percentage of households,Single person,Ireland,2014,56.29,,
ESTAT:ISOC_CI_IN_H(1.0),16/12/25 11:00:00,Annual,Percentage of households,Single person,Ireland,2015,59.87,,
ESTAT:ISOC_CI_IN_H(1.0),16/12/25 11:00:00,Annual,Percentage of households,Single person,Ireland,2016,65.77,,
ESTAT:ISOC_CI_IN_H(1.0),16/12/25 11:00:00,Annual,Percentage of households,Single person,Ireland,2017,65.39,,
ESTAT:ISOC_CI_IN_H(1.0),16/12/25 11:00:00,Annual,Percentage of households,Single person,Ireland,2018,71.75,,
ESTAT:ISOC_CI_IN_H(1.0),16/12/25 11:00:00,Annual,Percentage of households,Single person,Ireland,2019,74.64,,
ESTAT:ISOC_CI_IN_H(1.0),16/12/25 11:00:00,Annual,Percentage of households,Single person,Ireland,2020,88.39,,
ESTAT:ISOC_CI_IN_H(1.0),16/12/25 11:00:00,Annual,Percentage of households,Single person,Ireland,2021,93.14,b,
ESTAT:ISOC_CI_IN_H(1.0),16/12/25 11:00:00,Annual,Percentage of households,Single person,Ireland,2022,,u,
ESTAT:ISOC_CI_IN_H(1.0),16/12/25 11:00:00,Annual,Percentage of households,Single person,Ireland,2023,77.35,,
ESTAT:ISOC_CI_IN_H(1.0),16/12/25 11:00:00,Annual,Percentage of households,Single person,Ireland,2024,68.82,,
ESTAT:ISOC_CI_IN_H(1.0),16/12/25 11:00:00,Annual,Percentage of households,Single person,Ireland,2025,79.32,,
ESTAT:ISOC_CI_IN_H(1.0),16/12/25 11:00:00,Annual,Percentage of households,Single person,Iceland,2004,45.12,,
ESTAT:ISOC_CI_IN_H(1.0),16/12/25 11:00:00,Annual,Percentage of households,Single person,Iceland,2005,54.43,,
ESTAT:ISOC_CI_IN_H(1.0),16/12/25 11:00:00,Annual,Percentage of households,Single person,Iceland,2006,55.93,,
ESTAT:ISOC_CI_IN_H(1.0),16/12/25 11:00:00,Annual,Percentage of households,Single person,Iceland,2007,58.56,,
ESTAT:ISOC_CI_IN_H(1.0),16/12/25 11:00:00,Annual,Percentage of households,Single person,Iceland,2008,72.31,,
ESTAT:ISOC_CI_IN_H(1.0),16/12/25 11:00:00,Annual,Percentage of households,Single person,Iceland,2009,75.28,,
ESTAT:ISOC_CI_IN_H(1.0),16/12/25 11:00:00,Annual,Percentage of households,Single person,Iceland,2010,70.78,,
ESTAT:ISOC_CI_IN_H(1.0),16/12/25 11:00:00,Annual,Percentage of households,Single person,Iceland,2011,82.57,,
ESTAT:ISOC_CI_IN_H(1.0),16/12/25 11:00:00,Annual,Percentage of households,Single person,Iceland,2012,86.30,,
ESTAT:ISOC_CI_IN_H(1.0),16/12/25 11:00:00,Annual,Percentage of households,Single person,Iceland,2013,92.09,,
ESTAT:ISOC_CI_IN_H(1.0),16/12/25 11:00:00,Annual,Percentage of households,Single person,Iceland,2014,90.11,,
ESTAT:ISOC_CI_IN_H(1.0),16/12/25 11:00:00,Annual,Percentage of households,Single person,Iceland,2017,95.12,,
ESTAT:ISOC_CI_IN_H(1.0),16/12/25 11:00:00,Annual,Percentage of households,Single person,Iceland,2018,97.67,,
ESTAT:ISOC_CI_IN_H(1.0),16/12/25 11:00:00,Annual,Percentage of households,Single person,Iceland,2019,93.28,,
ESTAT:ISOC_CI_IN_H(1.0),16/12/25 11:00:00,Annual,Percentage of households,Single person,Iceland,2020,96.48,,
ESTAT:ISOC_CI_IN_H(1.0),16/12/25 11:00:00,Annual,Percentage of households,Single person,Iceland,2021,96.43,,
ESTAT:ISOC_CI_IN_H(1.0),16/12/25 11:00:00,Annual,Percentage of households,Single person,Italy,2002,11.02,,
ESTAT:ISOC_CI_IN_H(1.0),16/12/25 11:00:00,Annual,Percentage of households,Single person,Italy,2003,22.36,,
ESTAT:ISOC_CI_IN_H(1.0),16/12/25 11:00:00,Annual,Percentage of households,Single person,Italy,2004,21.06,,
ESTAT:ISOC_CI_IN_H(1.0),16/12/25 11:00:00,Annual,Percentage of households,Single person,Italy,2005,20.85,,
ESTAT:ISOC_CI_IN_H(1.0),16/12/25 11:00:00,Annual,Percentage of households,Single person,Italy,2006,20.95,,
ESTAT:ISOC_CI_IN_H(1.0),16/12/25 11:00:00,Annual,Percentage of households,Single person,Italy,2007,24.45,,
ESTAT:ISOC_CI_IN_H(1.0),16/12/25 11:00:00,Annual,Percentage of households,Single person,Italy,2008,27.67,,
ESTAT:ISOC_CI_IN_H(1.0),16/12/25 11:00:00,Annual,Percentage of households,Single person,Italy,2009,34.13,,
ESTAT:ISOC_CI_IN_H(1.0),16/12/25 11:00:00,Annual,Percentage of households,Single person,Italy,2010,38.94,,
ESTAT:ISOC_CI_IN_H(1.0),16/12/25 11:00:00,Annual,Percentage of households,Single person,Italy,2011,41.91,,
ESTAT:ISOC_CI_IN_H(1.0),16/12/25 11:00:00,Annual,Percentage of households,Single person,Italy,2012,43.17,,
ESTAT:ISOC_CI_IN_H(1.0),16/12/25 11:00:00,Annual,Percentage of households,Single person,Italy,2013,49.19,,
ESTAT:ISOC_CI_IN_H(1.0),16/12/25 11:00:00,Annual,Percentage of households,Single person,Italy,2014,56.09,,
ESTAT:ISOC_CI_IN_H(1.0),16/12/25 11:00:00,Annual,Percentage of households,Single person,Italy,2015,59.06,,
ESTAT:ISOC_CI_IN_H(1.0),16/12/25 11:00:00,Annual,Percentage of households,Single person,Italy,2016,63.91,,
ESTAT:ISOC_CI_IN_H(1.0),16/12/25 11:00:00,Annual,Percentage of households,Single person,Italy,2017,68.99,,
ESTAT:ISOC_CI_IN_H(1.0),16/12/25 11:00:00,Annual,Percentage of households,Single person,Italy,2018,73.17,,
ESTAT:ISOC_CI_IN_H(1.0),16/12/25 11:00:00,Annual,Percentage of households,Single person,Italy,2019,73.55,,
ESTAT:ISOC_CI_IN_H(1.0),16/12/25 11:00:00,Annual,Percentage of households,Single person,Italy,2020,77.47,,
ESTAT:ISOC_CI_IN_H(1.0),16/12/25 11:00:00,Annual,Percentage of households,Single person,Italy,2021,80.36,,
ESTAT:ISOC_CI_IN_H(1.0),16/12/25 11:00:00,Annual,Percentage of households,Single person,Italy,2022,83.78,,
ESTAT:ISOC_CI_IN_H(1.0),16/12/25 11:00:00,Annual,Percentage of households,Single person,Italy,2023,84.78,,
ESTAT:ISOC_CI_IN_H(1.0),16/12/25 11:00:00,Annual,Percentage of households,Single person,Italy,2024,88.05,,
ESTAT:ISOC_CI_IN_H(1.0),16/12/25 11:00:00,Annual,Percentage of households,Single person,Italy,2025,89.16,,
ESTAT:ISOC_CI_IN_H(1.0),16/12/25 11:00:00,Annual,Percentage of households,Single person,Lithuania,2004,3.04,,
ESTAT:ISOC_CI_IN_H(1.0),16/12/25 11:00:00,Annual,Percentage of households,Single person,Lithuania,2005,4.71,,
ESTAT:ISOC_CI_IN_H(1.0),16/12/25 11:00:00,Annual,Percentage of households,Single person,Lithuania,2006,11.85,,
ESTAT:ISOC_CI_IN_H(1.0),16/12/25 11:00:00,Annual,Percentage of households,Single person,Lithuania,2007,16.26,,
ESTAT:ISOC_CI_IN_H(1.0),16/12/25 11:00:00,Annual,Percentage of households,Single person,Lithuania,2008,25.61,,
ESTAT:ISOC_CI_IN_H(1.0),16/12/25 11:00:00,Annual,Percentage of households,Single person,Lithuania,2009,32.44,,
ESTAT:ISOC_CI_IN_H(1.0),16/12/25 11:00:00,Annual,Percentage of households,Single person,Lithuania,2010,33.51,,
ESTAT:ISOC_CI_IN_H(1.0),16/12/25 11:00:00,Annual,Percentage of households,Single person,Lithuania,2011,31.49,,
ESTAT:ISOC_CI_IN_H(1.0),16/12/25 11:00:00,Annual,Percentage of households,Single person,Lithuania,2012,31.66,,
ESTAT:ISOC_CI_IN_H(1.0),16/12/25 11:00:00,Annual,Percentage of households,Single person,Lithuania,2013,38.11,,
ESTAT:ISOC_CI_IN_H(1.0),16/12/25 11:00:00,Annual,Percentage of households,Single person,Lithuania,2014,44.32,,
ESTAT:ISOC_CI_IN_H(1.0),16/12/25 11:00:00,Annual,Percentage of households,Single person,Lithuania,2015,46.19,,
ESTAT:ISOC_CI_IN_H(1.0),16/12/25 11:00:00,Annual,Percentage of households,Single person,Lithuania,2016,52.34,,
ESTAT:ISOC_CI_IN_H(1.0),16/12/25 11:00:00,Annual,Percentage of households,Single person,Lithuania,2017,56.74,,
ESTAT:ISOC_CI_IN_H(1.0),16/12/25 11:00:00,Annual,Percentage of households,Single person,Lithuania,2018,61.99,,
ESTAT:ISOC_CI_IN_H(1.0),16/12/25 11:00:00,Annual,Percentage of households,Single person,Lithuania,2019,65.77,,
ESTAT:ISOC_CI_IN_H(1.0),16/12/25 11:00:00,Annual,Percentage of households,Single person,Lithuania,2020,69.93,,
ESTAT:ISOC_CI_IN_H(1.0),16/12/25 11:00:00,Annual,Percentage of households,Single person,Lithuania,2021,77.64,,
ESTAT:ISOC_CI_IN_H(1.0),16/12/25 11:00:00,Annual,Percentage of households,Single person,Lithuania,2022,80.20,,
ESTAT:ISOC_CI_IN_H(1.0),16/12/25 11:00:00,Annual,Percentage of households,Single person,Lithuania,2023,82.31,,
ESTAT:ISOC_CI_IN_H(1.0),16/12/25 11:00:00,Annual,Percentage of households,Single person,Lithuania,2024,84.45,,
ESTAT:ISOC_CI_IN_H(1.0),16/12/25 11:00:00,Annual,Percentage of households,Single person,Lithuania,2025,84.94,,
ESTAT:ISOC_CI_IN_H(1.0),16/12/25 11:00:00,Annual,Percentage of households,Single person,Luxembourg,2002,26.66,,
ESTAT:ISOC_CI_IN_H(1.0),16/12/25 11:00:00,Annual,Percentage of households,Single person,Luxembourg,2003,30.56,,
ESTAT:ISOC_CI_IN_H(1.0),16/12/25 11:00:00,Annual,Percentage of households,Single person,Luxembourg,2004,47.09,,
ESTAT:ISOC_CI_IN_H(1.0),16/12/25 11:00:00,Annual,Percentage of households,Single person,Luxembourg,2005,45.40,,
ESTAT:ISOC_CI_IN_H(1.0),16/12/25 11:00:00,Annual,Percentage of households,Single person,Luxembourg,2006,51.91,,
ESTAT:ISOC_CI_IN_H(1.0),16/12/25 11:00:00,Annual,Percentage of households,Single person,Luxembourg,2007,61.49,,
ESTAT:ISOC_CI_IN_H(1.0),16/12/25 11:00:00,Annual,Percentage of households,Single person,Luxembourg,2008,63.24,,
ESTAT:ISOC_CI_IN_H(1.0),16/12/25 11:00:00,Annual,Percentage of households,Single person,Luxembourg,2009,74.76,,
ESTAT:ISOC_CI_IN_H(1.0),16/12/25 11:00:00,Annual,Percentage of households,Single person,Luxembourg,2010,80.81,,
ESTAT:ISOC_CI_IN_H(1.0),16/12/25 11:00:00,Annual,Percentage of households,Single person,Luxembourg,2011,81.99,,
ESTAT:ISOC_CI_IN_H(1.0),16/12/25 11:00:00,Annual,Percentage of households,Single person,Luxembourg,2012,85.80,,
ESTAT:ISOC_CI_IN_H(1.0),16/12/25 11:00:00,Annual,Percentage of households,Single person,Luxembourg,2013,87.56,,
ESTAT:ISOC_CI_IN_H(1.0),16/12/25 11:00:00,Annual,Percentage of households,Single person,Luxembourg,2014,90.91,,
ESTAT:ISOC_CI_IN_H(1.0),16/12/25 11:00:00,Annual,Percentage of households,Single person,Luxembourg,2015,92.02,,
ESTAT:ISOC_CI_IN_H(1.0),16/12/25 11:00:00,Annual,Percentage of households,Single person,Luxembourg,2016,94.47,,
ESTAT:ISOC_CI_IN_H(1.0),16/12/25 11:00:00,Annual,Percentage of households,Single person,Luxembourg,2017,94.23,,
ESTAT:ISOC_CI_IN_H(1.0),16/12/25 11:00:00,Annual,Percentage of households,Single person,Luxembourg,2018,87.44,b,
ESTAT:ISOC_CI_IN_H(1.0),16/12/25 11:00:00,Annual,Percentage of households,Single person,Luxembourg,2019,89.32,,
ESTAT:ISOC_CI_IN_H(1.0),16/12/25 11:00:00,Annual,Percentage of households,Single person,Luxembourg,2020,84.71,,
ESTAT:ISOC_CI_IN_H(1.0),16/12/25 11:00:00,Annual,Percentage of households,Single person,Luxembourg,2021,97.97,,
ESTAT:ISOC_CI_IN_H(1.0),16/12/25 11:00:00,Annual,Percentage of households,Single person,Luxembourg,2022,94.86,,
ESTAT:ISOC_CI_IN_H(1.0),16/12/25 11:00:00,Annual,Percentage of households,Single person,Luxembourg,2023,98.45,,
ESTAT:ISOC_CI_IN_H(1.0),16/12/25 11:00:00,Annual,Percentage of households,Single person,Luxembourg,2024,95.56,,
ESTAT:ISOC_CI_IN_H(1.0),16/12/25 11:00:00,Annual,Percentage of households,Single person,Luxembourg,2025,98.42,,
ESTAT:ISOC_CI_IN_H(1.0),16/12/25 11:00:00,Annual,Percentage of households,Single person,Latvia,2004,3.48,,
ESTAT:ISOC_CI_IN_H(1.0),16/12/25 11:00:00,Annual,Percentage of households,Single person,Latvia,2005,11.71,,
ESTAT:ISOC_CI_IN_H(1.0),16/12/25 11:00:00,Annual,Percentage of households,Single person,Latvia,2006,17.14,,
ESTAT:ISOC_CI_IN_H(1.0),16/12/25 11:00:00,Annual,Percentage of households,Single person,Latvia,2007,18.02,,
ESTAT:ISOC_CI_IN_H(1.0),16/12/25 11:00:00,Annual,Percentage of households,Single person,Latvia,2008,18.70,,
ESTAT:ISOC_CI_IN_H(1.0),16/12/25 11:00:00,Annual,Percentage of households,Single person,Latvia,2009,24.38,,
ESTAT:ISOC_CI_IN_H(1.0),16/12/25 11:00:00,Annual,Percentage of households,Single person,Latvia,2010,31.92,,
ESTAT:ISOC_CI_IN_H(1.0),16/12/25 11:00:00,Annual,Percentage of households,Single person,Latvia,2011,33.41,,
ESTAT:ISOC_CI_IN_H(1.0),16/12/25 11:00:00,Annual,Percentage of households,Single person,Latvia,2012,38.19,,
ESTAT:ISOC_CI_IN_H(1.0),16/12/25 11:00:00,Annual,Percentage of households,Single person,Latvia,2013,46.55,,
ESTAT:ISOC_CI_IN_H(1.0),16/12/25 11:00:00,Annual,Percentage of households,Single person,Latvia,2014,48.67,,
ESTAT:ISOC_CI_IN_H(1.0),16/12/25 11:00:00,Annual,Percentage of households,Single person,Latvia,2015,51.95,,
ESTAT:ISOC_CI_IN_H(1.0),16/12/25 11:00:00,Annual,Percentage of households,Single person,Latvia,2016,59.46,b,
ESTAT:ISOC_CI_IN_H(1.0),16/12/25 11:00:00,Annual,Percentage of households,Single person,Latvia,2017,60.93,,
ESTAT:ISOC_CI_IN_H(1.0),16/12/25 11:00:00,Annual,Percentage of households,Single person,Latvia,2018,67.28,,
ESTAT:ISOC_CI_IN_H(1.0),16/12/25 11:00:00,Annual,Percentage of households,Single person,Latvia,2019,73.71,,
ESTAT:ISOC_CI_IN_H(1.0),16/12/25 11:00:00,Annual,Percentage of households,Single person,Latvia,2020,81.74,,
ESTAT:ISOC_CI_IN_H(1.0),16/12/25 11:00:00,Annual,Percentage of households,Single person,Latvia,2021,83.05,,
ESTAT:ISOC_CI_IN_H(1.0),16/12/25 11:00:00,Annual,Percentage of households,Single person,Latvia,2022,83.37,,
ESTAT:ISOC_CI_IN_H(1.0),16/12/25 11:00:00,Annual,Percentage of households,Single person,Latvia,2023,87.40,,
ESTAT:ISOC_CI_IN_H(1.0),16/12/25 11:00:00,Annual,Percentage of households,Single person,Latvia,2024,88.60,,
ESTAT:ISOC_CI_IN_H(1.0),16/12/25 11:00:00,Annual,Percentage of households,Single person,Latvia,2025,88.82,,
ESTAT:ISOC_CI_IN_H(1.0),16/12/25 11:00:00,Annual,Percentage of households,Single person,Montenegro,2012,18.84,,
ESTAT:ISOC_CI_IN_H(1.0),16/12/25 11:00:00,Annual,Percentage of households,Single person,Montenegro,2017,34.80,,
ESTAT:ISOC_CI_IN_H(1.0),16/12/25 11:00:00,Annual,Percentage of households,Single person,Montenegro,2018,35.33,,
ESTAT:ISOC_CI_IN_H(1.0),16/12/25 11:00:00,Annual,Percentage of households,Single person,Montenegro,2019,39.26,,
ESTAT:ISOC_CI_IN_H(1.0),16/12/25 11:00:00,Annual,Percentage of households,Single person,Montenegro,2020,47.96,,
ESTAT:ISOC_CI_IN_H(1.0),16/12/25 11:00:00,Annual,Percentage of households,Single person,Montenegro,2021,46.81,,
ESTAT:ISOC_CI_IN_H(1.0),16/12/25 11:00:00,Annual,Percentage of households,Single person,Montenegro,2022,51.16,,
ESTAT:ISOC_CI_IN_H(1.0),16/12/25 11:00:00,Annual,Percentage of households,Single person,Montenegro,2023,58.32,,
ESTAT:ISOC_CI_IN_H(1.0),16/12/25 11:00:00,Annual,Percentage of households,Single person,Montenegro,2024,61.44,,
ESTAT:ISOC_CI_IN_H(1.0),16/12/25 11:00:00,Annual,Percentage of households,Single person,Montenegro,2025,77.04,,
ESTAT:ISOC_CI_IN_H(1.0),16/12/25 11:00:00,Annual,Percentage of households,Single person,North Macedonia,2004,6.48,,
ESTAT:ISOC_CI_IN_H(1.0),16/12/25 11:00:00,Annual,Percentage of households,Single person,North Macedonia,2006,,u,
ESTAT:ISOC_CI_IN_H(1.0),16/12/25 11:00:00,Annual,Percentage of households,Single person,North Macedonia,2008,,u,
ESTAT:ISOC_CI_IN_H(1.0),16/12/25 11:00:00,Annual,Percentage of households,Single person,North Macedonia,2009,,u,
ESTAT:ISOC_CI_IN_H(1.0),16/12/25 11:00:00,Annual,Percentage of households,Single person,North Macedonia,2010,7.76,,
ESTAT:ISOC_CI_IN_H(1.0),16/12/25 11:00:00,Annual,Percentage of households,Single person,North Macedonia,2012,17.59,,
ESTAT:ISOC_CI_IN_H(1.0),16/12/25 11:00:00,Annual,Percentage of households,Single person,North Macedonia,2013,18.22,,
ESTAT:ISOC_CI_IN_H(1.0),16/12/25 11:00:00,Annual,Percentage of households,Single person,North Macedonia,2014,11.52,,
ESTAT:ISOC_CI_IN_H(1.0),16/12/25 11:00:00,Annual,Percentage of households,Single person,North Macedonia,2015,20.11,,
ESTAT:ISOC_CI_IN_H(1.0),16/12/25 11:00:00,Annual,Percentage of households,Single person,North Macedonia,2016,21.13,,
ESTAT:ISOC_CI_IN_H(1.0),16/12/25 11:00:00,Annual,Percentage of households,Single person,North Macedonia,2017,23.23,,
ESTAT:ISOC_CI_IN_H(1.0),16/12/25 11:00:00,Annual,Percentage of households,Single person,North Macedonia,2018,33.75,,
ESTAT:ISOC_CI_IN_H(1.0),16/12/25 11:00:00,Annual,Percentage of households,Single person,North Macedonia,2019,39.54,,
ESTAT:ISOC_CI_IN_H(1.0),16/12/25 11:00:00,Annual,Percentage of households,Single person,North Macedonia,2020,48.11,,
ESTAT:ISOC_CI_IN_H(1.0),16/12/25 11:00:00,Annual,Percentage of households,Single person,North Macedonia,2021,51.00,,
ESTAT:ISOC_CI_IN_H(1.0),16/12/25 11:00:00,Annual,Percentage of households,Single person,North Macedonia,2024,66.48,,
ESTAT:ISOC_CI_IN_H(1.0),16/12/25 11:00:00,Annual,Percentage of households,Single person,North Macedonia,2025,71.07,,
ESTAT:ISOC_CI_IN_H(1.0),16/12/25 11:00:00,Annual,Percentage of households,Single person,Malta,2005,7.72,,
ESTAT:ISOC_CI_IN_H(1.0),16/12/25 11:00:00,Annual,Percentage of households,Single person,Malta,2006,55.97,,
ESTAT:ISOC_CI_IN_H(1.0),16/12/25 11:00:00,Annual,Percentage of households,Single person,Malta,2007,24.01,,
ESTAT:ISOC_CI_IN_H(1.0),16/12/25 11:00:00,Annual,Percentage of households,Single person,Malta,2008,24.44,,
ESTAT:ISOC_CI_IN_H(1.0),16/12/25 11:00:00,Annual,Percentage of households,Single person,Malta,2009,30.34,,
ESTAT:ISOC_CI_IN_H(1.0),16/12/25 11:00:00,Annual,Percentage of households,Single person,Malta,2010,39.26,,
ESTAT:ISOC_CI_IN_H(1.0),16/12/25 11:00:00,Annual,Percentage of households,Single person,Malta,2011,44.99,,
ESTAT:ISOC_CI_IN_H(1.0),16/12/25 11:00:00,Annual,Percentage of households,Single person,Malta,2012,52.14,,
ESTAT:ISOC_CI_IN_H(1.0),16/12/25 11:00:00,Annual,Percentage of households,Single person,Malta,2013,59.36,,
ESTAT:ISOC_CI_IN_H(1.0),16/12/25 11:00:00,Annual,Percentage of households,Single person,Malta,2014,53.35,,
ESTAT:ISOC_CI_IN_H(1.0),16/12/25 11:00:00,Annual,Percentage of households,Single person,Malta,2015,63.62,,
ESTAT:ISOC_CI_IN_H(1.0),16/12/25 11:00:00,Annual,Percentage of households,Single person,Malta,2016,60.55,,
ESTAT:ISOC_CI_IN_H(1.0),16/12/25 11:00:00,Annual,Percentage of households,Single person,Malta,2017,68.05,,
ESTAT:ISOC_CI_IN_H(1.0),16/12/25 11:00:00,Annual,Percentage of households,Single person,Malta,2018,62.58,,
ESTAT:ISOC_CI_IN_H(1.0),16/12/25 11:00:00,Annual,Percentage of households,Single person,Malta,2019,76.53,,
ESTAT:ISOC_CI_IN_H(1.0),16/12/25 11:00:00,Annual,Percentage of households,Single person,Malta,2020,80.12,,
ESTAT:ISOC_CI_IN_H(1.0),16/12/25 11:00:00,Annual,Percentage of households,Single person,Malta,2021,78.97,,
ESTAT:ISOC_CI_IN_H(1.0),16/12/25 11:00:00,Annual,Percentage of households,Single person,Malta,2022,85.59,,
ESTAT:ISOC_CI_IN_H(1.0),16/12/25 11:00:00,Annual,Percentage of households,Single person,Malta,2023,87.23,,
ESTAT:ISOC_CI_IN_H(1.0),16/12/25 11:00:00,Annual,Percentage of households,Single person,Malta,2024,92.77,,
ESTAT:ISOC_CI_IN_H(1.0),16/12/25 11:00:00,Annual,Percentage of households,Single person,Malta,2025,95.93,,
ESTAT:ISOC_CI_IN_H(1.0),16/12/25 11:00:00,Annual,Percentage of households,Single person,Netherlands,2005,62.38,,
ESTAT:ISOC_CI_IN_H(1.0),16/12/25 11:00:00,Annual,Percentage of households,Single person,Netherlands,2006,64.40,,
ESTAT:ISOC_CI_IN_H(1.0),16/12/25 11:00:00,Annual,Percentage of households,Single person,Netherlands,2007,67.53,,
ESTAT:ISOC_CI_IN_H(1.0),16/12/25 11:00:00,Annual,Percentage of households,Single person,Netherlands,2008,70.55,,
ESTAT:ISOC_CI_IN_H(1.0),16/12/25 11:00:00,Annual,Percentage of households,Single person,Netherlands,2009,78.38,,
ESTAT:ISOC_CI_IN_H(1.0),16/12/25 11:00:00,Annual,Percentage of households,Single person,Netherlands,2010,82.84,,
ESTAT:ISOC_CI_IN_H(1.0),16/12/25 11:00:00,Annual,Percentage of households,Single person,Netherlands,2011,85.75,,
ESTAT:ISOC_CI_IN_H(1.0),16/12/25 11:00:00,Annual,Percentage of households,Single person,Netherlands,2012,86.76,,
ESTAT:ISOC_CI_IN_H(1.0),16/12/25 11:00:00,Annual,Percentage of households,Single person,Netherlands,2013,88.11,,
ESTAT:ISOC_CI_IN_H(1.0),16/12/25 11:00:00,Annual,Percentage of households,Single person,Netherlands,2014,91.53,,
ESTAT:ISOC_CI_IN_H(1.0),16/12/25 11:00:00,Annual,Percentage of households,Single person,Netherlands,2015,93.26,,
ESTAT:ISOC_CI_IN_H(1.0),16/12/25 11:00:00,Annual,Percentage of households,Single person,Netherlands,2016,94.91,,
ESTAT:ISOC_CI_IN_H(1.0),16/12/25 11:00:00,Annual,Percentage of households,Single person,Netherlands,2017,96.02,,
ESTAT:ISOC_CI_IN_H(1.0),16/12/25 11:00:00,Annual,Percentage of households,Single person,Netherlands,2018,96.65,,
ESTAT:ISOC_CI_IN_H(1.0),16/12/25 11:00:00,Annual,Percentage of households,Single person,Netherlands,2019,97.36,,
ESTAT:ISOC_CI_IN_H(1.0),16/12/25 11:00:00,Annual,Percentage of households,Single person,Netherlands,2020,93.88,,
ESTAT:ISOC_CI_IN_H(1.0),16/12/25 11:00:00,Annual,Percentage of households,Single person,Netherlands,2021,97.99,,
ESTAT:ISOC_CI_IN_H(1.0),16/12/25 11:00:00,Annual,Percentage of households,Single person,Netherlands,2022,97.74,,
ESTAT:ISOC_CI_IN_H(1.0),16/12/25 11:00:00,Annual,Percentage of households,Single person,Netherlands,2023,98.74,,
ESTAT:ISOC_CI_IN_H(1.0),16/12/25 11:00:00,Annual,Percentage of households,Single person,Netherlands,2024,98.49,,
ESTAT:ISOC_CI_IN_H(1.0),16/12/25 11:00:00,Annual,Percentage of households,Single person,Netherlands,2025,99.37,,
ESTAT:ISOC_CI_IN_H(1.0),16/12/25 11:00:00,Annual,Percentage of households,Single person,Norway,2003,44.39,,
ESTAT:ISOC_CI_IN_H(1.0),16/12/25 11:00:00,Annual,Percentage of households,Single person,Norway,2004,37.68,,
ESTAT:ISOC_CI_IN_H(1.0),16/12/25 11:00:00,Annual,Percentage of households,Single person,Norway,2005,52.80,,
ESTAT:ISOC_CI_IN_H(1.0),16/12/25 11:00:00,Annual,Percentage of households,Single person,Norway,2006,50.18,,
ESTAT:ISOC_CI_IN_H(1.0),16/12/25 11:00:00,Annual,Percentage of households,Single person,Norway,2007,64.02,,
ESTAT:ISOC_CI_IN_H(1.0),16/12/25 11:00:00,Annual,Percentage of households,Single person,Norway,2008,67.89,,
ESTAT:ISOC_CI_IN_H(1.0),16/12/25 11:00:00,Annual,Percentage of households,Single person,Norway,2009,72.21,,
ESTAT:ISOC_CI_IN_H(1.0),16/12/25 11:00:00,Annual,Percentage of households,Single person,Norway,2010,83.55,,
ESTAT:ISOC_CI_IN_H(1.0),16/12/25 11:00:00,Annual,Percentage of households,Single person,Norway,2011,86.22,,
ESTAT:ISOC_CI_IN_H(1.0),16/12/25 11:00:00,Annual,Percentage of households,Single person,Norway,2012,84.57,,
ESTAT:ISOC_CI_IN_H(1.0),16/12/25 11:00:00,Annual,Percentage of households,Single person,Norway,2013,90.04,,
ESTAT:ISOC_CI_IN_H(1.0),16/12/25 11:00:00,Annual,Percentage of households,Single person,Norway,2014,86.27,,
ESTAT:ISOC_CI_IN_H(1.0),16/12/25 11:00:00,Annual,Percentage of households,Single person,Norway,2015,93.65,,
ESTAT:ISOC_CI_IN_H(1.0),16/12/25 11:00:00,Annual,Percentage of households,Single person,Norway,2016,94.96,,
ESTAT:ISOC_CI_IN_H(1.0),16/12/25 11:00:00,Annual,Percentage of households,Single person,Norway,2017,93.29,,
ESTAT:ISOC_CI_IN_H(1.0),16/12/25 11:00:00,Annual,Percentage of households,Single person,Norway,2018,92.54,,
ESTAT:ISOC_CI_IN_H(1.0),16/12/25 11:00:00,Annual,Percentage of households,Single person,Norway,2019,96.46,,
ESTAT:ISOC_CI_IN_H(1.0),16/12/25 11:00:00,Annual,Percentage of households,Single person,Norway,2020,92.37,,
ESTAT:ISOC_CI_IN_H(1.0),16/12/25 11:00:00,Annual,Percentage of households,Single person,Norway,2021,98.13,,
ESTAT:ISOC_CI_IN_H(1.0),16/12/25 11:00:00,Annual,Percentage of households,Single person,Norway,2022,98.29,,
ESTAT:ISOC_CI_IN_H(1.0),16/12/25 11:00:00,Annual,Percentage of households,Single person,Norway,2023,98.65,,
ESTAT:ISOC_CI_IN_H(1.0),16/12/25 11:00:00,Annual,Percentage of households,Single person,Norway,2024,97.04,,
ESTAT:ISOC_CI_IN_H(1.0),16/12/25 11:00:00,Annual,Percentage of households,Single person,Norway,2025,98.58,,
ESTAT:ISOC_CI_IN_H(1.0),16/12/25 11:00:00,Annual,Percentage of households,Single person,Poland,2004,15.91,,
ESTAT:ISOC_CI_IN_H(1.0),16/12/25 11:00:00,Annual,Percentage of households,Single person,Poland,2005,14.70,,
ESTAT:ISOC_CI_IN_H(1.0),16/12/25 11:00:00,Annual,Percentage of households,Single person,Poland,2006,16.10,,
ESTAT:ISOC_CI_IN_H(1.0),16/12/25 11:00:00,Annual,Percentage of households,Single person,Poland,2007,17.20,,
ESTAT:ISOC_CI_IN_H(1.0),16/12/25 11:00:00,Annual,Percentage of households,Single person,Poland,2008,20.84,,
ESTAT:ISOC_CI_IN_H(1.0),16/12/25 11:00:00,Annual,Percentage of households,Single person,Poland,2009,30.21,,
ESTAT:ISOC_CI_IN_H(1.0),16/12/25 11:00:00,Annual,Percentage of households,Single person,Poland,2010,32.69,,
ESTAT:ISOC_CI_IN_H(1.0),16/12/25 11:00:00,Annual,Percentage of households,Single person,Poland,2011,32.32,,
ESTAT:ISOC_CI_IN_H(1.0),16/12/25 11:00:00,Annual,Percentage of households,Single person,Poland,2012,39.58,,
ESTAT:ISOC_CI_IN_H(1.0),16/12/25 11:00:00,Annual,Percentage of households,Single person,Poland,2013,42.89,,
ESTAT:ISOC_CI_IN_H(1.0),16/12/25 11:00:00,Annual,Percentage of households,Single person,Poland,2014,45.26,,
ESTAT:ISOC_CI_IN_H(1.0),16/12/25 11:00:00,Annual,Percentage of households,Single person,Poland,2015,45.44,,
ESTAT:ISOC_CI_IN_H(1.0),16/12/25 11:00:00,Annual,Percentage of households,Single person,Poland,2016,51.80,,
ESTAT:ISOC_CI_IN_H(1.0),16/12/25 11:00:00,Annual,Percentage of households,Single person,Poland,2017,52.55,,
ESTAT:ISOC_CI_IN_H(1.0),16/12/25 11:00:00,Annual,Percentage of households,Single person,Poland,2018,57.11,,
ESTAT:ISOC_CI_IN_H(1.0),16/12/25 11:00:00,Annual,Percentage of households,Single person,Poland,2019,64.26,,
ESTAT:ISOC_CI_IN_H(1.0),16/12/25 11:00:00,Annual,Percentage of households,Single person,Poland,2020,74.08,,
ESTAT:ISOC_CI_IN_H(1.0),16/12/25 11:00:00,Annual,Percentage of households,Single person,Poland,2021,78.85,,
ESTAT:ISOC_CI_IN_H(1.0),16/12/25 11:00:00,Annual,Percentage of households,Single person,Poland,2022,80.98,,
ESTAT:ISOC_CI_IN_H(1.0),16/12/25 11:00:00,Annual,Percentage of households,Single person,Poland,2023,79.27,,
ESTAT:ISOC_CI_IN_H(1.0),16/12/25 11:00:00,Annual,Percentage of households,Single person,Poland,2024,86.35,,
ESTAT:ISOC_CI_IN_H(1.0),16/12/25 11:00:00,Annual,Percentage of households,Single person,Poland,2025,89.78,,
ESTAT:ISOC_CI_IN_H(1.0),16/12/25 11:00:00,Annual,Percentage of households,Single person,Portugal,2003,7.18,,
ESTAT:ISOC_CI_IN_H(1.0),16/12/25 11:00:00,Annual,Percentage of households,Single person,Portugal,2004,9.06,,
ESTAT:ISOC_CI_IN_H(1.0),16/12/25 11:00:00,Annual,Percentage of households,Single person,Portugal,2005,13.13,,
ESTAT:ISOC_CI_IN_H(1.0),16/12/25 11:00:00,Annual,Percentage of households,Single person,Portugal,2006,13.08,,
ESTAT:ISOC_CI_IN_H(1.0),16/12/25 11:00:00,Annual,Percentage of households,Single person,Portugal,2007,15.57,,
ESTAT:ISOC_CI_IN_H(1.0),16/12/25 11:00:00,Annual,Percentage of households,Single person,Portugal,2008,22.28,,
ESTAT:ISOC_CI_IN_H(1.0),16/12/25 11:00:00,Annual,Percentage of households,Single person,Portugal,2009,23.61,,
ESTAT:ISOC_CI_IN_H(1.0),16/12/25 11:00:00,Annual,Percentage of households,Single person,Portugal,2010,28.97,,
ESTAT:ISOC_CI_IN_H(1.0),16/12/25 11:00:00,Annual,Percentage of households,Single person,Portugal,2011,32.80,,
ESTAT:ISOC_CI_IN_H(1.0),16/12/25 11:00:00,Annual,Percentage of households,Single person,Portugal,2012,33.98,,
ESTAT:ISOC_CI_IN_H(1.0),16/12/25 11:00:00,Annual,Percentage of households,Single person,Portugal,2013,37.59,,
ESTAT:ISOC_CI_IN_H(1.0),16/12/25 11:00:00,Annual,Percentage of households,Single person,Portugal,2014,39.82,,
ESTAT:ISOC_CI_IN_H(1.0),16/12/25 11:00:00,Annual,Percentage of households,Single person,Portugal,2015,48.44,,
ESTAT:ISOC_CI_IN_H(1.0),16/12/25 11:00:00,Annual,Percentage of households,Single person,Portugal,2016,51.98,,
ESTAT:ISOC_CI_IN_H(1.0),16/12/25 11:00:00,Annual,Percentage of households,Single person,Portugal,2017,57.05,,
ESTAT:ISOC_CI_IN_H(1.0),16/12/25 11:00:00,Annual,Percentage of households,Single person,Portugal,2018,70.63,,
ESTAT:ISOC_CI_IN_H(1.0),16/12/25 11:00:00,Annual,Percentage of households,Single person,Portugal,2019,70.33,,
ESTAT:ISOC_CI_IN_H(1.0),16/12/25 11:00:00,Annual,Percentage of households,Single person,Portugal,2020,76.11,,
ESTAT:ISOC_CI_IN_H(1.0),16/12/25 11:00:00,Annual,Percentage of households,Single person,Portugal,2021,80.98,,
ESTAT:ISOC_CI_IN_H(1.0),16/12/25 11:00:00,Annual,Percentage of households,Single person,Portugal,2022,80.59,,
ESTAT:ISOC_CI_IN_H(1.0),16/12/25 11:00:00,Annual,Percentage of households,Single person,Portugal,2023,81.99,,
ESTAT:ISOC_CI_IN_H(1.0),16/12/25 11:00:00,Annual,Percentage of households,Single person,Portugal,2024,84.59,,
ESTAT:ISOC_CI_IN_H(1.0),16/12/25 11:00:00,Annual,Percentage of households,Single person,Portugal,2025,84.54,,
ESTAT:ISOC_CI_IN_H(1.0),16/12/25 11:00:00,Annual,Percentage of households,Single person,Romania,2006,5.37,,
ESTAT:ISOC_CI_IN_H(1.0),16/12/25 11:00:00,Annual,Percentage of households,Single person,Romania,2007,9.98,,
ESTAT:ISOC_CI_IN_H(1.0),16/12/25 11:00:00,Annual,Percentage of households,Single person,Romania,2008,11.82,,
ESTAT:ISOC_CI_IN_H(1.0),16/12/25 11:00:00,Annual,Percentage of households,Single person,Romania,2009,16.29,,
ESTAT:ISOC_CI_IN_H(1.0),16/12/25 11:00:00,Annual,Percentage of households,Single person,Romania,2010,18.59,,
ESTAT:ISOC_CI_IN_H(1.0),16/12/25 11:00:00,Annual,Percentage of households,Single person,Romania,2011,19.90,,
ESTAT:ISOC_CI_IN_H(1.0),16/12/25 11:00:00,Annual,Percentage of households,Single person,Romania,2012,29.32,,
ESTAT:ISOC_CI_IN_H(1.0),16/12/25 11:00:00,Annual,Percentage of households,Single person,Romania,2013,32.78,,
ESTAT:ISOC_CI_IN_H(1.0),16/12/25 11:00:00,Annual,Percentage of households,Single person,Romania,2014,36.45,b,
ESTAT:ISOC_CI_IN_H(1.0),16/12/25 11:00:00,Annual,Percentage of households,Single person,Romania,2015,45.33,,
ESTAT:ISOC_CI_IN_H(1.0),16/12/25 11:00:00,Annual,Percentage of households,Single person,Romania,2016,47.29,,
ESTAT:ISOC_CI_IN_H(1.0),16/12/25 11:00:00,Annual,Percentage of households,Single person,Romania,2017,52.84,,
ESTAT:ISOC_CI_IN_H(1.0),16/12/25 11:00:00,Annual,Percentage of households,Single person,Romania,2018,59.19,,
ESTAT:ISOC_CI_IN_H(1.0),16/12/25 11:00:00,Annual,Percentage of households,Single person,Romania,2019,64.90,,
ESTAT:ISOC_CI_IN_H(1.0),16/12/25 11:00:00,Annual,Percentage of households,Single person,Romania,2020,67.64,,
ESTAT:ISOC_CI_IN_H(1.0),16/12/25 11:00:00,Annual,Percentage of households,Single person,Romania,2021,72.97,,
ESTAT:ISOC_CI_IN_H(1.0),16/12/25 11:00:00,Annual,Percentage of households,Single person,Romania,2022,76.75,,
ESTAT:ISOC_CI_IN_H(1.0),16/12/25 11:00:00,Annual,Percentage of households,Single person,Romania,2023,80.81,,
ESTAT:ISOC_CI_IN_H(1.0),16/12/25 11:00:00,Annual,Percentage of households,Single person,Romania,2024,87.35,,
ESTAT:ISOC_CI_IN_H(1.0),16/12/25 11:00:00,Annual,Percentage of households,Single person,Romania,2025,90.18,,
ESTAT:ISOC_CI_IN_H(1.0),16/12/25 11:00:00,Annual,Percentage of households,Single person,Serbia,2015,28.03,,
ESTAT:ISOC_CI_IN_H(1.0),16/12/25 11:00:00,Annual,Percentage of households,Single person,Serbia,2017,32.92,,
ESTAT:ISOC_CI_IN_H(1.0),16/12/25 11:00:00,Annual,Percentage of households,Single person,Serbia,2018,50.59,,
ESTAT:ISOC_CI_IN_H(1.0),16/12/25 11:00:00,Annual,Percentage of households,Single person,Serbia,2019,56.54,,
ESTAT:ISOC_CI_IN_H(1.0),16/12/25 11:00:00,Annual,Percentage of households,Single person,Serbia,2020,53.90,,
ESTAT:ISOC_CI_IN_H(1.0),16/12/25 11:00:00,Annual,Percentage of households,Single person,Serbia,2021,57.64,,
ESTAT:ISOC_CI_IN_H(1.0),16/12/25 11:00:00,Annual,Percentage of households,Single person,Serbia,2022,57.22,,
ESTAT:ISOC_CI_IN_H(1.0),16/12/25 11:00:00,Annual,Percentage of households,Single person,Serbia,2024,74.48,,
ESTAT:ISOC_CI_IN_H(1.0),16/12/25 11:00:00,Annual,Percentage of households,Single person,Serbia,2025,79.26,,
ESTAT:ISOC_CI_IN_H(1.0),16/12/25 11:00:00,Annual,Percentage of households,Single person,Sweden,2005,55.57,,
ESTAT:ISOC_CI_IN_H(1.0),16/12/25 11:00:00,Annual,Percentage of households,Single person,Sweden,2006,60.50,,
ESTAT:ISOC_CI_IN_H(1.0),16/12/25 11:00:00,Annual,Percentage of households,Single person,Sweden,2007,64.20,,
ESTAT:ISOC_CI_IN_H(1.0),16/12/25 11:00:00,Annual,Percentage of households,Single person,Sweden,2008,74.56,,
ESTAT:ISOC_CI_IN_H(1.0),16/12/25 11:00:00,Annual,Percentage of households,Single person,Sweden,2009,75.22,,
ESTAT:ISOC_CI_IN_H(1.0),16/12/25 11:00:00,Annual,Percentage of households,Single person,Sweden,2010,78.51,,
ESTAT:ISOC_CI_IN_H(1.0),16/12/25 11:00:00,Annual,Percentage of households,Single person,Sweden,2011,80.27,,
ESTAT:ISOC_CI_IN_H(1.0),16/12/25 11:00:00,Annual,Percentage of households,Single person,Sweden,2012,82.62,,
ESTAT:ISOC_CI_IN_H(1.0),16/12/25 11:00:00,Annual,Percentage of households,Single person,Sweden,2013,84.43,,
ESTAT:ISOC_CI_IN_H(1.0),16/12/25 11:00:00,Annual,Percentage of households,Single person,Sweden,2014,80.65,,
ESTAT:ISOC_CI_IN_H(1.0),16/12/25 11:00:00,Annual,Percentage of households,Single person,Sweden,2015,83.15,,
ESTAT:ISOC_CI_IN_H(1.0),16/12/25 11:00:00,Annual,Percentage of households,Single person,Sweden,2016,88.41,b,
ESTAT:ISOC_CI_IN_H(1.0),16/12/25 11:00:00,Annual,Percentage of households,Single person,Sweden,2017,89.36,,
ESTAT:ISOC_CI_IN_H(1.0),16/12/25 11:00:00,Annual,Percentage of households,Single person,Sweden,2018,86.38,,
ESTAT:ISOC_CI_IN_H(1.0),16/12/25 11:00:00,Annual,Percentage of households,Single person,Sweden,2019,91.88,,
ESTAT:ISOC_CI_IN_H(1.0),16/12/25 11:00:00,Annual,Percentage of households,Single person,Sweden,2020,84.29,,
ESTAT:ISOC_CI_IN_H(1.0),16/12/25 11:00:00,Annual,Percentage of households,Single person,Sweden,2021,88.09,,
ESTAT:ISOC_CI_IN_H(1.0),16/12/25 11:00:00,Annual,Percentage of households,Single person,Sweden,2022,89.58,,
ESTAT:ISOC_CI_IN_H(1.0),16/12/25 11:00:00,Annual,Percentage of households,Single person,Sweden,2023,90.65,,
ESTAT:ISOC_CI_IN_H(1.0),16/12/25 11:00:00,Annual,Percentage of households,Single person,Sweden,2024,92.33,,
ESTAT:ISOC_CI_IN_H(1.0),16/12/25 11:00:00,Annual,Percentage of households,Single person,Sweden,2025,94.30,,
ESTAT:ISOC_CI_IN_H(1.0),16/12/25 11:00:00,Annual,Percentage of households,Single person,Slovenia,2004,13.34,,
ESTAT:ISOC_CI_IN_H(1.0),16/12/25 11:00:00,Annual,Percentage of households,Single person,Slovenia,2005,,u,
ESTAT:ISOC_CI_IN_H(1.0),16/12/25 11:00:00,Annual,Percentage of households,Single person,Slovenia,2006,16.83,,
ESTAT:ISOC_CI_IN_H(1.0),16/12/25 11:00:00,Annual,Percentage of households,Single person,Slovenia,2007,20.91,,
ESTAT:ISOC_CI_IN_H(1.0),16/12/25 11:00:00,Annual,Percentage of households,Single person,Slovenia,2008,25.21,,
ESTAT:ISOC_CI_IN_H(1.0),16/12/25 11:00:00,Annual,Percentage of households,Single person,Slovenia,2009,34.52,,
ESTAT:ISOC_CI_IN_H(1.0),16/12/25 11:00:00,Annual,Percentage of households,Single person,Slovenia,2010,29.92,,
ESTAT:ISOC_CI_IN_H(1.0),16/12/25 11:00:00,Annual,Percentage of households,Single person,Slovenia,2011,47.44,,
ESTAT:ISOC_CI_IN_H(1.0),16/12/25 11:00:00,Annual,Percentage of households,Single person,Slovenia,2012,38.34,,
ESTAT:ISOC_CI_IN_H(1.0),16/12/25 11:00:00,Annual,Percentage of households,Single person,Slovenia,2013,53.04,,
ESTAT:ISOC_CI_IN_H(1.0),16/12/25 11:00:00,Annual,Percentage of households,Single person,Slovenia,2014,49.71,,
ESTAT:ISOC_CI_IN_H(1.0),16/12/25 11:00:00,Annual,Percentage of households,Single person,Slovenia,2015,46.98,,
ESTAT:ISOC_CI_IN_H(1.0),16/12/25 11:00:00,Annual,Percentage of households,Single person,Slovenia,2016,53.18,,
ESTAT:ISOC_CI_IN_H(1.0),16/12/25 11:00:00,Annual,Percentage of households,Single person,Slovenia,2017,56.32,,
ESTAT:ISOC_CI_IN_H(1.0),16/12/25 11:00:00,Annual,Percentage of households,Single person,Slovenia,2018,67.28,,
ESTAT:ISOC_CI_IN_H(1.0),16/12/25 11:00:00,Annual,Percentage of households,Single person,Slovenia,2019,77.24,,
ESTAT:ISOC_CI_IN_H(1.0),16/12/25 11:00:00,Annual,Percentage of households,Single person,Slovenia,2020,79.34,,
ESTAT:ISOC_CI_IN_H(1.0),16/12/25 11:00:00,Annual,Percentage of households,Single person,Slovenia,2021,84.62,,
ESTAT:ISOC_CI_IN_H(1.0),16/12/25 11:00:00,Annual,Percentage of households,Single person,Slovenia,2022,82.71,,
ESTAT:ISOC_CI_IN_H(1.0),16/12/25 11:00:00,Annual,Percentage of households,Single person,Slovenia,2023,87.99,,
ESTAT:ISOC_CI_IN_H(1.0),16/12/25 11:00:00,Annual,Percentage of households,Single person,Slovenia,2024,87.97,,
ESTAT:ISOC_CI_IN_H(1.0),16/12/25 11:00:00,Annual,Percentage of households,Single person,Slovenia,2025,84.90,,
ESTAT:ISOC_CI_IN_H(1.0),16/12/25 11:00:00,Annual,Percentage of households,Single person,Slovakia,2004,13.33,,
ESTAT:ISOC_CI_IN_H(1.0),16/12/25 11:00:00,Annual,Percentage of households,Single person,Slovakia,2005,12.48,,
ESTAT:ISOC_CI_IN_H(1.0),16/12/25 11:00:00,Annual,Percentage of households,Single person,Slovakia,2006,11.30,,
ESTAT:ISOC_CI_IN_H(1.0),16/12/25 11:00:00,Annual,Percentage of households,Single person,Slovakia,2007,24.32,,
ESTAT:ISOC_CI_IN_H(1.0),16/12/25 11:00:00,Annual,Percentage of households,Single person,Slovakia,2008,31.93,,
ESTAT:ISOC_CI_IN_H(1.0),16/12/25 11:00:00,Annual,Percentage of households,Single person,Slovakia,2009,33.79,,
ESTAT:ISOC_CI_IN_H(1.0),16/12/25 11:00:00,Annual,Percentage of households,Single person,Slovakia,2010,39.29,,
ESTAT:ISOC_CI_IN_H(1.0),16/12/25 11:00:00,Annual,Percentage of households,Single person,Slovakia,2011,39.96,,
ESTAT:ISOC_CI_IN_H(1.0),16/12/25 11:00:00,Annual,Percentage of households,Single person,Slovakia,2012,47.66,,
ESTAT:ISOC_CI_IN_H(1.0),16/12/25 11:00:00,Annual,Percentage of households,Single person,Slovakia,2013,49.90,,
ESTAT:ISOC_CI_IN_H(1.0),16/12/25 11:00:00,Annual,Percentage of households,Single person,Slovakia,2014,47.59,,
ESTAT:ISOC_CI_IN_H(1.0),16/12/25 11:00:00,Annual,Percentage of households,Single person,Slovakia,2015,50.36,,
ESTAT:ISOC_CI_IN_H(1.0),16/12/25 11:00:00,Annual,Percentage of households,Single person,Slovakia,2016,54.22,,
ESTAT:ISOC_CI_IN_H(1.0),16/12/25 11:00:00,Annual,Percentage of households,Single person,Slovakia,2017,54.43,,
ESTAT:ISOC_CI_IN_H(1.0),16/12/25 11:00:00,Annual,Percentage of households,Single person,Slovakia,2018,54.68,,
ESTAT:ISOC_CI_IN_H(1.0),16/12/25 11:00:00,Annual,Percentage of households,Single person,Slovakia,2019,50.33,,
ESTAT:ISOC_CI_IN_H(1.0),16/12/25 11:00:00,Annual,Percentage of households,Single person,Slovakia,2020,75.43,,
ESTAT:ISOC_CI_IN_H(1.0),16/12/25 11:00:00,Annual,Percentage of households,Single person,Slovakia,2021,77.22,,
ESTAT:ISOC_CI_IN_H(1.0),16/12/25 11:00:00,Annual,Percentage of households,Single person,Slovakia,2022,76.70,,
ESTAT:ISOC_CI_IN_H(1.0),16/12/25 11:00:00,Annual,Percentage of households,Single person,Slovakia,2023,74.66,,
ESTAT:ISOC_CI_IN_H(1.0),16/12/25 11:00:00,Annual,Percentage of households,Single person,Slovakia,2024,78.92,,
ESTAT:ISOC_CI_IN_H(1.0),16/12/25 11:00:00,Annual,Percentage of households,Single person,Slovakia,2025,83.88,,
ESTAT:ISOC_CI_IN_H(1.0),16/12/25 11:00:00,Annual,Percentage of households,Single person,Türkiye,2004,3.02,,
ESTAT:ISOC_CI_IN_H(1.0),16/12/25 11:00:00,Annual,Percentage of households,Single person,Türkiye,2007,10.75,,
ESTAT:ISOC_CI_IN_H(1.0),16/12/25 11:00:00,Annual,Percentage of households,Single person,Türkiye,2008,15.26,,
ESTAT:ISOC_CI_IN_H(1.0),16/12/25 11:00:00,Annual,Percentage of households,Single person,Türkiye,2009,15.21,,
ESTAT:ISOC_CI_IN_H(1.0),16/12/25 11:00:00,Annual,Percentage of households,Single person,Türkiye,2010,20.98,,
ESTAT:ISOC_CI_IN_H(1.0),16/12/25 11:00:00,Annual,Percentage of households,Single person,Türkiye,2012,30.81,,
ESTAT:ISOC_CI_IN_H(1.0),16/12/25 11:00:00,Annual,Percentage of households,Single person,Türkiye,2013,29.98,,
ESTAT:ISOC_CI_IN_H(1.0),16/12/25 11:00:00,Annual,Percentage of households,Single person,Türkiye,2020,76.87,,
ESTAT:ISOC_CI_IN_H(1.0),16/12/25 11:00:00,Annual,Percentage of households,Single person,Türkiye,2022,84.55,,
ESTAT:ISOC_CI_IN_H(1.0),16/12/25 11:00:00,Annual,Percentage of households,Single person,Türkiye,2023,87.77,,
ESTAT:ISOC_CI_IN_H(1.0),16/12/25 11:00:00,Annual,Percentage of households,Single person,Türkiye,2024,90.39,,
ESTAT:ISOC_CI_IN_H(1.0),16/12/25 11:00:00,Annual,Percentage of households,Single person,Türkiye,2025,89.71,,
ESTAT:ISOC_CI_IN_H(1.0),16/12/25 11:00:00,Annual,Percentage of households,Single person,United Kingdom,2002,32.01,,
ESTAT:ISOC_CI_IN_H(1.0),16/12/25 11:00:00,Annual,Percentage of households,Single person,United Kingdom,2003,35.97,,
ESTAT:ISOC_CI_IN_H(1.0),16/12/25 11:00:00,Annual,Percentage of households,Single person,United Kingdom,2004,35.78,,
ESTAT:ISOC_CI_IN_H(1.0),16/12/25 11:00:00,Annual,Percentage of households,Single person,United Kingdom,2005,36.91,,
ESTAT:ISOC_CI_IN_H(1.0),16/12/25 11:00:00,Annual,Percentage of households,Single person,United Kingdom,2006,41.48,,
ESTAT:ISOC_CI_IN_H(1.0),16/12/25 11:00:00,Annual,Percentage of households,Single person,United Kingdom,2007,47.50,,
ESTAT:ISOC_CI_IN_H(1.0),16/12/25 11:00:00,Annual,Percentage of households,Single person,United Kingdom,2008,49.22,,
ESTAT:ISOC_CI_IN_H(1.0),16/12/25 11:00:00,Annual,Percentage of households,Single person,United Kingdom,2009,54.18,,
ESTAT:ISOC_CI_IN_H(1.0),16/12/25 11:00:00,Annual,Percentage of households,Single person,United Kingdom,2010,60.07,,
ESTAT:ISOC_CI_IN_H(1.0),16/12/25 11:00:00,Annual,Percentage of households,Single person,United Kingdom,2011,63.80,,
ESTAT:ISOC_CI_IN_H(1.0),16/12/25 11:00:00,Annual,Percentage of households,Single person,United Kingdom,2012,68.31,,
ESTAT:ISOC_CI_IN_H(1.0),16/12/25 11:00:00,Annual,Percentage of households,Single person,United Kingdom,2013,87.69,,
ESTAT:ISOC_CI_IN_H(1.0),16/12/25 11:00:00,Annual,Percentage of households,Single person,United Kingdom,2014,74.48,,
ESTAT:ISOC_CI_IN_H(1.0),16/12/25 11:00:00,Annual,Percentage of households,Single person,United Kingdom,2015,76.03,,
ESTAT:ISOC_CI_IN_H(1.0),16/12/25 11:00:00,Annual,Percentage of households,Single person,United Kingdom,2016,81.33,,
ESTAT:ISOC_CI_IN_H(1.0),16/12/25 11:00:00,Annual,Percentage of households,Single person,United Kingdom,2017,84.76,,
ESTAT:ISOC_CI_IN_H(1.0),16/12/25 11:00:00,Annual,Percentage of households,Single person,United Kingdom,2018,85.65,,
ESTAT:ISOC_CI_IN_H(1.0),16/12/25 11:00:00,Annual,Percentage of households,Single person,United Kingdom,2019,89.54,,
ESTAT:ISOC_CI_IN_H(1.0),16/12/25 11:00:00,Annual,Percentage of households,Single person,United Kingdom,2020,92.87,,
ESTAT:ISOC_CI_IN_H(1.0),16/12/25 11:00:00,Annual,Percentage of households,Single person,Kosovo*,2017,73.41,,
ESTAT:ISOC_CI_IN_H(1.0),16/12/25 11:00:00,Annual,Percentage of households,Single person,Kosovo*,2018,65.40,,
ESTAT:ISOC_CI_IN_H(1.0),16/12/25 11:00:00,Annual,Percentage of households,Single person,Kosovo*,2019,72.29,,
ESTAT:ISOC_CI_IN_H(1.0),16/12/25 11:00:00,Annual,Percentage of households,Single person,Kosovo*,2020,76.26,,
ESTAT:ISOC_CI_IN_H(1.0),16/12/25 11:00:00,Annual,Percentage of households,Single person,Kosovo*,2024,89.05,,
ESTAT:ISOC_CI_IN_H(1.0),16/12/25 11:00:00,Annual,Percentage of households,Single person with dependent children,Albania,2018,74.33,u,
ESTAT:ISOC_CI_IN_H(1.0),16/12/25 11:00:00,Annual,Percentage of households,Single person with dependent children,Albania,2019,82.44,u,
ESTAT:ISOC_CI_IN_H(1.0),16/12/25 11:00:00,Annual,Percentage of households,Single person with dependent children,Albania,2020,86.58,u,
ESTAT:ISOC_CI_IN_H(1.0),16/12/25 11:00:00,Annual,Percentage of households,Single person with dependent children,Albania,2021,80.50,u,
ESTAT:ISOC_CI_IN_H(1.0),16/12/25 11:00:00,Annual,Percentage of households,Single person with dependent children,Albania,2022,100.00,u,
ESTAT:ISOC_CI_IN_H(1.0),16/12/25 11:00:00,Annual,Percentage of households,Single person with dependent children,Albania,2023,100.00,u,
ESTAT:ISOC_CI_IN_H(1.0),16/12/25 11:00:00,Annual,Percentage of households,Single person with dependent children,Albania,2024,100.00,u,
ESTAT:ISOC_CI_IN_H(1.0),16/12/25 11:00:00,Annual,Percentage of households,Single person with dependent children,Austria,2002,33.12,,
ESTAT:ISOC_CI_IN_H(1.0),16/12/25 11:00:00,Annual,Percentage of households,Single person with dependent children,Austria,2003,32.42,,
ESTAT:ISOC_CI_IN_H(1.0),16/12/25 11:00:00,Annual,Percentage of households,Single person with dependent children,Austria,2004,50.97,,
ESTAT:ISOC_CI_IN_H(1.0),16/12/25 11:00:00,Annual,Percentage of households,Single person with dependent children,Austria,2005,49.39,,
ESTAT:ISOC_CI_IN_H(1.0),16/12/25 11:00:00,Annual,Percentage of households,Single person with dependent children,Austria,2006,48.13,,
ESTAT:ISOC_CI_IN_H(1.0),16/12/25 11:00:00,Annual,Percentage of households,Single person with dependent children,Austria,2007,,u,
ESTAT:ISOC_CI_IN_H(1.0),16/12/25 11:00:00,Annual,Percentage of households,Single person with dependent children,Austria,2008,72.42,,
ESTAT:ISOC_CI_IN_H(1.0),16/12/25 11:00:00,Annual,Percentage of households,Single person with dependent children,Austria,2009,83.68,,
ESTAT:ISOC_CI_IN_H(1.0),16/12/25 11:00:00,Annual,Percentage of households,Single person with dependent children,Austria,2010,84.31,,
ESTAT:ISOC_CI_IN_H(1.0),16/12/25 11:00:00,Annual,Percentage of households,Single person with dependent children,Austria,2011,90.39,,
ESTAT:ISOC_CI_IN_H(1.0),16/12/25 11:00:00,Annual,Percentage of households,Single person with dependent children,Austria,2012,96.39,,
ESTAT:ISOC_CI_IN_H(1.0),16/12/25 11:00:00,Annual,Percentage of households,Single person with dependent children,Austria,2013,96.85,,
ESTAT:ISOC_CI_IN_H(1.0),16/12/25 11:00:00,Annual,Percentage of households,Single person with dependent children,Austria,2014,95.46,,
ESTAT:ISOC_CI_IN_H(1.0),16/12/25 11:00:00,Annual,Percentage of households,Single person with dependent children,Austria,2015,97.37,,
ESTAT:ISOC_CI_IN_H(1.0),16/12/25 11:00:00,Annual,Percentage of households,Single person with dependent children,Austria,2016,97.28,,
ESTAT:ISOC_CI_IN_H(1.0),16/12/25 11:00:00,Annual,Percentage of households,Single person with dependent children,Austria,2017,97.58,,
ESTAT:ISOC_CI_IN_H(1.0),16/12/25 11:00:00,Annual,Percentage of households,Single person with dependent children,Austria,2018,99.04,,
ESTAT:ISOC_CI_IN_H(1.0),16/12/25 11:00:00,Annual,Percentage of households,Single person with dependent children,Austria,2019,98.74,,
ESTAT:ISOC_CI_IN_H(1.0),16/12/25 11:00:00,Annual,Percentage of households,Single person with dependent children,Austria,2020,98.70,,
ESTAT:ISOC_CI_IN_H(1.0),16/12/25 11:00:00,Annual,Percentage of households,Single person with dependent children,Austria,2021,100.00,,
ESTAT:ISOC_CI_IN_H(1.0),16/12/25 11:00:00,Annual,Percentage of households,Single person with dependent children,Austria,2022,99.53,,
ESTAT:ISOC_CI_IN_H(1.0),16/12/25 11:00:00,Annual,Percentage of households,Single person with dependent children,Austria,2023,97.54,,
ESTAT:ISOC_CI_IN_H(1.0),16/12/25 11:00:00,Annual,Percentage of households,Single person with dependent children,Austria,2024,98.32,,
ESTAT:ISOC_CI_IN_H(1.0),16/12/25 11:00:00,Annual,Percentage of households,Single person with dependent children,Austria,2025,100.00,,
ESTAT:ISOC_CI_IN_H(1.0),16/12/25 11:00:00,Annual,Percentage of households,Single person with dependent children,Bosnia and Herzegovina,2018,58.83,,
ESTAT:ISOC_CI_IN_H(1.0),16/12/25 11:00:00,Annual,Percentage of households,Single person with dependent children,Bosnia and Herzegovina,2019,72.25,u,
ESTAT:ISOC_CI_IN_H(1.0),16/12/25 11:00:00,Annual,Percentage of households,Single person with dependent children,Bosnia and Herzegovina,2020,94.92,u,
ESTAT:ISOC_CI_IN_H(1.0),16/12/25 11:00:00,Annual,Percentage of households,Single person with dependent children,Bosnia and Herzegovina,2021,100.00,u,
ESTAT:ISOC_CI_IN_H(1.0),16/12/25 11:00:00,Annual,Percentage of households,Single person with dependent children,Bosnia and Herzegovina,2023,87.56,,
ESTAT:ISOC_CI_IN_H(1.0),16/12/25 11:00:00,Annual,Percentage of households,Single person with dependent children,Bosnia and Herzegovina,2024,100.00,u,
ESTAT:ISOC_CI_IN_H(1.0),16/12/25 11:00:00,Annual,Percentage of households,Single person with dependent children,Bosnia and Herzegovina,2025,100.00,,
ESTAT:ISOC_CI_IN_H(1.0),16/12/25 11:00:00,Annual,Percentage of households,Single person with dependent children,Belgium,2005,44.49,,
ESTAT:ISOC_CI_IN_H(1.0),16/12/25 11:00:00,Annual,Percentage of households,Single person with dependent children,Belgium,2006,47.81,,
ESTAT:ISOC_CI_IN_H(1.0),16/12/25 11:00:00,Annual,Percentage of households,Single person with dependent children,Belgium,2007,58.09,,
ESTAT:ISOC_CI_IN_H(1.0),16/12/25 11:00:00,Annual,Percentage of households,Single person with dependent children,Belgium,2008,62.99,,
ESTAT:ISOC_CI_IN_H(1.0),16/12/25 11:00:00,Annual,Percentage of households,Single person with dependent children,Belgium,2009,67.06,,
ESTAT:ISOC_CI_IN_H(1.0),16/12/25 11:00:00,Annual,Percentage of households,Single person with dependent children,Belgium,2010,75.57,,
ESTAT:ISOC_CI_IN_H(1.0),16/12/25 11:00:00,Annual,Percentage of households,Single person with dependent children,Belgium,2011,82.09,,
ESTAT:ISOC_CI_IN_H(1.0),16/12/25 11:00:00,Annual,Percentage of households,Single person with dependent children,Belgium,2012,79.74,,
ESTAT:ISOC_CI_IN_H(1.0),16/12/25 11:00:00,Annual,Percentage of households,Single person with dependent children,Belgium,2013,79.73,,
ESTAT:ISOC_CI_IN_H(1.0),16/12/25 11:00:00,Annual,Percentage of households,Single person with dependent children,Belgium,2014,88.80,,
ESTAT:ISOC_CI_IN_H(1.0),16/12/25 11:00:00,Annual,Percentage of households,Single person with dependent children,Belgium,2015,85.59,,
ESTAT:ISOC_CI_IN_H(1.0),16/12/25 11:00:00,Annual,Percentage of households,Single person with dependent children,Belgium,2016,89.15,,
ESTAT:ISOC_CI_IN_H(1.0),16/12/25 11:00:00,Annual,Percentage of households,Single person with dependent children,Belgium,2017,93.70,,
ESTAT:ISOC_CI_IN_H(1.0),16/12/25 11:00:00,Annual,Percentage of households,Single person with dependent children,Belgium,2018,90.59,,
ESTAT:ISOC_CI_IN_H(1.0),16/12/25 11:00:00,Annual,Percentage of households,Single person with dependent children,Belgium,2019,95.90,,
ESTAT:ISOC_CI_IN_H(1.0),16/12/25 11:00:00,Annual,Percentage of households,Single person with dependent children,Belgium,2020,93.87,,
ESTAT:ISOC_CI_IN_H(1.0),16/12/25 11:00:00,Annual,Percentage of households,Single person with dependent children,Belgium,2021,95.27,,
ESTAT:ISOC_CI_IN_H(1.0),16/12/25 11:00:00,Annual,Percentage of households,Single person with dependent children,Belgium,2022,98.07,,
ESTAT:ISOC_CI_IN_H(1.0),16/12/25 11:00:00,Annual,Percentage of households,Single person with dependent children,Belgium,2023,95.60,,
ESTAT:ISOC_CI_IN_H(1.0),16/12/25 11:00:00,Annual,Percentage of households,Single person with dependent children,Belgium,2024,97.16,,
ESTAT:ISOC_CI_IN_H(1.0),16/12/25 11:00:00,Annual,Percentage of households,Single person with dependent children,Belgium,2025,97.31,,
ESTAT:ISOC_CI_IN_H(1.0),16/12/25 11:00:00,Annual,Percentage of households,Single person with dependent children,Bulgaria,2004,13.11,,
ESTAT:ISOC_CI_IN_H(1.0),16/12/25 11:00:00,Annual,Percentage of households,Single person with dependent children,Bulgaria,2007,17.75,,
ESTAT:ISOC_CI_IN_H(1.0),16/12/25 11:00:00,Annual,Percentage of households,Single person with dependent children,Bulgaria,2008,44.70,,
ESTAT:ISOC_CI_IN_H(1.0),16/12/25 11:00:00,Annual,Percentage of households,Single person with dependent children,Bulgaria,2009,43.16,,
ESTAT:ISOC_CI_IN_H(1.0),16/12/25 11:00:00,Annual,Percentage of households,Single person with dependent children,Bulgaria,2010,44.04,,
ESTAT:ISOC_CI_IN_H(1.0),16/12/25 11:00:00,Annual,Percentage of households,Single person with dependent children,Bulgaria,2011,51.51,u,
ESTAT:ISOC_CI_IN_H(1.0),16/12/25 11:00:00,Annual,Percentage of households,Single person with dependent children,Bulgaria,2012,76.30,,
ESTAT:ISOC_CI_IN_H(1.0),16/12/25 11:00:00,Annual,Percentage of households,Single person with dependent children,Bulgaria,2013,71.89,,
ESTAT:ISOC_CI_IN_H(1.0),16/12/25 11:00:00,Annual,Percentage of households,Single person with dependent children,Bulgaria,2014,86.92,u,
ESTAT:ISOC_CI_IN_H(1.0),16/12/25 11:00:00,Annual,Percentage of households,Single person with dependent children,Bulgaria,2015,95.52,u,
ESTAT:ISOC_CI_IN_H(1.0),16/12/25 11:00:00,Annual,Percentage of households,Single person with dependent children,Bulgaria,2016,81.28,u,
ESTAT:ISOC_CI_IN_H(1.0),16/12/25 11:00:00,Annual,Percentage of households,Single person with dependent children,Bulgaria,2017,87.89,u,
ESTAT:ISOC_CI_IN_H(1.0),16/12/25 11:00:00,Annual,Percentage of households,Single person with dependent children,Bulgaria,2018,92.00,u,
ESTAT:ISOC_CI_IN_H(1.0),16/12/25 11:00:00,Annual,Percentage of households,Single person with dependent children,Bulgaria,2019,85.66,u,
ESTAT:ISOC_CI_IN_H(1.0),16/12/25 11:00:00,Annual,Percentage of households,Single person with dependent children,Bulgaria,2020,,u,
ESTAT:ISOC_CI_IN_H(1.0),16/12/25 11:00:00,Annual,Percentage of households,Single person with dependent children,Bulgaria,2021,97.46,u,
ESTAT:ISOC_CI_IN_H(1.0),16/12/25 11:00:00,Annual,Percentage of households,Single person with dependent children,Bulgaria,2022,95.93,u,
ESTAT:ISOC_CI_IN_H(1.0),16/12/25 11:00:00,Annual,Percentage of households,Single person with dependent children,Bulgaria,2023,,u,
ESTAT:ISOC_CI_IN_H(1.0),16/12/25 11:00:00,Annual,Percentage of households,Single person with dependent children,Bulgaria,2024,96.43,,
ESTAT:ISOC_CI_IN_H(1.0),16/12/25 11:00:00,Annual,Percentage of households,Single person with dependent children,Bulgaria,2025,,u,
ESTAT:ISOC_CI_IN_H(1.0),16/12/25 11:00:00,Annual,Percentage of households,Single person with dependent children,Switzerland,2014,96.01,u,
ESTAT:ISOC_CI_IN_H(1.0),16/12/25 11:00:00,Annual,Percentage of households,Single person with dependent children,Switzerland,2017,100.00,bu,
ESTAT:ISOC_CI_IN_H(1.0),16/12/25 11:00:00,Annual,Percentage of households,Single person with dependent children,Switzerland,2019,95.50,u,
ESTAT:ISOC_CI_IN_H(1.0),16/12/25 11:00:00,Annual,Percentage of households,Single person with dependent children,Switzerland,2021,100.00,u,
ESTAT:ISOC_CI_IN_H(1.0),16/12/25 11:00:00,Annual,Percentage of households,Single person with dependent children,Switzerland,2023,100.00,u,
ESTAT:ISOC_CI_IN_H(1.0),16/12/25 11:00:00,Annual,Percentage of households,Single person with dependent children,Switzerland,2025,100.00,u,
ESTAT:ISOC_CI_IN_H(1.0),16/12/25 11:00:00,Annual,Percentage of households,Single person with dependent children,Cyprus,2004,62.79,,
ESTAT:ISOC_CI_IN_H(1.0),16/12/25 11:00:00,Annual,Percentage of households,Single person with dependent children,Cyprus,2005,33.92,,
ESTAT:ISOC_CI_IN_H(1.0),16/12/25 11:00:00,Annual,Percentage of households,Single person with dependent children,Cyprus,2006,36.20,,
ESTAT:ISOC_CI_IN_H(1.0),16/12/25 11:00:00,Annual,Percentage of households,Single person with dependent children,Cyprus,2007,38.59,,
ESTAT:ISOC_CI_IN_H(1.0),16/12/25 11:00:00,Annual,Percentage of households,Single person with dependent children,Cyprus,2008,30.00,,
ESTAT:ISOC_CI_IN_H(1.0),16/12/25 11:00:00,Annual,Percentage of households,Single person with dependent children,Cyprus,2009,61.23,,
ESTAT:ISOC_CI_IN_H(1.0),16/12/25 11:00:00,Annual,Percentage of households,Single person with dependent children,Cyprus,2010,69.44,,
ESTAT:ISOC_CI_IN_H(1.0),16/12/25 11:00:00,Annual,Percentage of households,Single person with dependent children,Cyprus,2011,46.25,u,
ESTAT:ISOC_CI_IN_H(1.0),16/12/25 11:00:00,Annual,Percentage of households,Single person with dependent children,Cyprus,2012,81.11,u,
ESTAT:ISOC_CI_IN_H(1.0),16/12/25 11:00:00,Annual,Percentage of households,Single person with dependent children,Cyprus,2013,70.60,u,
ESTAT:ISOC_CI_IN_H(1.0),16/12/25 11:00:00,Annual,Percentage of households,Single person with dependent children,Cyprus,2014,67.93,u,
ESTAT:ISOC_CI_IN_H(1.0),16/12/25 11:00:00,Annual,Percentage of households,Single person with dependent children,Cyprus,2015,80.14,u,
ESTAT:ISOC_CI_IN_H(1.0),16/12/25 11:00:00,Annual,Percentage of households,Single person with dependent children,Cyprus,2016,89.81,u,
ESTAT:ISOC_CI_IN_H(1.0),16/12/25 11:00:00,Annual,Percentage of households,Single person with dependent children,Cyprus,2017,95.28,u,
ESTAT:ISOC_CI_IN_H(1.0),16/12/25 11:00:00,Annual,Percentage of households,Single person with dependent children,Cyprus,2018,94.86,u,
ESTAT:ISOC_CI_IN_H(1.0),16/12/25 11:00:00,Annual,Percentage of households,Single person with dependent children,Cyprus,2019,100.00,u,
ESTAT:ISOC_CI_IN_H(1.0),16/12/25 11:00:00,Annual,Percentage of households,Single person with dependent children,Cyprus,2020,100.00,u,
ESTAT:ISOC_CI_IN_H(1.0),16/12/25 11:00:00,Annual,Percentage of households,Single person with dependent children,Cyprus,2021,97.71,u,
ESTAT:ISOC_CI_IN_H(1.0),16/12/25 11:00:00,Annual,Percentage of households,Single person with dependent children,Cyprus,2022,100.00,u,
ESTAT:ISOC_CI_IN_H(1.0),16/12/25 11:00:00,Annual,Percentage of households,Single person with dependent children,Cyprus,2023,100.00,u,
ESTAT:ISOC_CI_IN_H(1.0),16/12/25 11:00:00,Annual,Percentage of households,Single person with dependent children,Cyprus,2024,100.00,u,
ESTAT:ISOC_CI_IN_H(1.0),16/12/25 11:00:00,Annual,Percentage of households,Single person with dependent children,Cyprus,2025,100.00,u,
ESTAT:ISOC_CI_IN_H(1.0),16/12/25 11:00:00,Annual,Percentage of households,Single person with dependent children,Czechia,2004,19.52,,
ESTAT:ISOC_CI_IN_H(1.0),16/12/25 11:00:00,Annual,Percentage of households,Single person with dependent children,Czechia,2005,21.75,,
ESTAT:ISOC_CI_IN_H(1.0),16/12/25 11:00:00,Annual,Percentage of households,Single person with dependent children,Czechia,2006,30.33,,
ESTAT:ISOC_CI_IN_H(1.0),16/12/25 11:00:00,Annual,Percentage of households,Single person with dependent children,Czechia,2007,25.99,,
ESTAT:ISOC_CI_IN_H(1.0),16/12/25 11:00:00,Annual,Percentage of households,Single person with dependent children,Czechia,2008,49.26,,
ESTAT:ISOC_CI_IN_H(1.0),16/12/25 11:00:00,Annual,Percentage of households,Single person with dependent children,Czechia,2009,63.74,,
ESTAT:ISOC_CI_IN_H(1.0),16/12/25 11:00:00,Annual,Percentage of households,Single person with dependent children,Czechia,2010,62.52,,
ESTAT:ISOC_CI_IN_H(1.0),16/12/25 11:00:00,Annual,Percentage of households,Single person with dependent children,Czechia,2011,70.47,,
ESTAT:ISOC_CI_IN_H(1.0),16/12/25 11:00:00,Annual,Percentage of households,Single person with dependent children,Czechia,2012,71.09,,
ESTAT:ISOC_CI_IN_H(1.0),16/12/25 11:00:00,Annual,Percentage of households,Single person with dependent children,Czechia,2013,79.87,,
ESTAT:ISOC_CI_IN_H(1.0),16/12/25 11:00:00,Annual,Percentage of households,Single person with dependent children,Czechia,2014,83.39,,
ESTAT:ISOC_CI_IN_H(1.0),16/12/25 11:00:00,Annual,Percentage of households,Single person with dependent children,Czechia,2015,87.20,,
ESTAT:ISOC_CI_IN_H(1.0),16/12/25 11:00:00,Annual,Percentage of households,Single person with dependent children,Czechia,2016,84.34,,
ESTAT:ISOC_CI_IN_H(1.0),16/12/25 11:00:00,Annual,Percentage of households,Single person with dependent children,Czechia,2017,84.69,,
ESTAT:ISOC_CI_IN_H(1.0),16/12/25 11:00:00,Annual,Percentage of households,Single person with dependent children,Czechia,2018,95.71,,
ESTAT:ISOC_CI_IN_H(1.0),16/12/25 11:00:00,Annual,Percentage of households,Single person with dependent children,Czechia,2019,92.87,,
ESTAT:ISOC_CI_IN_H(1.0),16/12/25 11:00:00,Annual,Percentage of households,Single person with dependent children,Czechia,2020,97.11,,
ESTAT:ISOC_CI_IN_H(1.0),16/12/25 11:00:00,Annual,Percentage of households,Single person with dependent children,Czechia,2021,97.89,,
ESTAT:ISOC_CI_IN_H(1.0),16/12/25 11:00:00,Annual,Percentage of households,Single person with dependent children,Czechia,2022,99.69,,
ESTAT:ISOC_CI_IN_H(1.0),16/12/25 11:00:00,Annual,Percentage of households,Single person with dependent children,Czechia,2023,100.00,,
ESTAT:ISOC_CI_IN_H(1.0),16/12/25 11:00:00,Annual,Percentage of households,Single person with dependent children,Czechia,2024,98.73,,
ESTAT:ISOC_CI_IN_H(1.0),16/12/25 11:00:00,Annual,Percentage of households,Single person with dependent children,Czechia,2025,99.58,,
ESTAT:ISOC_CI_IN_H(1.0),16/12/25 11:00:00,Annual,Percentage of households,Single person with dependent children,Germany,2002,51.49,,
ESTAT:ISOC_CI_IN_H(1.0),16/12/25 11:00:00,Annual,Percentage of households,Single person with dependent children,Germany,2003,59.16,,
ESTAT:ISOC_CI_IN_H(1.0),16/12/25 11:00:00,Annual,Percentage of households,Single person with dependent children,Germany,2004,71.75,,
ESTAT:ISOC_CI_IN_H(1.0),16/12/25 11:00:00,Annual,Percentage of households,Single person with dependent children,Germany,2005,63.41,,
ESTAT:ISOC_CI_IN_H(1.0),16/12/25 11:00:00,Annual,Percentage of households,Single person with dependent children,Germany,2006,73.14,,
ESTAT:ISOC_CI_IN_H(1.0),16/12/25 11:00:00,Annual,Percentage of households,Single person with dependent children,Germany,2007,73.75,,
ESTAT:ISOC_CI_IN_H(1.0),16/12/25 11:00:00,Annual,Percentage of households,Single person with dependent children,Germany,2008,81.19,,
ESTAT:ISOC_CI_IN_H(1.0),16/12/25 11:00:00,Annual,Percentage of households,Single person with dependent children,Germany,2009,86.58,,
ESTAT:ISOC_CI_IN_H(1.0),16/12/25 11:00:00,Annual,Percentage of households,Single person with dependent children,Germany,2010,89.76,,
ESTAT:ISOC_CI_IN_H(1.0),16/12/25 11:00:00,Annual,Percentage of households,Single person with dependent children,Germany,2011,91.56,,
ESTAT:ISOC_CI_IN_H(1.0),16/12/25 11:00:00,Annual,Percentage of households,Single person with dependent children,Germany,2012,95.15,,
ESTAT:ISOC_CI_IN_H(1.0),16/12/25 11:00:00,Annual,Percentage of households,Single person with dependent children,Germany,2013,97.07,,
ESTAT:ISOC_CI_IN_H(1.0),16/12/25 11:00:00,Annual,Percentage of households,Single person with dependent children,Germany,2014,97.37,,
ESTAT:ISOC_CI_IN_H(1.0),16/12/25 11:00:00,Annual,Percentage of households,Single person with dependent children,Germany,2015,98.84,,
ESTAT:ISOC_CI_IN_H(1.0),16/12/25 11:00:00,Annual,Percentage of households,Single person with dependent children,Germany,2016,98.35,,
ESTAT:ISOC_CI_IN_H(1.0),16/12/25 11:00:00,Annual,Percentage of households,Single person with dependent children,Germany,2017,99.13,,
ESTAT:ISOC_CI_IN_H(1.0),16/12/25 11:00:00,Annual,Percentage of households,Single person with dependent children,Germany,2018,99.09,,
ESTAT:ISOC_CI_IN_H(1.0),16/12/25 11:00:00,Annual,Percentage of households,Single person with dependent children,Germany,2019,99.31,,
ESTAT:ISOC_CI_IN_H(1.0),16/12/25 11:00:00,Annual,Percentage of households,Single person with dependent children,Germany,2020,98.33,,
ESTAT:ISOC_CI_IN_H(1.0),16/12/25 11:00:00,Annual,Percentage of households,Single person with dependent children,Germany,2021,97.27,b,
ESTAT:ISOC_CI_IN_H(1.0),16/12/25 11:00:00,Annual,Percentage of households,Single person with dependent children,Germany,2022,94.89,,
ESTAT:ISOC_CI_IN_H(1.0),16/12/25 11:00:00,Annual,Percentage of households,Single person with dependent children,Germany,2023,97.14,,
ESTAT:ISOC_CI_IN_H(1.0),16/12/25 11:00:00,Annual,Percentage of households,Single person with dependent children,Germany,2024,95.78,,
ESTAT:ISOC_CI_IN_H(1.0),16/12/25 11:00:00,Annual,Percentage of households,Single person with dependent children,Germany,2025,94.83,,
ESTAT:ISOC_CI_IN_H(1.0),16/12/25 11:00:00,Annual,Percentage of households,Single person with dependent children,Denmark,2002,58.13,,
ESTAT:ISOC_CI_IN_H(1.0),16/12/25 11:00:00,Annual,Percentage of households,Single person with dependent children,Denmark,2003,58.04,,
ESTAT:ISOC_CI_IN_H(1.0),16/12/25 11:00:00,Annual,Percentage of households,Single person with dependent children,Denmark,2004,68.70,,
ESTAT:ISOC_CI_IN_H(1.0),16/12/25 11:00:00,Annual,Percentage of households,Single person with dependent children,Denmark,2005,70.81,,
ESTAT:ISOC_CI_IN_H(1.0),16/12/25 11:00:00,Annual,Percentage of households,Single person with dependent children,Denmark,2006,84.01,,
ESTAT:ISOC_CI_IN_H(1.0),16/12/25 11:00:00,Annual,Percentage of households,Single person with dependent children,Denmark,2007,,u,
ESTAT:ISOC_CI_IN_H(1.0),16/12/25 11:00:00,Annual,Percentage of households,Single person with dependent children,Denmark,2008,,u,
ESTAT:ISOC_CI_IN_H(1.0),16/12/25 11:00:00,Annual,Percentage of households,Single person with dependent children,Denmark,2009,90.11,,
ESTAT:ISOC_CI_IN_H(1.0),16/12/25 11:00:00,Annual,Percentage of households,Single person with dependent children,Denmark,2010,94.10,,
ESTAT:ISOC_CI_IN_H(1.0),16/12/25 11:00:00,Annual,Percentage of households,Single person with dependent children,Denmark,2011,92.06,,
ESTAT:ISOC_CI_IN_H(1.0),16/12/25 11:00:00,Annual,Percentage of households,Single person with dependent children,Denmark,2012,97.38,u,
ESTAT:ISOC_CI_IN_H(1.0),16/12/25 11:00:00,Annual,Percentage of households,Single person with dependent children,Denmark,2013,97.73,,
ESTAT:ISOC_CI_IN_H(1.0),16/12/25 11:00:00,Annual,Percentage of households,Single person with dependent children,Denmark,2014,98.39,,
ESTAT:ISOC_CI_IN_H(1.0),16/12/25 11:00:00,Annual,Percentage of households,Single person with dependent children,Denmark,2015,96.60,,
ESTAT:ISOC_CI_IN_H(1.0),16/12/25 11:00:00,Annual,Percentage of households,Single person with dependent children,Denmark,2016,100.00,,
ESTAT:ISOC_CI_IN_H(1.0),16/12/25 11:00:00,Annual,Percentage of households,Single person with dependent children,Denmark,2017,100.00,,
ESTAT:ISOC_CI_IN_H(1.0),16/12/25 11:00:00,Annual,Percentage of households,Single person with dependent children,Denmark,2018,93.41,,
ESTAT:ISOC_CI_IN_H(1.0),16/12/25 11:00:00,Annual,Percentage of households,Single person with dependent children,Denmark,2019,97.18,,
ESTAT:ISOC_CI_IN_H(1.0),16/12/25 11:00:00,Annual,Percentage of households,Single person with dependent children,Denmark,2020,100.00,,
ESTAT:ISOC_CI_IN_H(1.0),16/12/25 11:00:00,Annual,Percentage of households,Single person with dependent children,Denmark,2021,100.00,,
ESTAT:ISOC_CI_IN_H(1.0),16/12/25 11:00:00,Annual,Percentage of households,Single person with dependent children,Denmark,2022,97.12,,
ESTAT:ISOC_CI_IN_H(1.0),16/12/25 11:00:00,Annual,Percentage of households,Single person with dependent children,Denmark,2023,95.29,,
ESTAT:ISOC_CI_IN_H(1.0),16/12/25 11:00:00,Annual,Percentage of households,Single person with dependent children,Denmark,2024,100.00,,
ESTAT:ISOC_CI_IN_H(1.0),16/12/25 11:00:00,Annual,Percentage of households,Single person with dependent children,Denmark,2025,100.00,,
ESTAT:ISOC_CI_IN_H(1.0),16/12/25 11:00:00,Annual,Percentage of households,Single person with dependent children,"Euro area (EA11-1999, EA12-2001, EA13-2007, EA15-2008, EA16-2009, EA17-2011, EA18-2014, EA19-2015, EA20-2023, EA21-2026)",2002,36.37,,
ESTAT:ISOC_CI_IN_H(1.0),16/12/25 11:00:00,Annual,Percentage of households,Single person with dependent children,"Euro area (EA11-1999, EA12-2001, EA13-2007, EA15-2008, EA16-2009, EA17-2011, EA18-2014, EA19-2015, EA20-2023, EA21-2026)",2003,41.17,,
ESTAT:ISOC_CI_IN_H(1.0),16/12/25 11:00:00,Annual,Percentage of households,Single person with dependent children,"Euro area (EA11-1999, EA12-2001, EA13-2007, EA15-2008, EA16-2009, EA17-2011, EA18-2014, EA19-2015, EA20-2023, EA21-2026)",2004,44.08,,
ESTAT:ISOC_CI_IN_H(1.0),16/12/25 11:00:00,Annual,Percentage of households,Single person with dependent children,"Euro area (EA11-1999, EA12-2001, EA13-2007, EA15-2008, EA16-2009, EA17-2011, EA18-2014, EA19-2015, EA20-2023, EA21-2026)",2005,52.86,,
ESTAT:ISOC_CI_IN_H(1.0),16/12/25 11:00:00,Annual,Percentage of households,Single person with dependent children,"Euro area (EA11-1999, EA12-2001, EA13-2007, EA15-2008, EA16-2009, EA17-2011, EA18-2014, EA19-2015, EA20-2023, EA21-2026)",2006,46.98,,
ESTAT:ISOC_CI_IN_H(1.0),16/12/25 11:00:00,Annual,Percentage of households,Single person with dependent children,"Euro area (EA11-1999, EA12-2001, EA13-2007, EA15-2008, EA16-2009, EA17-2011, EA18-2014, EA19-2015, EA20-2023, EA21-2026)",2007,64.16,,
ESTAT:ISOC_CI_IN_H(1.0),16/12/25 11:00:00,Annual,Percentage of households,Single person with dependent children,"Euro area (EA11-1999, EA12-2001, EA13-2007, EA15-2008, EA16-2009, EA17-2011, EA18-2014, EA19-2015, EA20-2023, EA21-2026)",2008,68.86,,
ESTAT:ISOC_CI_IN_H(1.0),16/12/25 11:00:00,Annual,Percentage of households,Single person with dependent children,"Euro area (EA11-1999, EA12-2001, EA13-2007, EA15-2008, EA16-2009, EA17-2011, EA18-2014, EA19-2015, EA20-2023, EA21-2026)",2009,78.22,,
ESTAT:ISOC_CI_IN_H(1.0),16/12/25 11:00:00,Annual,Percentage of households,Single person with dependent children,"Euro area (EA11-1999, EA12-2001, EA13-2007, EA15-2008, EA16-2009, EA17-2011, EA18-2014, EA19-2015, EA20-2023, EA21-2026)",2010,80.43,,
ESTAT:ISOC_CI_IN_H(1.0),16/12/25 11:00:00,Annual,Percentage of households,Single person with dependent children,"Euro area (EA11-1999, EA12-2001, EA13-2007, EA15-2008, EA16-2009, EA17-2011, EA18-2014, EA19-2015, EA20-2023, EA21-2026)",2011,83.03,,
ESTAT:ISOC_CI_IN_H(1.0),16/12/25 11:00:00,Annual,Percentage of households,Single person with dependent children,"Euro area (EA11-1999, EA12-2001, EA13-2007, EA15-2008, EA16-2009, EA17-2011, EA18-2014, EA19-2015, EA20-2023, EA21-2026)",2012,86.34,,
ESTAT:ISOC_CI_IN_H(1.0),16/12/25 11:00:00,Annual,Percentage of households,Single person with dependent children,"Euro area (EA11-1999, EA12-2001, EA13-2007, EA15-2008, EA16-2009, EA17-2011, EA18-2014, EA19-2015, EA20-2023, EA21-2026)",2013,89.38,,
ESTAT:ISOC_CI_IN_H(1.0),16/12/25 11:00:00,Annual,Percentage of households,Single person with dependent children,"Euro area (EA11-1999, EA12-2001, EA13-2007, EA15-2008, EA16-2009, EA17-2011, EA18-2014, EA19-2015, EA20-2023, EA21-2026)",2014,91.46,,
ESTAT:ISOC_CI_IN_H(1.0),16/12/25 11:00:00,Annual,Percentage of households,Single person with dependent children,"Euro area (EA11-1999, EA12-2001, EA13-2007, EA15-2008, EA16-2009, EA17-2011, EA18-2014, EA19-2015, EA20-2023, EA21-2026)",2015,91.69,,
ESTAT:ISOC_CI_IN_H(1.0),16/12/25 11:00:00,Annual,Percentage of households,Single person with dependent children,"Euro area (EA11-1999, EA12-2001, EA13-2007, EA15-2008, EA16-2009, EA17-2011, EA18-2014, EA19-2015, EA20-2023, EA21-2026)",2016,93.25,,
ESTAT:ISOC_CI_IN_H(1.0),16/12/25 11:00:00,Annual,Percentage of households,Single person with dependent children,"Euro area (EA11-1999, EA12-2001, EA13-2007, EA15-2008, EA16-2009, EA17-2011, EA18-2014, EA19-2015, EA20-2023, EA21-2026)",2017,94.06,,
ESTAT:ISOC_CI_IN_H(1.0),16/12/25 11:00:00,Annual,Percentage of households,Single person with dependent children,"Euro area (EA11-1999, EA12-2001, EA13-2007, EA15-2008, EA16-2009, EA17-2011, EA18-2014, EA19-2015, EA20-2023, EA21-2026)",2018,95.16,,
ESTAT:ISOC_CI_IN_H(1.0),16/12/25 11:00:00,Annual,Percentage of households,Single person with dependent children,"Euro area (EA11-1999, EA12-2001, EA13-2007, EA15-2008, EA16-2009, EA17-2011, EA18-2014, EA19-2015, EA20-2023, EA21-2026)",2019,96.74,,
ESTAT:ISOC_CI_IN_H(1.0),16/12/25 11:00:00,Annual,Percentage of households,Single person with dependent children,"Euro area (EA11-1999, EA12-2001, EA13-2007, EA15-2008, EA16-2009, EA17-2011, EA18-2014, EA19-2015, EA20-2023, EA21-2026)",2020,96.76,e,
ESTAT:ISOC_CI_IN_H(1.0),16/12/25 11:00:00,Annual,Percentage of households,Single person with dependent children,"Euro area (EA11-1999, EA12-2001, EA13-2007, EA15-2008, EA16-2009, EA17-2011, EA18-2014, EA19-2015, EA20-2023, EA21-2026)",2021,97.86,b,
ESTAT:ISOC_CI_IN_H(1.0),16/12/25 11:00:00,Annual,Percentage of households,Single person with dependent children,"Euro area (EA11-1999, EA12-2001, EA13-2007, EA15-2008, EA16-2009, EA17-2011, EA18-2014, EA19-2015, EA20-2023, EA21-2026)",2022,96.25,,
ESTAT:ISOC_CI_IN_H(1.0),16/12/25 11:00:00,Annual,Percentage of households,Single person with dependent children,"Euro area (EA11-1999, EA12-2001, EA13-2007, EA15-2008, EA16-2009, EA17-2011, EA18-2014, EA19-2015, EA20-2023, EA21-2026)",2023,98.01,,
ESTAT:ISOC_CI_IN_H(1.0),16/12/25 11:00:00,Annual,Percentage of households,Single person with dependent children,"Euro area (EA11-1999, EA12-2001, EA13-2007, EA15-2008, EA16-2009, EA17-2011, EA18-2014, EA19-2015, EA20-2023, EA21-2026)",2024,97.26,,
ESTAT:ISOC_CI_IN_H(1.0),16/12/25 11:00:00,Annual,Percentage of households,Single person with dependent children,"Euro area (EA11-1999, EA12-2001, EA13-2007, EA15-2008, EA16-2009, EA17-2011, EA18-2014, EA19-2015, EA20-2023, EA21-2026)",2025,97.13,,
ESTAT:ISOC_CI_IN_H(1.0),16/12/25 11:00:00,Annual,Percentage of households,Single person with dependent children,Estonia,2004,29.09,,
ESTAT:ISOC_CI_IN_H(1.0),16/12/25 11:00:00,Annual,Percentage of households,Single person with dependent children,Estonia,2005,,u,
ESTAT:ISOC_CI_IN_H(1.0),16/12/25 11:00:00,Annual,Percentage of households,Single person with dependent children,Estonia,2006,44.78,,
ESTAT:ISOC_CI_IN_H(1.0),16/12/25 11:00:00,Annual,Percentage of households,Single person with dependent children,Estonia,2007,51.42,,
ESTAT:ISOC_CI_IN_H(1.0),16/12/25 11:00:00,Annual,Percentage of households,Single person with dependent children,Estonia,2008,79.29,,
ESTAT:ISOC_CI_IN_H(1.0),16/12/25 11:00:00,Annual,Percentage of households,Single person with dependent children,Estonia,2009,83.03,u,
ESTAT:ISOC_CI_IN_H(1.0),16/12/25 11:00:00,Annual,Percentage of households,Single person with dependent children,Estonia,2010,84.32,u,
ESTAT:ISOC_CI_IN_H(1.0),16/12/25 11:00:00,Annual,Percentage of households,Single person with dependent children,Estonia,2011,78.07,u,
ESTAT:ISOC_CI_IN_H(1.0),16/12/25 11:00:00,Annual,Percentage of households,Single person with dependent children,Estonia,2012,89.86,,
ESTAT:ISOC_CI_IN_H(1.0),16/12/25 11:00:00,Annual,Percentage of households,Single person with dependent children,Estonia,2013,97.08,u,
ESTAT:ISOC_CI_IN_H(1.0),16/12/25 11:00:00,Annual,Percentage of households,Single person with dependent children,Estonia,2014,95.02,b,
ESTAT:ISOC_CI_IN_H(1.0),16/12/25 11:00:00,Annual,Percentage of households,Single person with dependent children,Estonia,2015,100.00,,
ESTAT:ISOC_CI_IN_H(1.0),16/12/25 11:00:00,Annual,Percentage of households,Single person with dependent children,Estonia,2016,97.86,,
ESTAT:ISOC_CI_IN_H(1.0),16/12/25 11:00:00,Annual,Percentage of households,Single person with dependent children,Estonia,2017,100.00,,
ESTAT:ISOC_CI_IN_H(1.0),16/12/25 11:00:00,Annual,Percentage of households,Single person with dependent children,Estonia,2018,97.95,,
ESTAT:ISOC_CI_IN_H(1.0),16/12/25 11:00:00,Annual,Percentage of households,Single person with dependent children,Estonia,2019,99.04,,
ESTAT:ISOC_CI_IN_H(1.0),16/12/25 11:00:00,Annual,Percentage of households,Single person with dependent children,Estonia,2020,100.00,,
ESTAT:ISOC_CI_IN_H(1.0),16/12/25 11:00:00,Annual,Percentage of households,Single person with dependent children,Estonia,2021,99.18,,
ESTAT:ISOC_CI_IN_H(1.0),16/12/25 11:00:00,Annual,Percentage of households,Single person with dependent children,Estonia,2022,100.00,,
ESTAT:ISOC_CI_IN_H(1.0),16/12/25 11:00:00,Annual,Percentage of households,Single person with dependent children,Estonia,2023,98.87,,
ESTAT:ISOC_CI_IN_H(1.0),16/12/25 11:00:00,Annual,Percentage of households,Single person with dependent children,Estonia,2024,99.13,,
ESTAT:ISOC_CI_IN_H(1.0),16/12/25 11:00:00,Annual,Percentage of households,Single person with dependent children,Estonia,2025,98.35,,
ESTAT:ISOC_CI_IN_H(1.0),16/12/25 11:00:00,Annual,Percentage of households,Single person with dependent children,Greece,2002,16.07,,
ESTAT:ISOC_CI_IN_H(1.0),16/12/25 11:00:00,Annual,Percentage of households,Single person with dependent children,Greece,2003,29.10,,
ESTAT:ISOC_CI_IN_H(1.0),16/12/25 11:00:00,Annual,Percentage of households,Single person with dependent children,Greece,2004,30.95,,
ESTAT:ISOC_CI_IN_H(1.0),16/12/25 11:00:00,Annual,Percentage of households,Single person with dependent children,Greece,2005,16.20,,
ESTAT:ISOC_CI_IN_H(1.0),16/12/25 11:00:00,Annual,Percentage of households,Single person with dependent children,Greece,2006,20.49,,
ESTAT:ISOC_CI_IN_H(1.0),16/12/25 11:00:00,Annual,Percentage of households,Single person with dependent children,Greece,2007,32.44,,
ESTAT:ISOC_CI_IN_H(1.0),16/12/25 11:00:00,Annual,Percentage of households,Single person with dependent children,Greece,2008,31.32,,
ESTAT:ISOC_CI_IN_H(1.0),16/12/25 11:00:00,Annual,Percentage of households,Single person with dependent children,Greece,2009,50.29,,
ESTAT:ISOC_CI_IN_H(1.0),16/12/25 11:00:00,Annual,Percentage of households,Single person with dependent children,Greece,2010,66.81,,
ESTAT:ISOC_CI_IN_H(1.0),16/12/25 11:00:00,Annual,Percentage of households,Single person with dependent children,Greece,2011,69.27,u,
ESTAT:ISOC_CI_IN_H(1.0),16/12/25 11:00:00,Annual,Percentage of households,Single person with dependent children,Greece,2012,71.98,u,
ESTAT:ISOC_CI_IN_H(1.0),16/12/25 11:00:00,Annual,Percentage of households,Single person with dependent children,Greece,2013,77.67,u,
ESTAT:ISOC_CI_IN_H(1.0),16/12/25 11:00:00,Annual,Percentage of households,Single person with dependent children,Greece,2014,61.26,u,
ESTAT:ISOC_CI_IN_H(1.0),16/12/25 11:00:00,Annual,Percentage of households,Single person with dependent children,Greece,2015,88.98,u,
ESTAT:ISOC_CI_IN_H(1.0),16/12/25 11:00:00,Annual,Percentage of households,Single person with dependent children,Greece,2016,74.90,u,
ESTAT:ISOC_CI_IN_H(1.0),16/12/25 11:00:00,Annual,Percentage of households,Single person with dependent children,Greece,2017,80.08,u,
ESTAT:ISOC_CI_IN_H(1.0),16/12/25 11:00:00,Annual,Percentage of households,Single person with dependent children,Greece,2018,95.71,u,
ESTAT:ISOC_CI_IN_H(1.0),16/12/25 11:00:00,Annual,Percentage of households,Single person with dependent children,Greece,2019,95.41,u,
ESTAT:ISOC_CI_IN_H(1.0),16/12/25 11:00:00,Annual,Percentage of households,Single person with dependent children,Greece,2020,97.73,u,
ESTAT:ISOC_CI_IN_H(1.0),16/12/25 11:00:00,Annual,Percentage of households,Single person with dependent children,Greece,2021,97.47,u,
ESTAT:ISOC_CI_IN_H(1.0),16/12/25 11:00:00,Annual,Percentage of households,Single person with dependent children,Greece,2022,94.01,u,
ESTAT:ISOC_CI_IN_H(1.0),16/12/25 11:00:00,Annual,Percentage of households,Single person with dependent children,Greece,2023,100.00,u,
ESTAT:ISOC_CI_IN_H(1.0),16/12/25 11:00:00,Annual,Percentage of households,Single person with dependent children,Greece,2024,90.75,u,
ESTAT:ISOC_CI_IN_H(1.0),16/12/25 11:00:00,Annual,Percentage of households,Single person with dependent children,Greece,2025,100.00,u,
ESTAT:ISOC_CI_IN_H(1.0),16/12/25 11:00:00,Annual,Percentage of households,Single person with dependent children,Spain,2005,34.98,,
ESTAT:ISOC_CI_IN_H(1.0),16/12/25 11:00:00,Annual,Percentage of households,Single person with dependent children,Spain,2006,40.26,,
ESTAT:ISOC_CI_IN_H(1.0),16/12/25 11:00:00,Annual,Percentage of households,Single person with dependent children,Spain,2007,43.33,,
ESTAT:ISOC_CI_IN_H(1.0),16/12/25 11:00:00,Annual,Percentage of households,Single person with dependent children,Spain,2008,54.96,,
ESTAT:ISOC_CI_IN_H(1.0),16/12/25 11:00:00,Annual,Percentage of households,Single person with dependent children,Spain,2009,53.13,,
ESTAT:ISOC_CI_IN_H(1.0),16/12/25 11:00:00,Annual,Percentage of households,Single person with dependent children,Spain,2010,66.12,,
ESTAT:ISOC_CI_IN_H(1.0),16/12/25 11:00:00,Annual,Percentage of households,Single person with dependent children,Spain,2011,68.94,,
ESTAT:ISOC_CI_IN_H(1.0),16/12/25 11:00:00,Annual,Percentage of households,Single person with dependent children,Spain,2012,75.58,,
ESTAT:ISOC_CI_IN_H(1.0),16/12/25 11:00:00,Annual,Percentage of households,Single person with dependent children,Spain,2013,71.41,,
ESTAT:ISOC_CI_IN_H(1.0),16/12/25 11:00:00,Annual,Percentage of households,Single person with dependent children,Spain,2014,81.51,,
ESTAT:ISOC_CI_IN_H(1.0),16/12/25 11:00:00,Annual,Percentage of households,Single person with dependent children,Spain,2015,87.07,,
ESTAT:ISOC_CI_IN_H(1.0),16/12/25 11:00:00,Annual,Percentage of households,Single person with dependent children,Spain,2016,89.07,,
ESTAT:ISOC_CI_IN_H(1.0),16/12/25 11:00:00,Annual,Percentage of households,Single person with dependent children,Spain,2017,91.27,,
ESTAT:ISOC_CI_IN_H(1.0),16/12/25 11:00:00,Annual,Percentage of households,Single person with dependent children,Spain,2018,95.70,,
ESTAT:ISOC_CI_IN_H(1.0),16/12/25 11:00:00,Annual,Percentage of households,Single person with dependent children,Spain,2019,98.76,,
ESTAT:ISOC_CI_IN_H(1.0),16/12/25 11:00:00,Annual,Percentage of households,Single person with dependent children,Spain,2020,99.41,,
ESTAT:ISOC_CI_IN_H(1.0),16/12/25 11:00:00,Annual,Percentage of households,Single person with dependent children,Spain,2021,99.74,,
ESTAT:ISOC_CI_IN_H(1.0),16/12/25 11:00:00,Annual,Percentage of households,Single person with dependent children,Spain,2022,99.91,,
ESTAT:ISOC_CI_IN_H(1.0),16/12/25 11:00:00,Annual,Percentage of households,Single person with dependent children,Spain,2023,99.76,,
ESTAT:ISOC_CI_IN_H(1.0),16/12/25 11:00:00,Annual,Percentage of households,Single person with dependent children,Spain,2024,98.23,,
ESTAT:ISOC_CI_IN_H(1.0),16/12/25 11:00:00,Annual,Percentage of households,Single person with dependent children,Spain,2025,99.18,,
ESTAT:ISOC_CI_IN_H(1.0),16/12/25 11:00:00,Annual,Percentage of households,Single person with dependent children,European Union - 15 countries (1995-2004),2002,37.90,,
ESTAT:ISOC_CI_IN_H(1.0),16/12/25 11:00:00,Annual,Percentage of households,Single person with dependent children,European Union - 15 countries (1995-2004),2003,42.13,,
ESTAT:ISOC_CI_IN_H(1.0),16/12/25 11:00:00,Annual,Percentage of households,Single person with dependent children,European Union - 15 countries (1995-2004),2004,46.15,,
ESTAT:ISOC_CI_IN_H(1.0),16/12/25 11:00:00,Annual,Percentage of households,Single person with dependent children,European Union - 15 countries (1995-2004),2005,51.72,,
ESTAT:ISOC_CI_IN_H(1.0),16/12/25 11:00:00,Annual,Percentage of households,Single person with dependent children,European Union - 15 countries (1995-2004),2006,49.10,,
ESTAT:ISOC_CI_IN_H(1.0),16/12/25 11:00:00,Annual,Percentage of households,Single person with dependent children,European Union - 15 countries (1995-2004),2007,63.17,,
ESTAT:ISOC_CI_IN_H(1.0),16/12/25 11:00:00,Annual,Percentage of households,Single person with dependent children,European Union - 15 countries (1995-2004),2008,70.02,,
ESTAT:ISOC_CI_IN_H(1.0),16/12/25 11:00:00,Annual,Percentage of households,Single person with dependent children,European Union - 15 countries (1995-2004),2009,78.81,,
ESTAT:ISOC_CI_IN_H(1.0),16/12/25 11:00:00,Annual,Percentage of households,Single person with dependent children,European Union - 15 countries (1995-2004),2010,80.67,,
ESTAT:ISOC_CI_IN_H(1.0),16/12/25 11:00:00,Annual,Percentage of households,Single person with dependent children,European Union - 15 countries (1995-2004),2011,84.08,,
ESTAT:ISOC_CI_IN_H(1.0),16/12/25 11:00:00,Annual,Percentage of households,Single person with dependent children,European Union - 15 countries (1995-2004),2012,86.30,,
ESTAT:ISOC_CI_IN_H(1.0),16/12/25 11:00:00,Annual,Percentage of households,Single person with dependent children,European Union - 15 countries (1995-2004),2013,89.80,,
ESTAT:ISOC_CI_IN_H(1.0),16/12/25 11:00:00,Annual,Percentage of households,Single person with dependent children,European Union - 15 countries (1995-2004),2014,91.46,,
ESTAT:ISOC_CI_IN_H(1.0),16/12/25 11:00:00,Annual,Percentage of households,Single person with dependent children,European Union - 15 countries (1995-2004),2015,92.68,,
ESTAT:ISOC_CI_IN_H(1.0),16/12/25 11:00:00,Annual,Percentage of households,Single person with dependent children,European Union - 15 countries (1995-2004),2016,94.91,,
ESTAT:ISOC_CI_IN_H(1.0),16/12/25 11:00:00,Annual,Percentage of households,Single person with dependent children,European Union - 15 countries (1995-2004),2017,95.00,,
ESTAT:ISOC_CI_IN_H(1.0),16/12/25 11:00:00,Annual,Percentage of households,Single person with dependent children,European Union - 15 countries (1995-2004),2018,96.03,,
ESTAT:ISOC_CI_IN_H(1.0),16/12/25 11:00:00,Annual,Percentage of households,Single person with dependent children,European Union - 25 countries (2004-2006),2004,42.57,,
ESTAT:ISOC_CI_IN_H(1.0),16/12/25 11:00:00,Annual,Percentage of households,Single person with dependent children,European Union - 25 countries (2004-2006),2005,48.01,,
ESTAT:ISOC_CI_IN_H(1.0),16/12/25 11:00:00,Annual,Percentage of households,Single person with dependent children,European Union - 25 countries (2004-2006),2006,47.53,,
ESTAT:ISOC_CI_IN_H(1.0),16/12/25 11:00:00,Annual,Percentage of households,Single person with dependent children,European Union - 25 countries (2004-2006),2007,60.89,,
ESTAT:ISOC_CI_IN_H(1.0),16/12/25 11:00:00,Annual,Percentage of households,Single person with dependent children,European Union - 25 countries (2004-2006),2008,68.71,,
ESTAT:ISOC_CI_IN_H(1.0),16/12/25 11:00:00,Annual,Percentage of households,Single person with dependent children,European Union - 25 countries (2004-2006),2009,77.23,,
ESTAT:ISOC_CI_IN_H(1.0),16/12/25 11:00:00,Annual,Percentage of households,Single person with dependent children,European Union - 25 countries (2004-2006),2010,79.75,,
ESTAT:ISOC_CI_IN_H(1.0),16/12/25 11:00:00,Annual,Percentage of households,Single person with dependent children,European Union - 27 countries (2007-2013),2004,42.40,,
ESTAT:ISOC_CI_IN_H(1.0),16/12/25 11:00:00,Annual,Percentage of households,Single person with dependent children,European Union - 27 countries (2007-2013),2005,48.01,,
ESTAT:ISOC_CI_IN_H(1.0),16/12/25 11:00:00,Annual,Percentage of households,Single person with dependent children,European Union - 27 countries (2007-2013),2006,46.95,,
ESTAT:ISOC_CI_IN_H(1.0),16/12/25 11:00:00,Annual,Percentage of households,Single person with dependent children,European Union - 27 countries (2007-2013),2007,59.86,,
ESTAT:ISOC_CI_IN_H(1.0),16/12/25 11:00:00,Annual,Percentage of households,Single person with dependent children,European Union - 27 countries (2007-2013),2008,68.10,,
ESTAT:ISOC_CI_IN_H(1.0),16/12/25 11:00:00,Annual,Percentage of households,Single person with dependent children,European Union - 27 countries (2007-2013),2009,76.31,,
ESTAT:ISOC_CI_IN_H(1.0),16/12/25 11:00:00,Annual,Percentage of households,Single person with dependent children,European Union - 27 countries (2007-2013),2010,79.04,,
ESTAT:ISOC_CI_IN_H(1.0),16/12/25 11:00:00,Annual,Percentage of households,Single person with dependent children,European Union - 27 countries (2007-2013),2011,82.62,,
ESTAT:ISOC_CI_IN_H(1.0),16/12/25 11:00:00,Annual,Percentage of households,Single person with dependent children,European Union - 27 countries (2007-2013),2012,85.48,,
ESTAT:ISOC_CI_IN_H(1.0),16/12/25 11:00:00,Annual,Percentage of households,Single person with dependent children,European Union - 27 countries (2007-2013),2013,88.83,,
ESTAT:ISOC_CI_IN_H(1.0),16/12/25 11:00:00,Annual,Percentage of households,Single person with dependent children,European Union - 27 countries (2007-2013),2014,90.87,,
ESTAT:ISOC_CI_IN_H(1.0),16/12/25 11:00:00,Annual,Percentage of households,Single person with dependent children,European Union - 27 countries (2007-2013),2015,92.07,,
ESTAT:ISOC_CI_IN_H(1.0),16/12/25 11:00:00,Annual,Percentage of households,Single person with dependent children,European Union - 27 countries (2007-2013),2016,94.11,,
ESTAT:ISOC_CI_IN_H(1.0),16/12/25 11:00:00,Annual,Percentage of households,Single person with dependent children,European Union - 27 countries (2007-2013),2017,94.63,,
ESTAT:ISOC_CI_IN_H(1.0),16/12/25 11:00:00,Annual,Percentage of households,Single person with dependent children,European Union - 27 countries (2007-2013),2018,95.75,,
ESTAT:ISOC_CI_IN_H(1.0),16/12/25 11:00:00,Annual,Percentage of households,Single person with dependent children,European Union - 27 countries (from 2020),2007,60.32,,
ESTAT:ISOC_CI_IN_H(1.0),16/12/25 11:00:00,Annual,Percentage of households,Single person with dependent children,European Union - 27 countries (from 2020),2008,67.51,,
ESTAT:ISOC_CI_IN_H(1.0),16/12/25 11:00:00,Annual,Percentage of households,Single person with dependent children,European Union - 27 countries (from 2020),2009,75.74,,
ESTAT:ISOC_CI_IN_H(1.0),16/12/25 11:00:00,Annual,Percentage of households,Single person with dependent children,European Union - 27 countries (from 2020),2010,78.98,,
ESTAT:ISOC_CI_IN_H(1.0),16/12/25 11:00:00,Annual,Percentage of households,Single person with dependent children,European Union - 27 countries (from 2020),2011,81.94,,
ESTAT:ISOC_CI_IN_H(1.0),16/12/25 11:00:00,Annual,Percentage of households,Single person with dependent children,European Union - 27 countries (from 2020),2012,85.87,,
ESTAT:ISOC_CI_IN_H(1.0),16/12/25 11:00:00,Annual,Percentage of households,Single person with dependent children,European Union - 27 countries (from 2020),2013,88.71,,
ESTAT:ISOC_CI_IN_H(1.0),16/12/25 11:00:00,Annual,Percentage of households,Single person with dependent children,European Union - 27 countries (from 2020),2014,90.94,,
ESTAT:ISOC_CI_IN_H(1.0),16/12/25 11:00:00,Annual,Percentage of households,Single person with dependent children,European Union - 27 countries (from 2020),2015,91.38,,
ESTAT:ISOC_CI_IN_H(1.0),16/12/25 11:00:00,Annual,Percentage of households,Single person with dependent children,European Union - 27 countries (from 2020),2016,92.77,,
ESTAT:ISOC_CI_IN_H(1.0),16/12/25 11:00:00,Annual,Percentage of households,Single person with dependent children,European Union - 27 countries (from 2020),2017,93.90,,
ESTAT:ISOC_CI_IN_H(1.0),16/12/25 11:00:00,Annual,Percentage of households,Single person with dependent children,European Union - 27 countries (from 2020),2018,95.06,,
ESTAT:ISOC_CI_IN_H(1.0),16/12/25 11:00:00,Annual,Percentage of households,Single person with dependent children,European Union - 27 countries (from 2020),2019,96.24,,
ESTAT:ISOC_CI_IN_H(1.0),16/12/25 11:00:00,Annual,Percentage of households,Single person with dependent children,European Union - 27 countries (from 2020),2020,96.62,e,
ESTAT:ISOC_CI_IN_H(1.0),16/12/25 11:00:00,Annual,Percentage of households,Single person with dependent children,European Union - 27 countries (from 2020),2021,97.89,b,
ESTAT:ISOC_CI_IN_H(1.0),16/12/25 11:00:00,Annual,Percentage of households,Single person with dependent children,European Union - 27 countries (from 2020),2022,96.54,,
ESTAT:ISOC_CI_IN_H(1.0),16/12/25 11:00:00,Annual,Percentage of households,Single person with dependent children,European Union - 27 countries (from 2020),2023,97.95,,
ESTAT:ISOC_CI_IN_H(1.0),16/12/25 11:00:00,Annual,Percentage of households,Single person with dependent children,European Union - 27 countries (from 2020),2024,97.32,,
ESTAT:ISOC_CI_IN_H(1.0),16/12/25 11:00:00,Annual,Percentage of households,Single person with dependent children,European Union - 27 countries (from 2020),2025,97.14,,
ESTAT:ISOC_CI_IN_H(1.0),16/12/25 11:00:00,Annual,Percentage of households,Single person with dependent children,European Union - 28 countries (2013-2020),2007,59.86,,
ESTAT:ISOC_CI_IN_H(1.0),16/12/25 11:00:00,Annual,Percentage of households,Single person with dependent children,European Union - 28 countries (2013-2020),2008,68.03,,
ESTAT:ISOC_CI_IN_H(1.0),16/12/25 11:00:00,Annual,Percentage of households,Single person with dependent children,European Union - 28 countries (2013-2020),2009,76.29,,
ESTAT:ISOC_CI_IN_H(1.0),16/12/25 11:00:00,Annual,Percentage of households,Single person with dependent children,European Union - 28 countries (2013-2020),2010,79.04,,
ESTAT:ISOC_CI_IN_H(1.0),16/12/25 11:00:00,Annual,Percentage of households,Single person with dependent children,European Union - 28 countries (2013-2020),2011,82.62,,
ESTAT:ISOC_CI_IN_H(1.0),16/12/25 11:00:00,Annual,Percentage of households,Single person with dependent children,European Union - 28 countries (2013-2020),2012,85.45,,
ESTAT:ISOC_CI_IN_H(1.0),16/12/25 11:00:00,Annual,Percentage of households,Single person with dependent children,European Union - 28 countries (2013-2020),2013,88.83,,
ESTAT:ISOC_CI_IN_H(1.0),16/12/25 11:00:00,Annual,Percentage of households,Single person with dependent children,European Union - 28 countries (2013-2020),2014,90.83,,
ESTAT:ISOC_CI_IN_H(1.0),16/12/25 11:00:00,Annual,Percentage of households,Single person with dependent children,European Union - 28 countries (2013-2020),2015,92.05,,
ESTAT:ISOC_CI_IN_H(1.0),16/12/25 11:00:00,Annual,Percentage of households,Single person with dependent children,European Union - 28 countries (2013-2020),2016,94.11,,
ESTAT:ISOC_CI_IN_H(1.0),16/12/25 11:00:00,Annual,Percentage of households,Single person with dependent children,European Union - 28 countries (2013-2020),2017,94.59,,
ESTAT:ISOC_CI_IN_H(1.0),16/12/25 11:00:00,Annual,Percentage of households,Single person with dependent children,European Union - 28 countries (2013-2020),2018,95.75,,
ESTAT:ISOC_CI_IN_H(1.0),16/12/25 11:00:00,Annual,Percentage of households,Single person with dependent children,European Union - 28 countries (2013-2020),2019,96.83,,
ESTAT:ISOC_CI_IN_H(1.0),16/12/25 11:00:00,Annual,Percentage of households,Single person with dependent children,Finland,2002,45.11,,
ESTAT:ISOC_CI_IN_H(1.0),16/12/25 11:00:00,Annual,Percentage of households,Single person with dependent children,Finland,2003,44.07,,
ESTAT:ISOC_CI_IN_H(1.0),16/12/25 11:00:00,Annual,Percentage of households,Single person with dependent children,Finland,2004,50.00,,
ESTAT:ISOC_CI_IN_H(1.0),16/12/25 11:00:00,Annual,Percentage of households,Single person with dependent children,Finland,2005,57.02,,
ESTAT:ISOC_CI_IN_H(1.0),16/12/25 11:00:00,Annual,Percentage of households,Single person with dependent children,Finland,2006,78.02,,
ESTAT:ISOC_CI_IN_H(1.0),16/12/25 11:00:00,Annual,Percentage of households,Single person with dependent children,Finland,2007,68.92,,
ESTAT:ISOC_CI_IN_H(1.0),16/12/25 11:00:00,Annual,Percentage of households,Single person with dependent children,Finland,2008,95.43,,
ESTAT:ISOC_CI_IN_H(1.0),16/12/25 11:00:00,Annual,Percentage of households,Single person with dependent children,Finland,2009,96.81,,
ESTAT:ISOC_CI_IN_H(1.0),16/12/25 11:00:00,Annual,Percentage of households,Single person with dependent children,Finland,2010,97.76,,
ESTAT:ISOC_CI_IN_H(1.0),16/12/25 11:00:00,Annual,Percentage of households,Single person with dependent children,Finland,2011,98.87,,
ESTAT:ISOC_CI_IN_H(1.0),16/12/25 11:00:00,Annual,Percentage of households,Single person with dependent children,Finland,2012,100.00,u,
ESTAT:ISOC_CI_IN_H(1.0),16/12/25 11:00:00,Annual,Percentage of households,Single person with dependent children,Finland,2013,100.00,u,
ESTAT:ISOC_CI_IN_H(1.0),16/12/25 11:00:00,Annual,Percentage of households,Single person with dependent children,Finland,2014,100.00,u,
ESTAT:ISOC_CI_IN_H(1.0),16/12/25 11:00:00,Annual,Percentage of households,Single person with dependent children,Finland,2015,100.00,u,
ESTAT:ISOC_CI_IN_H(1.0),16/12/25 11:00:00,Annual,Percentage of households,Single person with dependent children,Finland,2016,100.00,,
ESTAT:ISOC_CI_IN_H(1.0),16/12/25 11:00:00,Annual,Percentage of households,Single person with dependent children,Finland,2017,99.16,u,
ESTAT:ISOC_CI_IN_H(1.0),16/12/25 11:00:00,Annual,Percentage of households,Single person with dependent children,Finland,2018,94.99,u,
ESTAT:ISOC_CI_IN_H(1.0),16/12/25 11:00:00,Annual,Percentage of households,Single person with dependent children,Finland,2019,100.00,u,
ESTAT:ISOC_CI_IN_H(1.0),16/12/25 11:00:00,Annual,Percentage of households,Single person with dependent children,Finland,2020,100.00,,
ESTAT:ISOC_CI_IN_H(1.0),16/12/25 11:00:00,Annual,Percentage of households,Single person with dependent children,Finland,2021,100.00,u,
ESTAT:ISOC_CI_IN_H(1.0),16/12/25 11:00:00,Annual,Percentage of households,Single person with dependent children,Finland,2022,100.00,,
ESTAT:ISOC_CI_IN_H(1.0),16/12/25 11:00:00,Annual,Percentage of households,Single person with dependent children,Finland,2023,100.00,,
ESTAT:ISOC_CI_IN_H(1.0),16/12/25 11:00:00,Annual,Percentage of households,Single person with dependent children,Finland,2024,100.00,,
ESTAT:ISOC_CI_IN_H(1.0),16/12/25 11:00:00,Annual,Percentage of households,Single person with dependent children,Finland,2025,100.00,,
ESTAT:ISOC_CI_IN_H(1.0),16/12/25 11:00:00,Annual,Percentage of households,Single person with dependent children,France,2002,21.83,,
ESTAT:ISOC_CI_IN_H(1.0),16/12/25 11:00:00,Annual,Percentage of households,Single person with dependent children,France,2003,27.54,,
ESTAT:ISOC_CI_IN_H(1.0),16/12/25 11:00:00,Annual,Percentage of households,Single person with dependent children,France,2004,30.27,,
ESTAT:ISOC_CI_IN_H(1.0),16/12/25 11:00:00,Annual,Percentage of households,Single person with dependent children,France,2006,33.16,,
ESTAT:ISOC_CI_IN_H(1.0),16/12/25 11:00:00,Annual,Percentage of households,Single person with dependent children,France,2007,70.06,,
ESTAT:ISOC_CI_IN_H(1.0),16/12/25 11:00:00,Annual,Percentage of households,Single person with dependent children,France,2008,65.24,,
ESTAT:ISOC_CI_IN_H(1.0),16/12/25 11:00:00,Annual,Percentage of households,Single person with dependent children,France,2009,84.87,,
ESTAT:ISOC_CI_IN_H(1.0),16/12/25 11:00:00,Annual,Percentage of households,Single person with dependent children,France,2010,78.82,,
ESTAT:ISOC_CI_IN_H(1.0),16/12/25 11:00:00,Annual,Percentage of households,Single person with dependent children,France,2011,83.62,,
ESTAT:ISOC_CI_IN_H(1.0),16/12/25 11:00:00,Annual,Percentage of households,Single person with dependent children,France,2012,89.42,,
ESTAT:ISOC_CI_IN_H(1.0),16/12/25 11:00:00,Annual,Percentage of households,Single person with dependent children,France,2013,91.70,,
ESTAT:ISOC_CI_IN_H(1.0),16/12/25 11:00:00,Annual,Percentage of households,Single person with dependent children,France,2014,93.18,,
ESTAT:ISOC_CI_IN_H(1.0),16/12/25 11:00:00,Annual,Percentage of households,Single person with dependent children,France,2015,90.56,,
ESTAT:ISOC_CI_IN_H(1.0),16/12/25 11:00:00,Annual,Percentage of households,Single person with dependent children,France,2016,91.40,,
ESTAT:ISOC_CI_IN_H(1.0),16/12/25 11:00:00,Annual,Percentage of households,Single person with dependent children,France,2017,91.55,,
ESTAT:ISOC_CI_IN_H(1.0),16/12/25 11:00:00,Annual,Percentage of households,Single person with dependent children,France,2018,92.57,,
ESTAT:ISOC_CI_IN_H(1.0),16/12/25 11:00:00,Annual,Percentage of households,Single person with dependent children,France,2019,95.12,,
ESTAT:ISOC_CI_IN_H(1.0),16/12/25 11:00:00,Annual,Percentage of households,Single person with dependent children,France,2021,97.76,,
ESTAT:ISOC_CI_IN_H(1.0),16/12/25 11:00:00,Annual,Percentage of households,Single person with dependent children,France,2022,94.99,,
ESTAT:ISOC_CI_IN_H(1.0),16/12/25 11:00:00,Annual,Percentage of households,Single person with dependent children,France,2023,98.49,,
ESTAT:ISOC_CI_IN_H(1.0),16/12/25 11:00:00,Annual,Percentage of households,Single person with dependent children,France,2024,97.19,,
ESTAT:ISOC_CI_IN_H(1.0),16/12/25 11:00:00,Annual,Percentage of households,Single person with dependent children,France,2025,96.38,,
ESTAT:ISOC_CI_IN_H(1.0),16/12/25 11:00:00,Annual,Percentage of households,Single person with dependent children,Croatia,2007,59.70,,
ESTAT:ISOC_CI_IN_H(1.0),16/12/25 11:00:00,Annual,Percentage of households,Single person with dependent children,Croatia,2008,41.51,,
ESTAT:ISOC_CI_IN_H(1.0),16/12/25 11:00:00,Annual,Percentage of households,Single person with dependent children,Croatia,2009,71.68,,
ESTAT:ISOC_CI_IN_H(1.0),16/12/25 11:00:00,Annual,Percentage of households,Single person with dependent children,Croatia,2010,78.18,,
ESTAT:ISOC_CI_IN_H(1.0),16/12/25 11:00:00,Annual,Percentage of households,Single person with dependent children,Croatia,2011,82.32,u,
ESTAT:ISOC_CI_IN_H(1.0),16/12/25 11:00:00,Annual,Percentage of households,Single person with dependent children,Croatia,2012,73.04,u,
ESTAT:ISOC_CI_IN_H(1.0),16/12/25 11:00:00,Annual,Percentage of households,Single person with dependent children,Croatia,2013,87.40,u,
ESTAT:ISOC_CI_IN_H(1.0),16/12/25 11:00:00,Annual,Percentage of households,Single person with dependent children,Croatia,2014,78.55,u,
ESTAT:ISOC_CI_IN_H(1.0),16/12/25 11:00:00,Annual,Percentage of households,Single person with dependent children,Croatia,2015,,u,
ESTAT:ISOC_CI_IN_H(1.0),16/12/25 11:00:00,Annual,Percentage of households,Single person with dependent children,Croatia,2016,95.08,u,
ESTAT:ISOC_CI_IN_H(1.0),16/12/25 11:00:00,Annual,Percentage of households,Single person with dependent children,Croatia,2017,,u,
ESTAT:ISOC_CI_IN_H(1.0),16/12/25 11:00:00,Annual,Percentage of households,Single person with dependent children,Croatia,2018,,u,
ESTAT:ISOC_CI_IN_H(1.0),16/12/25 11:00:00,Annual,Percentage of households,Single person with dependent children,Croatia,2019,,u,
ESTAT:ISOC_CI_IN_H(1.0),16/12/25 11:00:00,Annual,Percentage of households,Single person with dependent children,Croatia,2020,,u,
ESTAT:ISOC_CI_IN_H(1.0),16/12/25 11:00:00,Annual,Percentage of households,Single person with dependent children,Croatia,2021,,u,
ESTAT:ISOC_CI_IN_H(1.0),16/12/25 11:00:00,Annual,Percentage of households,Single person with dependent children,Croatia,2022,,u,
ESTAT:ISOC_CI_IN_H(1.0),16/12/25 11:00:00,Annual,Percentage of households,Single person with dependent children,Croatia,2023,100.00,u,
ESTAT:ISOC_CI_IN_H(1.0),16/12/25 11:00:00,Annual,Percentage of households,Single person with dependent children,Croatia,2024,100.00,u,
ESTAT:ISOC_CI_IN_H(1.0),16/12/25 11:00:00,Annual,Percentage of households,Single person with dependent children,Croatia,2025,,u,
ESTAT:ISOC_CI_IN_H(1.0),16/12/25 11:00:00,Annual,Percentage of households,Single person with dependent children,Hungary,2004,27.10,,
ESTAT:ISOC_CI_IN_H(1.0),16/12/25 11:00:00,Annual,Percentage of households,Single person with dependent children,Hungary,2005,16.06,,
ESTAT:ISOC_CI_IN_H(1.0),16/12/25 11:00:00,Annual,Percentage of households,Single person with dependent children,Hungary,2006,26.71,,
ESTAT:ISOC_CI_IN_H(1.0),16/12/25 11:00:00,Annual,Percentage of households,Single person with dependent children,Hungary,2007,35.78,,
ESTAT:ISOC_CI_IN_H(1.0),16/12/25 11:00:00,Annual,Percentage of households,Single person with dependent children,Hungary,2008,48.30,,
ESTAT:ISOC_CI_IN_H(1.0),16/12/25 11:00:00,Annual,Percentage of households,Single person with dependent children,Hungary,2009,51.82,,
ESTAT:ISOC_CI_IN_H(1.0),16/12/25 11:00:00,Annual,Percentage of households,Single person with dependent children,Hungary,2010,64.72,,
ESTAT:ISOC_CI_IN_H(1.0),16/12/25 11:00:00,Annual,Percentage of households,Single person with dependent children,Hungary,2011,72.99,,
ESTAT:ISOC_CI_IN_H(1.0),16/12/25 11:00:00,Annual,Percentage of households,Single person with dependent children,Hungary,2012,76.51,,
ESTAT:ISOC_CI_IN_H(1.0),16/12/25 11:00:00,Annual,Percentage of households,Single person with dependent children,Hungary,2013,80.18,,
ESTAT:ISOC_CI_IN_H(1.0),16/12/25 11:00:00,Annual,Percentage of households,Single person with dependent children,Hungary,2014,83.40,,
ESTAT:ISOC_CI_IN_H(1.0),16/12/25 11:00:00,Annual,Percentage of households,Single person with dependent children,Hungary,2015,85.12,,
ESTAT:ISOC_CI_IN_H(1.0),16/12/25 11:00:00,Annual,Percentage of households,Single person with dependent children,Hungary,2016,86.08,,
ESTAT:ISOC_CI_IN_H(1.0),16/12/25 11:00:00,Annual,Percentage of households,Single person with dependent children,Hungary,2017,87.96,,
ESTAT:ISOC_CI_IN_H(1.0),16/12/25 11:00:00,Annual,Percentage of households,Single person with dependent children,Hungary,2018,89.56,,
ESTAT:ISOC_CI_IN_H(1.0),16/12/25 11:00:00,Annual,Percentage of households,Single person with dependent children,Hungary,2019,91.26,,
ESTAT:ISOC_CI_IN_H(1.0),16/12/25 11:00:00,Annual,Percentage of households,Single person with dependent children,Hungary,2020,96.66,,
ESTAT:ISOC_CI_IN_H(1.0),16/12/25 11:00:00,Annual,Percentage of households,Single person with dependent children,Hungary,2021,97.98,,
ESTAT:ISOC_CI_IN_H(1.0),16/12/25 11:00:00,Annual,Percentage of households,Single person with dependent children,Hungary,2022,97.65,,
ESTAT:ISOC_CI_IN_H(1.0),16/12/25 11:00:00,Annual,Percentage of households,Single person with dependent children,Hungary,2023,99.25,,
ESTAT:ISOC_CI_IN_H(1.0),16/12/25 11:00:00,Annual,Percentage of households,Single person with dependent children,Hungary,2024,96.35,,
ESTAT:ISOC_CI_IN_H(1.0),16/12/25 11:00:00,Annual,Percentage of households,Single person with dependent children,Hungary,2025,98.76,,
ESTAT:ISOC_CI_IN_H(1.0),16/12/25 11:00:00,Annual,Percentage of households,Single person with dependent children,Ireland,2003,24.28,,
ESTAT:ISOC_CI_IN_H(1.0),16/12/25 11:00:00,Annual,Percentage of households,Single person with dependent children,Ireland,2004,23.69,,
ESTAT:ISOC_CI_IN_H(1.0),16/12/25 11:00:00,Annual,Percentage of households,Single person with dependent children,Ireland,2005,24.93,,
ESTAT:ISOC_CI_IN_H(1.0),16/12/25 11:00:00,Annual,Percentage of households,Single person with dependent children,Ireland,2006,25.71,,
ESTAT:ISOC_CI_IN_H(1.0),16/12/25 11:00:00,Annual,Percentage of households,Single person with dependent children,Ireland,2007,40.60,,
ESTAT:ISOC_CI_IN_H(1.0),16/12/25 11:00:00,Annual,Percentage of households,Single person with dependent children,Ireland,2008,51.36,,
ESTAT:ISOC_CI_IN_H(1.0),16/12/25 11:00:00,Annual,Percentage of households,Single person with dependent children,Ireland,2009,52.48,,
ESTAT:ISOC_CI_IN_H(1.0),16/12/25 11:00:00,Annual,Percentage of households,Single person with dependent children,Ireland,2010,61.87,,
ESTAT:ISOC_CI_IN_H(1.0),16/12/25 11:00:00,Annual,Percentage of households,Single person with dependent children,Ireland,2011,76.16,,
ESTAT:ISOC_CI_IN_H(1.0),16/12/25 11:00:00,Annual,Percentage of households,Single person with dependent children,Ireland,2012,78.01,,
ESTAT:ISOC_CI_IN_H(1.0),16/12/25 11:00:00,Annual,Percentage of households,Single person with dependent children,Ireland,2013,81.86,,
ESTAT:ISOC_CI_IN_H(1.0),16/12/25 11:00:00,Annual,Percentage of households,Single person with dependent children,Ireland,2014,86.23,,
ESTAT:ISOC_CI_IN_H(1.0),16/12/25 11:00:00,Annual,Percentage of households,Single person with dependent children,Ireland,2015,87.78,,
ESTAT:ISOC_CI_IN_H(1.0),16/12/25 11:00:00,Annual,Percentage of households,Single person with dependent children,Ireland,2016,92.42,,
ESTAT:ISOC_CI_IN_H(1.0),16/12/25 11:00:00,Annual,Percentage of households,Single person with dependent children,Ireland,2017,95.48,,
ESTAT:ISOC_CI_IN_H(1.0),16/12/25 11:00:00,Annual,Percentage of households,Single person with dependent children,Ireland,2018,97.48,,
ESTAT:ISOC_CI_IN_H(1.0),16/12/25 11:00:00,Annual,Percentage of households,Single person with dependent children,Ireland,2019,97.48,,
ESTAT:ISOC_CI_IN_H(1.0),16/12/25 11:00:00,Annual,Percentage of households,Single person with dependent children,Ireland,2020,85.22,,
ESTAT:ISOC_CI_IN_H(1.0),16/12/25 11:00:00,Annual,Percentage of households,Single person with dependent children,Ireland,2021,91.67,bu,
ESTAT:ISOC_CI_IN_H(1.0),16/12/25 11:00:00,Annual,Percentage of households,Single person with dependent children,Ireland,2022,,u,
ESTAT:ISOC_CI_IN_H(1.0),16/12/25 11:00:00,Annual,Percentage of households,Single person with dependent children,Ireland,2023,99.14,,
ESTAT:ISOC_CI_IN_H(1.0),16/12/25 11:00:00,Annual,Percentage of households,Single person with dependent children,Ireland,2024,85.48,u,
ESTAT:ISOC_CI_IN_H(1.0),16/12/25 11:00:00,Annual,Percentage of households,Single person with dependent children,Ireland,2025,100.00,u,
ESTAT:ISOC_CI_IN_H(1.0),16/12/25 11:00:00,Annual,Percentage of households,Single person with dependent children,Iceland,2004,81.36,,
ESTAT:ISOC_CI_IN_H(1.0),16/12/25 11:00:00,Annual,Percentage of households,Single person with dependent children,Iceland,2005,68.16,,
ESTAT:ISOC_CI_IN_H(1.0),16/12/25 11:00:00,Annual,Percentage of households,Single person with dependent children,Iceland,2006,86.58,,
ESTAT:ISOC_CI_IN_H(1.0),16/12/25 11:00:00,Annual,Percentage of households,Single person with dependent children,Iceland,2007,81.93,,
ESTAT:ISOC_CI_IN_H(1.0),16/12/25 11:00:00,Annual,Percentage of households,Single person with dependent children,Iceland,2008,91.73,,
ESTAT:ISOC_CI_IN_H(1.0),16/12/25 11:00:00,Annual,Percentage of households,Single person with dependent children,Iceland,2009,93.08,,
ESTAT:ISOC_CI_IN_H(1.0),16/12/25 11:00:00,Annual,Percentage of households,Single person with dependent children,Iceland,2010,100.00,,
ESTAT:ISOC_CI_IN_H(1.0),16/12/25 11:00:00,Annual,Percentage of households,Single person with dependent children,Iceland,2011,98.17,,
ESTAT:ISOC_CI_IN_H(1.0),16/12/25 11:00:00,Annual,Percentage of households,Single person with dependent children,Iceland,2012,97.68,u,
ESTAT:ISOC_CI_IN_H(1.0),16/12/25 11:00:00,Annual,Percentage of households,Single person with dependent children,Iceland,2013,100.00,u,
ESTAT:ISOC_CI_IN_H(1.0),16/12/25 11:00:00,Annual,Percentage of households,Single person with dependent children,Iceland,2014,100.00,u,
ESTAT:ISOC_CI_IN_H(1.0),16/12/25 11:00:00,Annual,Percentage of households,Single person with dependent children,Iceland,2017,100.00,u,
ESTAT:ISOC_CI_IN_H(1.0),16/12/25 11:00:00,Annual,Percentage of households,Single person with dependent children,Iceland,2018,100.00,u,
ESTAT:ISOC_CI_IN_H(1.0),16/12/25 11:00:00,Annual,Percentage of households,Single person with dependent children,Iceland,2019,100.00,u,
ESTAT:ISOC_CI_IN_H(1.0),16/12/25 11:00:00,Annual,Percentage of households,Single person with dependent children,Iceland,2020,97.22,u,
ESTAT:ISOC_CI_IN_H(1.0),16/12/25 11:00:00,Annual,Percentage of households,Single person with dependent children,Italy,2002,44.41,,
ESTAT:ISOC_CI_IN_H(1.0),16/12/25 11:00:00,Annual,Percentage of households,Single person with dependent children,Italy,2003,36.80,,
ESTAT:ISOC_CI_IN_H(1.0),16/12/25 11:00:00,Annual,Percentage of households,Single person with dependent children,Italy,2004,33.90,,
ESTAT:ISOC_CI_IN_H(1.0),16/12/25 11:00:00,Annual,Percentage of households,Single person with dependent children,Italy,2005,36.47,,
ESTAT:ISOC_CI_IN_H(1.0),16/12/25 11:00:00,Annual,Percentage of households,Single person with dependent children,Italy,2006,40.42,,
ESTAT:ISOC_CI_IN_H(1.0),16/12/25 11:00:00,Annual,Percentage of households,Single person with dependent children,Italy,2007,40.90,,
ESTAT:ISOC_CI_IN_H(1.0),16/12/25 11:00:00,Annual,Percentage of households,Single person with dependent children,Italy,2008,53.13,,
ESTAT:ISOC_CI_IN_H(1.0),16/12/25 11:00:00,Annual,Percentage of households,Single person with dependent children,Italy,2009,59.73,,
ESTAT:ISOC_CI_IN_H(1.0),16/12/25 11:00:00,Annual,Percentage of households,Single person with dependent children,Italy,2010,68.32,,
ESTAT:ISOC_CI_IN_H(1.0),16/12/25 11:00:00,Annual,Percentage of households,Single person with dependent children,Italy,2011,66.10,,
ESTAT:ISOC_CI_IN_H(1.0),16/12/25 11:00:00,Annual,Percentage of households,Single person with dependent children,Italy,2012,67.56,,
ESTAT:ISOC_CI_IN_H(1.0),16/12/25 11:00:00,Annual,Percentage of households,Single person with dependent children,Italy,2013,76.11,,
ESTAT:ISOC_CI_IN_H(1.0),16/12/25 11:00:00,Annual,Percentage of households,Single person with dependent children,Italy,2014,81.76,,
ESTAT:ISOC_CI_IN_H(1.0),16/12/25 11:00:00,Annual,Percentage of households,Single person with dependent children,Italy,2015,80.26,,
ESTAT:ISOC_CI_IN_H(1.0),16/12/25 11:00:00,Annual,Percentage of households,Single person with dependent children,Italy,2016,87.08,,
ESTAT:ISOC_CI_IN_H(1.0),16/12/25 11:00:00,Annual,Percentage of households,Single person with dependent children,Italy,2017,88.73,,
ESTAT:ISOC_CI_IN_H(1.0),16/12/25 11:00:00,Annual,Percentage of households,Single person with dependent children,Italy,2018,90.88,,
ESTAT:ISOC_CI_IN_H(1.0),16/12/25 11:00:00,Annual,Percentage of households,Single person with dependent children,Italy,2019,92.01,,
ESTAT:ISOC_CI_IN_H(1.0),16/12/25 11:00:00,Annual,Percentage of households,Single person with dependent children,Italy,2020,96.15,,
ESTAT:ISOC_CI_IN_H(1.0),16/12/25 11:00:00,Annual,Percentage of households,Single person with dependent children,Italy,2021,98.06,,
ESTAT:ISOC_CI_IN_H(1.0),16/12/25 11:00:00,Annual,Percentage of households,Single person with dependent children,Italy,2022,96.67,,
ESTAT:ISOC_CI_IN_H(1.0),16/12/25 11:00:00,Annual,Percentage of households,Single person with dependent children,Italy,2023,96.95,,
ESTAT:ISOC_CI_IN_H(1.0),16/12/25 11:00:00,Annual,Percentage of households,Single person with dependent children,Italy,2024,97.97,,
ESTAT:ISOC_CI_IN_H(1.0),16/12/25 11:00:00,Annual,Percentage of households,Single person with dependent children,Italy,2025,99.05,,
ESTAT:ISOC_CI_IN_H(1.0),16/12/25 11:00:00,Annual,Percentage of households,Single person with dependent children,Lithuania,2004,17.79,,
ESTAT:ISOC_CI_IN_H(1.0),16/12/25 11:00:00,Annual,Percentage of households,Single person with dependent children,Lithuania,2005,13.45,,
ESTAT:ISOC_CI_IN_H(1.0),16/12/25 11:00:00,Annual,Percentage of households,Single person with dependent children,Lithuania,2006,39.49,,
ESTAT:ISOC_CI_IN_H(1.0),16/12/25 11:00:00,Annual,Percentage of households,Single person with dependent children,Lithuania,2007,57.04,,
ESTAT:ISOC_CI_IN_H(1.0),16/12/25 11:00:00,Annual,Percentage of households,Single person with dependent children,Lithuania,2008,67.32,,
ESTAT:ISOC_CI_IN_H(1.0),16/12/25 11:00:00,Annual,Percentage of households,Single person with dependent children,Lithuania,2009,65.96,,
ESTAT:ISOC_CI_IN_H(1.0),16/12/25 11:00:00,Annual,Percentage of households,Single person with dependent children,Lithuania,2010,76.89,,
ESTAT:ISOC_CI_IN_H(1.0),16/12/25 11:00:00,Annual,Percentage of households,Single person with dependent children,Lithuania,2011,69.99,,
ESTAT:ISOC_CI_IN_H(1.0),16/12/25 11:00:00,Annual,Percentage of households,Single person with dependent children,Lithuania,2012,78.54,,
ESTAT:ISOC_CI_IN_H(1.0),16/12/25 11:00:00,Annual,Percentage of households,Single person with dependent children,Lithuania,2013,80.05,,
ESTAT:ISOC_CI_IN_H(1.0),16/12/25 11:00:00,Annual,Percentage of households,Single person with dependent children,Lithuania,2014,84.96,,
ESTAT:ISOC_CI_IN_H(1.0),16/12/25 11:00:00,Annual,Percentage of households,Single person with dependent children,Lithuania,2015,91.08,,
ESTAT:ISOC_CI_IN_H(1.0),16/12/25 11:00:00,Annual,Percentage of households,Single person with dependent children,Lithuania,2016,96.87,,
ESTAT:ISOC_CI_IN_H(1.0),16/12/25 11:00:00,Annual,Percentage of households,Single person with dependent children,Lithuania,2017,97.65,,
ESTAT:ISOC_CI_IN_H(1.0),16/12/25 11:00:00,Annual,Percentage of households,Single person with dependent children,Lithuania,2018,96.47,,
ESTAT:ISOC_CI_IN_H(1.0),16/12/25 11:00:00,Annual,Percentage of households,Single person with dependent children,Lithuania,2019,97.47,,
ESTAT:ISOC_CI_IN_H(1.0),16/12/25 11:00:00,Annual,Percentage of households,Single person with dependent children,Lithuania,2020,98.00,,
ESTAT:ISOC_CI_IN_H(1.0),16/12/25 11:00:00,Annual,Percentage of households,Single person with dependent children,Lithuania,2021,97.33,,
ESTAT:ISOC_CI_IN_H(1.0),16/12/25 11:00:00,Annual,Percentage of households,Single person with dependent children,Lithuania,2022,99.19,,
ESTAT:ISOC_CI_IN_H(1.0),16/12/25 11:00:00,Annual,Percentage of households,Single person with dependent children,Lithuania,2023,100.00,,
ESTAT:ISOC_CI_IN_H(1.0),16/12/25 11:00:00,Annual,Percentage of households,Single person with dependent children,Lithuania,2024,99.87,,
ESTAT:ISOC_CI_IN_H(1.0),16/12/25 11:00:00,Annual,Percentage of households,Single person with dependent children,Lithuania,2025,98.77,,
ESTAT:ISOC_CI_IN_H(1.0),16/12/25 11:00:00,Annual,Percentage of households,Single person with dependent children,Luxembourg,2002,53.84,,
ESTAT:ISOC_CI_IN_H(1.0),16/12/25 11:00:00,Annual,Percentage of households,Single person with dependent children,Luxembourg,2003,63.67,,
ESTAT:ISOC_CI_IN_H(1.0),16/12/25 11:00:00,Annual,Percentage of households,Single person with dependent children,Luxembourg,2004,0,,
ESTAT:ISOC_CI_IN_H(1.0),16/12/25 11:00:00,Annual,Percentage of households,Single person with dependent children,Luxembourg,2005,56.47,,
ESTAT:ISOC_CI_IN_H(1.0),16/12/25 11:00:00,Annual,Percentage of households,Single person with dependent children,Luxembourg,2006,81.54,,
ESTAT:ISOC_CI_IN_H(1.0),16/12/25 11:00:00,Annual,Percentage of households,Single person with dependent children,Luxembourg,2007,78.52,,
ESTAT:ISOC_CI_IN_H(1.0),16/12/25 11:00:00,Annual,Percentage of households,Single person with dependent children,Luxembourg,2008,94.36,,
ESTAT:ISOC_CI_IN_H(1.0),16/12/25 11:00:00,Annual,Percentage of households,Single person with dependent children,Luxembourg,2009,93.22,,
ESTAT:ISOC_CI_IN_H(1.0),16/12/25 11:00:00,Annual,Percentage of households,Single person with dependent children,Luxembourg,2010,91.83,,
ESTAT:ISOC_CI_IN_H(1.0),16/12/25 11:00:00,Annual,Percentage of households,Single person with dependent children,Luxembourg,2011,95.75,u,
ESTAT:ISOC_CI_IN_H(1.0),16/12/25 11:00:00,Annual,Percentage of households,Single person with dependent children,Luxembourg,2012,94.07,u,
ESTAT:ISOC_CI_IN_H(1.0),16/12/25 11:00:00,Annual,Percentage of households,Single person with dependent children,Luxembourg,2013,100.00,u,
ESTAT:ISOC_CI_IN_H(1.0),16/12/25 11:00:00,Annual,Percentage of households,Single person with dependent children,Luxembourg,2014,96.43,u,
ESTAT:ISOC_CI_IN_H(1.0),16/12/25 11:00:00,Annual,Percentage of households,Single person with dependent children,Luxembourg,2015,100.00,u,
ESTAT:ISOC_CI_IN_H(1.0),16/12/25 11:00:00,Annual,Percentage of households,Single person with dependent children,Luxembourg,2016,94.36,u,
ESTAT:ISOC_CI_IN_H(1.0),16/12/25 11:00:00,Annual,Percentage of households,Single person with dependent children,Luxembourg,2017,,u,
ESTAT:ISOC_CI_IN_H(1.0),16/12/25 11:00:00,Annual,Percentage of households,Single person with dependent children,Luxembourg,2018,87.65,b,
ESTAT:ISOC_CI_IN_H(1.0),16/12/25 11:00:00,Annual,Percentage of households,Single person with dependent children,Luxembourg,2019,100.00,u,
ESTAT:ISOC_CI_IN_H(1.0),16/12/25 11:00:00,Annual,Percentage of households,Single person with dependent children,Luxembourg,2020,,u,
ESTAT:ISOC_CI_IN_H(1.0),16/12/25 11:00:00,Annual,Percentage of households,Single person with dependent children,Luxembourg,2021,,u,
ESTAT:ISOC_CI_IN_H(1.0),16/12/25 11:00:00,Annual,Percentage of households,Single person with dependent children,Luxembourg,2022,100.00,u,
ESTAT:ISOC_CI_IN_H(1.0),16/12/25 11:00:00,Annual,Percentage of households,Single person with dependent children,Luxembourg,2023,100.00,u,
ESTAT:ISOC_CI_IN_H(1.0),16/12/25 11:00:00,Annual,Percentage of households,Single person with dependent children,Luxembourg,2024,100.00,u,
ESTAT:ISOC_CI_IN_H(1.0),16/12/25 11:00:00,Annual,Percentage of households,Single person with dependent children,Luxembourg,2025,100.00,u,
ESTAT:ISOC_CI_IN_H(1.0),16/12/25 11:00:00,Annual,Percentage of households,Single person with dependent children,Latvia,2004,17.94,,
ESTAT:ISOC_CI_IN_H(1.0),16/12/25 11:00:00,Annual,Percentage of households,Single person with dependent children,Latvia,2005,29.29,,
ESTAT:ISOC_CI_IN_H(1.0),16/12/25 11:00:00,Annual,Percentage of households,Single person with dependent children,Latvia,2006,36.79,,
ESTAT:ISOC_CI_IN_H(1.0),16/12/25 11:00:00,Annual,Percentage of households,Single person with dependent children,Latvia,2007,49.39,,
ESTAT:ISOC_CI_IN_H(1.0),16/12/25 11:00:00,Annual,Percentage of households,Single person with dependent children,Latvia,2008,57.14,,
ESTAT:ISOC_CI_IN_H(1.0),16/12/25 11:00:00,Annual,Percentage of households,Single person with dependent children,Latvia,2009,70.13,,
ESTAT:ISOC_CI_IN_H(1.0),16/12/25 11:00:00,Annual,Percentage of households,Single person with dependent children,Latvia,2010,77.97,,
ESTAT:ISOC_CI_IN_H(1.0),16/12/25 11:00:00,Annual,Percentage of households,Single person with dependent children,Latvia,2011,82.23,,
ESTAT:ISOC_CI_IN_H(1.0),16/12/25 11:00:00,Annual,Percentage of households,Single person with dependent children,Latvia,2012,78.99,,
ESTAT:ISOC_CI_IN_H(1.0),16/12/25 11:00:00,Annual,Percentage of households,Single person with dependent children,Latvia,2013,86.59,,
ESTAT:ISOC_CI_IN_H(1.0),16/12/25 11:00:00,Annual,Percentage of households,Single person with dependent children,Latvia,2014,93.88,,
ESTAT:ISOC_CI_IN_H(1.0),16/12/25 11:00:00,Annual,Percentage of households,Single person with dependent children,Latvia,2015,81.59,,
ESTAT:ISOC_CI_IN_H(1.0),16/12/25 11:00:00,Annual,Percentage of households,Single person with dependent children,Latvia,2016,88.43,b,
ESTAT:ISOC_CI_IN_H(1.0),16/12/25 11:00:00,Annual,Percentage of households,Single person with dependent children,Latvia,2017,90.56,,
ESTAT:ISOC_CI_IN_H(1.0),16/12/25 11:00:00,Annual,Percentage of households,Single person with dependent children,Latvia,2018,96.31,,
ESTAT:ISOC_CI_IN_H(1.0),16/12/25 11:00:00,Annual,Percentage of households,Single person with dependent children,Latvia,2019,98.33,,
ESTAT:ISOC_CI_IN_H(1.0),16/12/25 11:00:00,Annual,Percentage of households,Single person with dependent children,Latvia,2020,98.92,,
ESTAT:ISOC_CI_IN_H(1.0),16/12/25 11:00:00,Annual,Percentage of households,Single person with dependent children,Latvia,2021,95.09,,
ESTAT:ISOC_CI_IN_H(1.0),16/12/25 11:00:00,Annual,Percentage of households,Single person with dependent children,Latvia,2022,97.98,,
ESTAT:ISOC_CI_IN_H(1.0),16/12/25 11:00:00,Annual,Percentage of households,Single person with dependent children,Latvia,2023,97.16,,
ESTAT:ISOC_CI_IN_H(1.0),16/12/25 11:00:00,Annual,Percentage of households,Single person with dependent children,Latvia,2024,97.89,,
ESTAT:ISOC_CI_IN_H(1.0),16/12/25 11:00:00,Annual,Percentage of households,Single person with dependent children,Latvia,2025,97.79,,
ESTAT:ISOC_CI_IN_H(1.0),16/12/25 11:00:00,Annual,Percentage of households,Single person with dependent children,Montenegro,2012,,u,
ESTAT:ISOC_CI_IN_H(1.0),16/12/25 11:00:00,Annual,Percentage of households,Single person with dependent children,Montenegro,2017,,u,
ESTAT:ISOC_CI_IN_H(1.0),16/12/25 11:00:00,Annual,Percentage of households,Single person with dependent children,Montenegro,2018,,u,
ESTAT:ISOC_CI_IN_H(1.0),16/12/25 11:00:00,Annual,Percentage of households,Single person with dependent children,Montenegro,2019,,u,
ESTAT:ISOC_CI_IN_H(1.0),16/12/25 11:00:00,Annual,Percentage of households,Single person with dependent children,Montenegro,2020,,u,
ESTAT:ISOC_CI_IN_H(1.0),16/12/25 11:00:00,Annual,Percentage of households,Single person with dependent children,Montenegro,2021,,u,
ESTAT:ISOC_CI_IN_H(1.0),16/12/25 11:00:00,Annual,Percentage of households,Single person with dependent children,Montenegro,2022,,u,
ESTAT:ISOC_CI_IN_H(1.0),16/12/25 11:00:00,Annual,Percentage of households,Single person with dependent children,Montenegro,2023,,u,
ESTAT:ISOC_CI_IN_H(1.0),16/12/25 11:00:00,Annual,Percentage of households,Single person with dependent children,Montenegro,2024,,u,
ESTAT:ISOC_CI_IN_H(1.0),16/12/25 11:00:00,Annual,Percentage of households,Single person with dependent children,Montenegro,2025,89.91,u,
ESTAT:ISOC_CI_IN_H(1.0),16/12/25 11:00:00,Annual,Percentage of households,Single person with dependent children,North Macedonia,2004,,u,
ESTAT:ISOC_CI_IN_H(1.0),16/12/25 11:00:00,Annual,Percentage of households,Single person with dependent children,North Macedonia,2008,,u,
ESTAT:ISOC_CI_IN_H(1.0),16/12/25 11:00:00,Annual,Percentage of households,Single person with dependent children,North Macedonia,2009,,u,
ESTAT:ISOC_CI_IN_H(1.0),16/12/25 11:00:00,Annual,Percentage of households,Single person with dependent children,North Macedonia,2010,52.39,,
ESTAT:ISOC_CI_IN_H(1.0),16/12/25 11:00:00,Annual,Percentage of households,Single person with dependent children,North Macedonia,2012,,u,
ESTAT:ISOC_CI_IN_H(1.0),16/12/25 11:00:00,Annual,Percentage of households,Single person with dependent children,North Macedonia,2013,,u,
ESTAT:ISOC_CI_IN_H(1.0),16/12/25 11:00:00,Annual,Percentage of households,Single person with dependent children,North Macedonia,2014,,u,
ESTAT:ISOC_CI_IN_H(1.0),16/12/25 11:00:00,Annual,Percentage of households,Single person with dependent children,North Macedonia,2015,,u,
ESTAT:ISOC_CI_IN_H(1.0),16/12/25 11:00:00,Annual,Percentage of households,Single person with dependent children,North Macedonia,2016,,u,
ESTAT:ISOC_CI_IN_H(1.0),16/12/25 11:00:00,Annual,Percentage of households,Single person with dependent children,North Macedonia,2017,,u,
ESTAT:ISOC_CI_IN_H(1.0),16/12/25 11:00:00,Annual,Percentage of households,Single person with dependent children,North Macedonia,2018,,u,
ESTAT:ISOC_CI_IN_H(1.0),16/12/25 11:00:00,Annual,Percentage of households,Single person with dependent children,North Macedonia,2019,,u,
ESTAT:ISOC_CI_IN_H(1.0),16/12/25 11:00:00,Annual,Percentage of households,Single person with dependent children,North Macedonia,2020,,u,
ESTAT:ISOC_CI_IN_H(1.0),16/12/25 11:00:00,Annual,Percentage of households,Single person with dependent children,North Macedonia,2021,77.76,u,
ESTAT:ISOC_CI_IN_H(1.0),16/12/25 11:00:00,Annual,Percentage of households,Single person with dependent children,North Macedonia,2024,,u,
ESTAT:ISOC_CI_IN_H(1.0),16/12/25 11:00:00,Annual,Percentage of households,Single person with dependent children,North Macedonia,2025,,u,
ESTAT:ISOC_CI_IN_H(1.0),16/12/25 11:00:00,Annual,Percentage of households,Single person with dependent children,Malta,2007,,u,
ESTAT:ISOC_CI_IN_H(1.0),16/12/25 11:00:00,Annual,Percentage of households,Single person with dependent children,Malta,2008,68.88,,
ESTAT:ISOC_CI_IN_H(1.0),16/12/25 11:00:00,Annual,Percentage of households,Single person with dependent children,Malta,2009,84.29,,
ESTAT:ISOC_CI_IN_H(1.0),16/12/25 11:00:00,Annual,Percentage of households,Single person with dependent children,Malta,2010,,u,
ESTAT:ISOC_CI_IN_H(1.0),16/12/25 11:00:00,Annual,Percentage of households,Single person with dependent children,Malta,2011,76.16,u,
ESTAT:ISOC_CI_IN_H(1.0),16/12/25 11:00:00,Annual,Percentage of households,Single person with dependent children,Malta,2012,,u,
ESTAT:ISOC_CI_IN_H(1.0),16/12/25 11:00:00,Annual,Percentage of households,Single person with dependent children,Malta,2013,,u,
ESTAT:ISOC_CI_IN_H(1.0),16/12/25 11:00:00,Annual,Percentage of households,Single person with dependent children,Malta,2014,,u,
ESTAT:ISOC_CI_IN_H(1.0),16/12/25 11:00:00,Annual,Percentage of households,Single person with dependent children,Malta,2015,,u,
ESTAT:ISOC_CI_IN_H(1.0),16/12/25 11:00:00,Annual,Percentage of households,Single person with dependent children,Malta,2016,,u,
ESTAT:ISOC_CI_IN_H(1.0),16/12/25 11:00:00,Annual,Percentage of households,Single person with dependent children,Malta,2017,,u,
ESTAT:ISOC_CI_IN_H(1.0),16/12/25 11:00:00,Annual,Percentage of households,Single person with dependent children,Malta,2018,,u,
ESTAT:ISOC_CI_IN_H(1.0),16/12/25 11:00:00,Annual,Percentage of households,Single person with dependent children,Malta,2019,,u,
ESTAT:ISOC_CI_IN_H(1.0),16/12/25 11:00:00,Annual,Percentage of households,Single person with dependent children,Malta,2020,,u,
ESTAT:ISOC_CI_IN_H(1.0),16/12/25 11:00:00,Annual,Percentage of households,Single person with dependent children,Malta,2021,100.00,u,
ESTAT:ISOC_CI_IN_H(1.0),16/12/25 11:00:00,Annual,Percentage of households,Single person with dependent children,Malta,2022,100.00,u,
ESTAT:ISOC_CI_IN_H(1.0),16/12/25 11:00:00,Annual,Percentage of households,Single person with dependent children,Malta,2023,100.00,u,
ESTAT:ISOC_CI_IN_H(1.0),16/12/25 11:00:00,Annual,Percentage of households,Single person with dependent children,Malta,2024,97.95,u,
ESTAT:ISOC_CI_IN_H(1.0),16/12/25 11:00:00,Annual,Percentage of households,Single person with dependent children,Malta,2025,100.00,u,
ESTAT:ISOC_CI_IN_H(1.0),16/12/25 11:00:00,Annual,Percentage of households,Single person with dependent children,Netherlands,2005,78.77,,
ESTAT:ISOC_CI_IN_H(1.0),16/12/25 11:00:00,Annual,Percentage of households,Single person with dependent children,Netherlands,2006,,u,
ESTAT:ISOC_CI_IN_H(1.0),16/12/25 11:00:00,Annual,Percentage of households,Single person with dependent children,Netherlands,2007,,u,
ESTAT:ISOC_CI_IN_H(1.0),16/12/25 11:00:00,Annual,Percentage of households,Single person with dependent children,Netherlands,2008,,u,
ESTAT:ISOC_CI_IN_H(1.0),16/12/25 11:00:00,Annual,Percentage of households,Single person with dependent children,Netherlands,2009,,u,
ESTAT:ISOC_CI_IN_H(1.0),16/12/25 11:00:00,Annual,Percentage of households,Single person with dependent children,Netherlands,2010,100.00,u,
ESTAT:ISOC_CI_IN_H(1.0),16/12/25 11:00:00,Annual,Percentage of households,Single person with dependent children,Netherlands,2011,99.35,u,
ESTAT:ISOC_CI_IN_H(1.0),16/12/25 11:00:00,Annual,Percentage of households,Single person with dependent children,Netherlands,2012,93.71,u,
ESTAT:ISOC_CI_IN_H(1.0),16/12/25 11:00:00,Annual,Percentage of households,Single person with dependent children,Netherlands,2013,100.00,u,
ESTAT:ISOC_CI_IN_H(1.0),16/12/25 11:00:00,Annual,Percentage of households,Single person with dependent children,Netherlands,2014,100.00,u,
ESTAT:ISOC_CI_IN_H(1.0),16/12/25 11:00:00,Annual,Percentage of households,Single person with dependent children,Netherlands,2015,95.04,,
ESTAT:ISOC_CI_IN_H(1.0),16/12/25 11:00:00,Annual,Percentage of households,Single person with dependent children,Netherlands,2016,100.00,u,
ESTAT:ISOC_CI_IN_H(1.0),16/12/25 11:00:00,Annual,Percentage of households,Single person with dependent children,Netherlands,2017,100.00,,
ESTAT:ISOC_CI_IN_H(1.0),16/12/25 11:00:00,Annual,Percentage of households,Single person with dependent children,Netherlands,2018,98.37,,
ESTAT:ISOC_CI_IN_H(1.0),16/12/25 11:00:00,Annual,Percentage of households,Single person with dependent children,Netherlands,2019,100.00,,
ESTAT:ISOC_CI_IN_H(1.0),16/12/25 11:00:00,Annual,Percentage of households,Single person with dependent children,Netherlands,2020,100.00,,
ESTAT:ISOC_CI_IN_H(1.0),16/12/25 11:00:00,Annual,Percentage of households,Single person with dependent children,Netherlands,2021,100.00,,
ESTAT:ISOC_CI_IN_H(1.0),16/12/25 11:00:00,Annual,Percentage of households,Single person with dependent children,Netherlands,2022,96.81,,
ESTAT:ISOC_CI_IN_H(1.0),16/12/25 11:00:00,Annual,Percentage of households,Single person with dependent children,Netherlands,2023,98.23,,
ESTAT:ISOC_CI_IN_H(1.0),16/12/25 11:00:00,Annual,Percentage of households,Single person with dependent children,Netherlands,2024,100.00,,
ESTAT:ISOC_CI_IN_H(1.0),16/12/25 11:00:00,Annual,Percentage of households,Single person with dependent children,Netherlands,2025,100.00,,
ESTAT:ISOC_CI_IN_H(1.0),16/12/25 11:00:00,Annual,Percentage of households,Single person with dependent children,Norway,2003,56.19,,
ESTAT:ISOC_CI_IN_H(1.0),16/12/25 11:00:00,Annual,Percentage of households,Single person with dependent children,Norway,2004,67.19,,
ESTAT:ISOC_CI_IN_H(1.0),16/12/25 11:00:00,Annual,Percentage of households,Single person with dependent children,Norway,2005,68.84,,
ESTAT:ISOC_CI_IN_H(1.0),16/12/25 11:00:00,Annual,Percentage of households,Single person with dependent children,Norway,2006,72.63,,
ESTAT:ISOC_CI_IN_H(1.0),16/12/25 11:00:00,Annual,Percentage of households,Single person with dependent children,Norway,2007,79.91,,
ESTAT:ISOC_CI_IN_H(1.0),16/12/25 11:00:00,Annual,Percentage of households,Single person with dependent children,Norway,2008,95.08,,
ESTAT:ISOC_CI_IN_H(1.0),16/12/25 11:00:00,Annual,Percentage of households,Single person with dependent children,Norway,2009,95.10,,
ESTAT:ISOC_CI_IN_H(1.0),16/12/25 11:00:00,Annual,Percentage of households,Single person with dependent children,Norway,2010,94.83,,
ESTAT:ISOC_CI_IN_H(1.0),16/12/25 11:00:00,Annual,Percentage of households,Single person with dependent children,Norway,2011,98.61,u,
ESTAT:ISOC_CI_IN_H(1.0),16/12/25 11:00:00,Annual,Percentage of households,Single person with dependent children,Norway,2012,100.00,u,
ESTAT:ISOC_CI_IN_H(1.0),16/12/25 11:00:00,Annual,Percentage of households,Single person with dependent children,Norway,2013,100.00,u,
ESTAT:ISOC_CI_IN_H(1.0),16/12/25 11:00:00,Annual,Percentage of households,Single person with dependent children,Norway,2014,96.68,u,
ESTAT:ISOC_CI_IN_H(1.0),16/12/25 11:00:00,Annual,Percentage of households,Single person with dependent children,Norway,2015,92.67,u,
ESTAT:ISOC_CI_IN_H(1.0),16/12/25 11:00:00,Annual,Percentage of households,Single person with dependent children,Norway,2016,100.00,u,
ESTAT:ISOC_CI_IN_H(1.0),16/12/25 11:00:00,Annual,Percentage of households,Single person with dependent children,Norway,2017,,u,
ESTAT:ISOC_CI_IN_H(1.0),16/12/25 11:00:00,Annual,Percentage of households,Single person with dependent children,Norway,2018,100.00,u,
ESTAT:ISOC_CI_IN_H(1.0),16/12/25 11:00:00,Annual,Percentage of households,Single person with dependent children,Norway,2019,100.00,u,
ESTAT:ISOC_CI_IN_H(1.0),16/12/25 11:00:00,Annual,Percentage of households,Single person with dependent children,Norway,2020,100.00,u,
ESTAT:ISOC_CI_IN_H(1.0),16/12/25 11:00:00,Annual,Percentage of households,Single person with dependent children,Norway,2021,98.10,u,
ESTAT:ISOC_CI_IN_H(1.0),16/12/25 11:00:00,Annual,Percentage of households,Single person with dependent children,Norway,2022,100.00,u,
ESTAT:ISOC_CI_IN_H(1.0),16/12/25 11:00:00,Annual,Percentage of households,Single person with dependent children,Norway,2023,98.63,,
ESTAT:ISOC_CI_IN_H(1.0),16/12/25 11:00:00,Annual,Percentage of households,Single person with dependent children,Norway,2024,95.31,u,
ESTAT:ISOC_CI_IN_H(1.0),16/12/25 11:00:00,Annual,Percentage of households,Single person with dependent children,Norway,2025,95.77,u,
ESTAT:ISOC_CI_IN_H(1.0),16/12/25 11:00:00,Annual,Percentage of households,Single person with dependent children,Poland,2004,27.99,,
ESTAT:ISOC_CI_IN_H(1.0),16/12/25 11:00:00,Annual,Percentage of households,Single person with dependent children,Poland,2005,33.98,,
ESTAT:ISOC_CI_IN_H(1.0),16/12/25 11:00:00,Annual,Percentage of households,Single person with dependent children,Poland,2006,37.91,,
ESTAT:ISOC_CI_IN_H(1.0),16/12/25 11:00:00,Annual,Percentage of households,Single person with dependent children,Poland,2007,,u,
ESTAT:ISOC_CI_IN_H(1.0),16/12/25 11:00:00,Annual,Percentage of households,Single person with dependent children,Poland,2008,,u,
ESTAT:ISOC_CI_IN_H(1.0),16/12/25 11:00:00,Annual,Percentage of households,Single person with dependent children,Poland,2009,61.78,,
ESTAT:ISOC_CI_IN_H(1.0),16/12/25 11:00:00,Annual,Percentage of households,Single person with dependent children,Poland,2010,67.42,,
ESTAT:ISOC_CI_IN_H(1.0),16/12/25 11:00:00,Annual,Percentage of households,Single person with dependent children,Poland,2011,77.68,,
ESTAT:ISOC_CI_IN_H(1.0),16/12/25 11:00:00,Annual,Percentage of households,Single person with dependent children,Poland,2012,81.99,,
ESTAT:ISOC_CI_IN_H(1.0),16/12/25 11:00:00,Annual,Percentage of households,Single person with dependent children,Poland,2013,85.37,,
ESTAT:ISOC_CI_IN_H(1.0),16/12/25 11:00:00,Annual,Percentage of households,Single person with dependent children,Poland,2014,88.36,,
ESTAT:ISOC_CI_IN_H(1.0),16/12/25 11:00:00,Annual,Percentage of households,Single person with dependent children,Poland,2015,94.94,u,
ESTAT:ISOC_CI_IN_H(1.0),16/12/25 11:00:00,Annual,Percentage of households,Single person with dependent children,Poland,2016,96.74,,
ESTAT:ISOC_CI_IN_H(1.0),16/12/25 11:00:00,Annual,Percentage of households,Single person with dependent children,Poland,2017,94.04,,
ESTAT:ISOC_CI_IN_H(1.0),16/12/25 11:00:00,Annual,Percentage of households,Single person with dependent children,Poland,2018,97.24,,
ESTAT:ISOC_CI_IN_H(1.0),16/12/25 11:00:00,Annual,Percentage of households,Single person with dependent children,Poland,2019,97.57,,
ESTAT:ISOC_CI_IN_H(1.0),16/12/25 11:00:00,Annual,Percentage of households,Single person with dependent children,Poland,2020,96.88,,
ESTAT:ISOC_CI_IN_H(1.0),16/12/25 11:00:00,Annual,Percentage of households,Single person with dependent children,Poland,2021,96.70,,
ESTAT:ISOC_CI_IN_H(1.0),16/12/25 11:00:00,Annual,Percentage of households,Single person with dependent children,Poland,2022,100.00,,
ESTAT:ISOC_CI_IN_H(1.0),16/12/25 11:00:00,Annual,Percentage of households,Single person with dependent children,Poland,2023,98.15,,
ESTAT:ISOC_CI_IN_H(1.0),16/12/25 11:00:00,Annual,Percentage of households,Single person with dependent children,Poland,2024,99.37,,
ESTAT:ISOC_CI_IN_H(1.0),16/12/25 11:00:00,Annual,Percentage of households,Single person with dependent children,Poland,2025,100.00,,
ESTAT:ISOC_CI_IN_H(1.0),16/12/25 11:00:00,Annual,Percentage of households,Single person with dependent children,Portugal,2003,28.75,,
ESTAT:ISOC_CI_IN_H(1.0),16/12/25 11:00:00,Annual,Percentage of households,Single person with dependent children,Portugal,2004,28.51,,
ESTAT:ISOC_CI_IN_H(1.0),16/12/25 11:00:00,Annual,Percentage of households,Single person with dependent children,Portugal,2005,36.43,,
ESTAT:ISOC_CI_IN_H(1.0),16/12/25 11:00:00,Annual,Percentage of households,Single person with dependent children,Portugal,2006,36.15,,
ESTAT:ISOC_CI_IN_H(1.0),16/12/25 11:00:00,Annual,Percentage of households,Single person with dependent children,Portugal,2007,50.66,,
ESTAT:ISOC_CI_IN_H(1.0),16/12/25 11:00:00,Annual,Percentage of households,Single person with dependent children,Portugal,2008,64.98,,
ESTAT:ISOC_CI_IN_H(1.0),16/12/25 11:00:00,Annual,Percentage of households,Single person with dependent children,Portugal,2009,64.96,,
ESTAT:ISOC_CI_IN_H(1.0),16/12/25 11:00:00,Annual,Percentage of households,Single person with dependent children,Portugal,2010,71.68,,
ESTAT:ISOC_CI_IN_H(1.0),16/12/25 11:00:00,Annual,Percentage of households,Single person with dependent children,Portugal,2011,73.17,,
ESTAT:ISOC_CI_IN_H(1.0),16/12/25 11:00:00,Annual,Percentage of households,Single person with dependent children,Portugal,2012,79.72,,
ESTAT:ISOC_CI_IN_H(1.0),16/12/25 11:00:00,Annual,Percentage of households,Single person with dependent children,Portugal,2013,81.98,,
ESTAT:ISOC_CI_IN_H(1.0),16/12/25 11:00:00,Annual,Percentage of households,Single person with dependent children,Portugal,2014,87.35,,
ESTAT:ISOC_CI_IN_H(1.0),16/12/25 11:00:00,Annual,Percentage of households,Single person with dependent children,Portugal,2015,90.31,,
ESTAT:ISOC_CI_IN_H(1.0),16/12/25 11:00:00,Annual,Percentage of households,Single person with dependent children,Portugal,2016,92.52,,
ESTAT:ISOC_CI_IN_H(1.0),16/12/25 11:00:00,Annual,Percentage of households,Single person with dependent children,Portugal,2017,98.64,,
ESTAT:ISOC_CI_IN_H(1.0),16/12/25 11:00:00,Annual,Percentage of households,Single person with dependent children,Portugal,2018,97.36,,
ESTAT:ISOC_CI_IN_H(1.0),16/12/25 11:00:00,Annual,Percentage of households,Single person with dependent children,Portugal,2019,92.53,,
ESTAT:ISOC_CI_IN_H(1.0),16/12/25 11:00:00,Annual,Percentage of households,Single person with dependent children,Portugal,2020,98.23,,
ESTAT:ISOC_CI_IN_H(1.0),16/12/25 11:00:00,Annual,Percentage of households,Single person with dependent children,Portugal,2021,98.58,,
ESTAT:ISOC_CI_IN_H(1.0),16/12/25 11:00:00,Annual,Percentage of households,Single person with dependent children,Portugal,2022,99.27,,
ESTAT:ISOC_CI_IN_H(1.0),16/12/25 11:00:00,Annual,Percentage of households,Single person with dependent children,Portugal,2023,98.95,,
ESTAT:ISOC_CI_IN_H(1.0),16/12/25 11:00:00,Annual,Percentage of households,Single person with dependent children,Portugal,2024,97.77,,
ESTAT:ISOC_CI_IN_H(1.0),16/12/25 11:00:00,Annual,Percentage of households,Single person with dependent children,Portugal,2025,98.60,,
ESTAT:ISOC_CI_IN_H(1.0),16/12/25 11:00:00,Annual,Percentage of households,Single person with dependent children,Romania,2006,15.11,,
ESTAT:ISOC_CI_IN_H(1.0),16/12/25 11:00:00,Annual,Percentage of households,Single person with dependent children,Romania,2007,14.23,,
ESTAT:ISOC_CI_IN_H(1.0),16/12/25 11:00:00,Annual,Percentage of households,Single person with dependent children,Romania,2008,22.83,,
ESTAT:ISOC_CI_IN_H(1.0),16/12/25 11:00:00,Annual,Percentage of households,Single person with dependent children,Romania,2009,28.68,,
ESTAT:ISOC_CI_IN_H(1.0),16/12/25 11:00:00,Annual,Percentage of households,Single person with dependent children,Romania,2010,47.97,,
ESTAT:ISOC_CI_IN_H(1.0),16/12/25 11:00:00,Annual,Percentage of households,Single person with dependent children,Romania,2011,54.88,,
ESTAT:ISOC_CI_IN_H(1.0),16/12/25 11:00:00,Annual,Percentage of households,Single person with dependent children,Romania,2012,64.93,u,
ESTAT:ISOC_CI_IN_H(1.0),16/12/25 11:00:00,Annual,Percentage of households,Single person with dependent children,Romania,2013,66.02,u,
ESTAT:ISOC_CI_IN_H(1.0),16/12/25 11:00:00,Annual,Percentage of households,Single person with dependent children,Romania,2014,82.54,bu,
ESTAT:ISOC_CI_IN_H(1.0),16/12/25 11:00:00,Annual,Percentage of households,Single person with dependent children,Romania,2015,66.01,,
ESTAT:ISOC_CI_IN_H(1.0),16/12/25 11:00:00,Annual,Percentage of households,Single person with dependent children,Romania,2016,72.60,,
ESTAT:ISOC_CI_IN_H(1.0),16/12/25 11:00:00,Annual,Percentage of households,Single person with dependent children,Romania,2017,89.21,u,
ESTAT:ISOC_CI_IN_H(1.0),16/12/25 11:00:00,Annual,Percentage of households,Single person with dependent children,Romania,2018,85.82,u,
ESTAT:ISOC_CI_IN_H(1.0),16/12/25 11:00:00,Annual,Percentage of households,Single person with dependent children,Romania,2019,88.41,u,
ESTAT:ISOC_CI_IN_H(1.0),16/12/25 11:00:00,Annual,Percentage of households,Single person with dependent children,Romania,2020,89.42,,
ESTAT:ISOC_CI_IN_H(1.0),16/12/25 11:00:00,Annual,Percentage of households,Single person with dependent children,Romania,2021,98.41,u,
ESTAT:ISOC_CI_IN_H(1.0),16/12/25 11:00:00,Annual,Percentage of households,Single person with dependent children,Romania,2022,100.00,u,
ESTAT:ISOC_CI_IN_H(1.0),16/12/25 11:00:00,Annual,Percentage of households,Single person with dependent children,Romania,2023,97.26,,
ESTAT:ISOC_CI_IN_H(1.0),16/12/25 11:00:00,Annual,Percentage of households,Single person with dependent children,Romania,2024,98.57,,
ESTAT:ISOC_CI_IN_H(1.0),16/12/25 11:00:00,Annual,Percentage of households,Single person with dependent children,Romania,2025,91.17,u,
ESTAT:ISOC_CI_IN_H(1.0),16/12/25 11:00:00,Annual,Percentage of households,Single person with dependent children,Serbia,2015,87.59,u,
ESTAT:ISOC_CI_IN_H(1.0),16/12/25 11:00:00,Annual,Percentage of households,Single person with dependent children,Serbia,2017,77.27,u,
ESTAT:ISOC_CI_IN_H(1.0),16/12/25 11:00:00,Annual,Percentage of households,Single person with dependent children,Serbia,2018,86.92,u,
ESTAT:ISOC_CI_IN_H(1.0),16/12/25 11:00:00,Annual,Percentage of households,Single person with dependent children,Serbia,2019,97.18,u,
ESTAT:ISOC_CI_IN_H(1.0),16/12/25 11:00:00,Annual,Percentage of households,Single person with dependent children,Serbia,2020,,u,
ESTAT:ISOC_CI_IN_H(1.0),16/12/25 11:00:00,Annual,Percentage of households,Single person with dependent children,Serbia,2021,91.77,u,
ESTAT:ISOC_CI_IN_H(1.0),16/12/25 11:00:00,Annual,Percentage of households,Single person with dependent children,Serbia,2022,,u,
ESTAT:ISOC_CI_IN_H(1.0),16/12/25 11:00:00,Annual,Percentage of households,Single person with dependent children,Serbia,2023,,u,
ESTAT:ISOC_CI_IN_H(1.0),16/12/25 11:00:00,Annual,Percentage of households,Single person with dependent children,Serbia,2024,,u,
ESTAT:ISOC_CI_IN_H(1.0),16/12/25 11:00:00,Annual,Percentage of households,Single person with dependent children,Serbia,2025,,u,
ESTAT:ISOC_CI_IN_H(1.0),16/12/25 11:00:00,Annual,Percentage of households,Single person with dependent children,Sweden,2005,69.05,,
ESTAT:ISOC_CI_IN_H(1.0),16/12/25 11:00:00,Annual,Percentage of households,Single person with dependent children,Sweden,2006,84.67,,
ESTAT:ISOC_CI_IN_H(1.0),16/12/25 11:00:00,Annual,Percentage of households,Single person with dependent children,Sweden,2007,76.42,,
ESTAT:ISOC_CI_IN_H(1.0),16/12/25 11:00:00,Annual,Percentage of households,Single person with dependent children,Sweden,2008,88.98,,
ESTAT:ISOC_CI_IN_H(1.0),16/12/25 11:00:00,Annual,Percentage of households,Single person with dependent children,Sweden,2009,88.86,,
ESTAT:ISOC_CI_IN_H(1.0),16/12/25 11:00:00,Annual,Percentage of households,Single person with dependent children,Sweden,2010,93.92,,
ESTAT:ISOC_CI_IN_H(1.0),16/12/25 11:00:00,Annual,Percentage of households,Single person with dependent children,Sweden,2011,97.00,u,
ESTAT:ISOC_CI_IN_H(1.0),16/12/25 11:00:00,Annual,Percentage of households,Single person with dependent children,Sweden,2012,100.00,u,
ESTAT:ISOC_CI_IN_H(1.0),16/12/25 11:00:00,Annual,Percentage of households,Single person with dependent children,Sweden,2013,,u,
ESTAT:ISOC_CI_IN_H(1.0),16/12/25 11:00:00,Annual,Percentage of households,Single person with dependent children,Sweden,2014,94.30,u,
ESTAT:ISOC_CI_IN_H(1.0),16/12/25 11:00:00,Annual,Percentage of households,Single person with dependent children,Sweden,2015,100.00,u,
ESTAT:ISOC_CI_IN_H(1.0),16/12/25 11:00:00,Annual,Percentage of households,Single person with dependent children,Sweden,2016,100.00,bu,
ESTAT:ISOC_CI_IN_H(1.0),16/12/25 11:00:00,Annual,Percentage of households,Single person with dependent children,Sweden,2017,,u,
ESTAT:ISOC_CI_IN_H(1.0),16/12/25 11:00:00,Annual,Percentage of households,Single person with dependent children,Sweden,2018,,u,
ESTAT:ISOC_CI_IN_H(1.0),16/12/25 11:00:00,Annual,Percentage of households,Single person with dependent children,Sweden,2019,95.07,u,
ESTAT:ISOC_CI_IN_H(1.0),16/12/25 11:00:00,Annual,Percentage of households,Single person with dependent children,Sweden,2020,96.46,,
ESTAT:ISOC_CI_IN_H(1.0),16/12/25 11:00:00,Annual,Percentage of households,Single person with dependent children,Sweden,2021,100.00,u,
ESTAT:ISOC_CI_IN_H(1.0),16/12/25 11:00:00,Annual,Percentage of households,Single person with dependent children,Sweden,2022,100.00,u,
ESTAT:ISOC_CI_IN_H(1.0),16/12/25 11:00:00,Annual,Percentage of households,Single person with dependent children,Sweden,2023,95.34,u,
ESTAT:ISOC_CI_IN_H(1.0),16/12/25 11:00:00,Annual,Percentage of households,Single person with dependent children,Sweden,2024,92.37,,
ESTAT:ISOC_CI_IN_H(1.0),16/12/25 11:00:00,Annual,Percentage of households,Single person with dependent children,Sweden,2025,95.02,,
ESTAT:ISOC_CI_IN_H(1.0),16/12/25 11:00:00,Annual,Percentage of households,Single person with dependent children,Slovenia,2004,,u,
ESTAT:ISOC_CI_IN_H(1.0),16/12/25 11:00:00,Annual,Percentage of households,Single person with dependent children,Slovenia,2005,,u,
ESTAT:ISOC_CI_IN_H(1.0),16/12/25 11:00:00,Annual,Percentage of households,Single person with dependent children,Slovenia,2006,48.45,,
ESTAT:ISOC_CI_IN_H(1.0),16/12/25 11:00:00,Annual,Percentage of households,Single person with dependent children,Slovenia,2007,44.02,,
ESTAT:ISOC_CI_IN_H(1.0),16/12/25 11:00:00,Annual,Percentage of households,Single person with dependent children,Slovenia,2008,87.71,,
ESTAT:ISOC_CI_IN_H(1.0),16/12/25 11:00:00,Annual,Percentage of households,Single person with dependent children,Slovenia,2009,66.56,,
ESTAT:ISOC_CI_IN_H(1.0),16/12/25 11:00:00,Annual,Percentage of households,Single person with dependent children,Slovenia,2010,91.74,,
ESTAT:ISOC_CI_IN_H(1.0),16/12/25 11:00:00,Annual,Percentage of households,Single person with dependent children,Slovenia,2011,74.64,u,
ESTAT:ISOC_CI_IN_H(1.0),16/12/25 11:00:00,Annual,Percentage of households,Single person with dependent children,Slovenia,2012,97.02,u,
ESTAT:ISOC_CI_IN_H(1.0),16/12/25 11:00:00,Annual,Percentage of households,Single person with dependent children,Slovenia,2013,95.47,u,
ESTAT:ISOC_CI_IN_H(1.0),16/12/25 11:00:00,Annual,Percentage of households,Single person with dependent children,Slovenia,2014,,u,
ESTAT:ISOC_CI_IN_H(1.0),16/12/25 11:00:00,Annual,Percentage of households,Single person with dependent children,Slovenia,2015,,u,
ESTAT:ISOC_CI_IN_H(1.0),16/12/25 11:00:00,Annual,Percentage of households,Single person with dependent children,Slovenia,2016,,u,
ESTAT:ISOC_CI_IN_H(1.0),16/12/25 11:00:00,Annual,Percentage of households,Single person with dependent children,Slovenia,2017,,u,
ESTAT:ISOC_CI_IN_H(1.0),16/12/25 11:00:00,Annual,Percentage of households,Single person with dependent children,Slovenia,2018,97.12,u,
ESTAT:ISOC_CI_IN_H(1.0),16/12/25 11:00:00,Annual,Percentage of households,Single person with dependent children,Slovenia,2019,,u,
ESTAT:ISOC_CI_IN_H(1.0),16/12/25 11:00:00,Annual,Percentage of households,Single person with dependent children,Slovenia,2020,,u,
ESTAT:ISOC_CI_IN_H(1.0),16/12/25 11:00:00,Annual,Percentage of households,Single person with dependent children,Slovenia,2021,96.49,u,
ESTAT:ISOC_CI_IN_H(1.0),16/12/25 11:00:00,Annual,Percentage of households,Single person with dependent children,Slovenia,2022,100.00,u,
ESTAT:ISOC_CI_IN_H(1.0),16/12/25 11:00:00,Annual,Percentage of households,Single person with dependent children,Slovenia,2023,95.82,u,
ESTAT:ISOC_CI_IN_H(1.0),16/12/25 11:00:00,Annual,Percentage of households,Single person with dependent children,Slovenia,2024,100.00,u,
ESTAT:ISOC_CI_IN_H(1.0),16/12/25 11:00:00,Annual,Percentage of households,Single person with dependent children,Slovenia,2025,100.00,u,
ESTAT:ISOC_CI_IN_H(1.0),16/12/25 11:00:00,Annual,Percentage of households,Single person with dependent children,Slovakia,2004,18.57,,
ESTAT:ISOC_CI_IN_H(1.0),16/12/25 11:00:00,Annual,Percentage of households,Single person with dependent children,Slovakia,2005,21.06,,
ESTAT:ISOC_CI_IN_H(1.0),16/12/25 11:00:00,Annual,Percentage of households,Single person with dependent children,Slovakia,2006,20.24,,
ESTAT:ISOC_CI_IN_H(1.0),16/12/25 11:00:00,Annual,Percentage of households,Single person with dependent children,Slovakia,2007,42.99,,
ESTAT:ISOC_CI_IN_H(1.0),16/12/25 11:00:00,Annual,Percentage of households,Single person with dependent children,Slovakia,2008,65.32,,
ESTAT:ISOC_CI_IN_H(1.0),16/12/25 11:00:00,Annual,Percentage of households,Single person with dependent children,Slovakia,2009,70.39,,
ESTAT:ISOC_CI_IN_H(1.0),16/12/25 11:00:00,Annual,Percentage of households,Single person with dependent children,Slovakia,2010,78.12,,
ESTAT:ISOC_CI_IN_H(1.0),16/12/25 11:00:00,Annual,Percentage of households,Single person with dependent children,Slovakia,2011,69.39,,
ESTAT:ISOC_CI_IN_H(1.0),16/12/25 11:00:00,Annual,Percentage of households,Single person with dependent children,Slovakia,2012,85.41,,
ESTAT:ISOC_CI_IN_H(1.0),16/12/25 11:00:00,Annual,Percentage of households,Single person with dependent children,Slovakia,2013,88.18,,
ESTAT:ISOC_CI_IN_H(1.0),16/12/25 11:00:00,Annual,Percentage of households,Single person with dependent children,Slovakia,2014,89.25,u,
ESTAT:ISOC_CI_IN_H(1.0),16/12/25 11:00:00,Annual,Percentage of households,Single person with dependent children,Slovakia,2015,91.11,u,
ESTAT:ISOC_CI_IN_H(1.0),16/12/25 11:00:00,Annual,Percentage of households,Single person with dependent children,Slovakia,2016,94.95,u,
ESTAT:ISOC_CI_IN_H(1.0),16/12/25 11:00:00,Annual,Percentage of households,Single person with dependent children,Slovakia,2017,95.78,u,
ESTAT:ISOC_CI_IN_H(1.0),16/12/25 11:00:00,Annual,Percentage of households,Single person with dependent children,Slovakia,2018,88.36,u,
ESTAT:ISOC_CI_IN_H(1.0),16/12/25 11:00:00,Annual,Percentage of households,Single person with dependent children,Slovakia,2019,91.99,u,
ESTAT:ISOC_CI_IN_H(1.0),16/12/25 11:00:00,Annual,Percentage of households,Single person with dependent children,Slovakia,2020,87.48,u,
ESTAT:ISOC_CI_IN_H(1.0),16/12/25 11:00:00,Annual,Percentage of households,Single person with dependent children,Slovakia,2021,94.37,,
ESTAT:ISOC_CI_IN_H(1.0),16/12/25 11:00:00,Annual,Percentage of households,Single person with dependent children,Slovakia,2022,97.02,,
ESTAT:ISOC_CI_IN_H(1.0),16/12/25 11:00:00,Annual,Percentage of households,Single person with dependent children,Slovakia,2023,98.99,,
ESTAT:ISOC_CI_IN_H(1.0),16/12/25 11:00:00,Annual,Percentage of households,Single person with dependent children,Slovakia,2024,100.00,,
ESTAT:ISOC_CI_IN_H(1.0),16/12/25 11:00:00,Annual,Percentage of households,Single person with dependent children,Slovakia,2025,97.35,u,
ESTAT:ISOC_CI_IN_H(1.0),16/12/25 11:00:00,Annual,Percentage of households,Single person with dependent children,Türkiye,2004,4.70,,
ESTAT:ISOC_CI_IN_H(1.0),16/12/25 11:00:00,Annual,Percentage of households,Single person with dependent children,Türkiye,2007,28.46,,
ESTAT:ISOC_CI_IN_H(1.0),16/12/25 11:00:00,Annual,Percentage of households,Single person with dependent children,Türkiye,2008,23.15,,
ESTAT:ISOC_CI_IN_H(1.0),16/12/25 11:00:00,Annual,Percentage of households,Single person with dependent children,Türkiye,2009,26.96,,
ESTAT:ISOC_CI_IN_H(1.0),16/12/25 11:00:00,Annual,Percentage of households,Single person with dependent children,Türkiye,2010,41.90,,
ESTAT:ISOC_CI_IN_H(1.0),16/12/25 11:00:00,Annual,Percentage of households,Single person with dependent children,Türkiye,2012,40.53,,
ESTAT:ISOC_CI_IN_H(1.0),16/12/25 11:00:00,Annual,Percentage of households,Single person with dependent children,Türkiye,2013,56.21,,
ESTAT:ISOC_CI_IN_H(1.0),16/12/25 11:00:00,Annual,Percentage of households,Single person with dependent children,Türkiye,2020,95.91,,
ESTAT:ISOC_CI_IN_H(1.0),16/12/25 11:00:00,Annual,Percentage of households,Single person with dependent children,Türkiye,2021,97.32,,
ESTAT:ISOC_CI_IN_H(1.0),16/12/25 11:00:00,Annual,Percentage of households,Single person with dependent children,Türkiye,2022,98.11,,
ESTAT:ISOC_CI_IN_H(1.0),16/12/25 11:00:00,Annual,Percentage of households,Single person with dependent children,Türkiye,2023,99.42,,
ESTAT:ISOC_CI_IN_H(1.0),16/12/25 11:00:00,Annual,Percentage of households,Single person with dependent children,Türkiye,2024,99.71,,
ESTAT:ISOC_CI_IN_H(1.0),16/12/25 11:00:00,Annual,Percentage of households,Single person with dependent children,Türkiye,2025,99.78,,
ESTAT:ISOC_CI_IN_H(1.0),16/12/25 11:00:00,Annual,Percentage of households,Single person with dependent children,United Kingdom,2002,40.71,,
ESTAT:ISOC_CI_IN_H(1.0),16/12/25 11:00:00,Annual,Percentage of households,Single person with dependent children,United Kingdom,2003,43.15,,
ESTAT:ISOC_CI_IN_H(1.0),16/12/25 11:00:00,Annual,Percentage of households,Single person with dependent children,United Kingdom,2004,49.27,,
ESTAT:ISOC_CI_IN_H(1.0),16/12/25 11:00:00,Annual,Percentage of households,Single person with dependent children,United Kingdom,2005,45.39,,
ESTAT:ISOC_CI_IN_H(1.0),16/12/25 11:00:00,Annual,Percentage of households,Single person with dependent children,United Kingdom,2006,48.07,,
ESTAT:ISOC_CI_IN_H(1.0),16/12/25 11:00:00,Annual,Percentage of households,Single person with dependent children,United Kingdom,2007,58.58,,
ESTAT:ISOC_CI_IN_H(1.0),16/12/25 11:00:00,Annual,Percentage of households,Single person with dependent children,United Kingdom,2008,70.19,,
ESTAT:ISOC_CI_IN_H(1.0),16/12/25 11:00:00,Annual,Percentage of households,Single person with dependent children,United Kingdom,2009,78.10,,
ESTAT:ISOC_CI_IN_H(1.0),16/12/25 11:00:00,Annual,Percentage of households,Single person with dependent children,United Kingdom,2010,79.24,,
ESTAT:ISOC_CI_IN_H(1.0),16/12/25 11:00:00,Annual,Percentage of households,Single person with dependent children,United Kingdom,2011,85.30,,
ESTAT:ISOC_CI_IN_H(1.0),16/12/25 11:00:00,Annual,Percentage of households,Single person with dependent children,United Kingdom,2012,83.81,,
ESTAT:ISOC_CI_IN_H(1.0),16/12/25 11:00:00,Annual,Percentage of households,Single person with dependent children,United Kingdom,2013,89.33,,
ESTAT:ISOC_CI_IN_H(1.0),16/12/25 11:00:00,Annual,Percentage of households,Single person with dependent children,United Kingdom,2014,90.49,,
ESTAT:ISOC_CI_IN_H(1.0),16/12/25 11:00:00,Annual,Percentage of households,Single person with dependent children,United Kingdom,2015,94.86,,
ESTAT:ISOC_CI_IN_H(1.0),16/12/25 11:00:00,Annual,Percentage of households,Single person with dependent children,United Kingdom,2016,98.60,,
ESTAT:ISOC_CI_IN_H(1.0),16/12/25 11:00:00,Annual,Percentage of households,Single person with dependent children,United Kingdom,2017,97.28,,
ESTAT:ISOC_CI_IN_H(1.0),16/12/25 11:00:00,Annual,Percentage of households,Single person with dependent children,United Kingdom,2018,99.44,,
ESTAT:ISOC_CI_IN_H(1.0),16/12/25 11:00:00,Annual,Percentage of households,Single person with dependent children,United Kingdom,2019,100.00,,
ESTAT:ISOC_CI_IN_H(1.0),16/12/25 11:00:00,Annual,Percentage of households,Single person with dependent children,United Kingdom,2020,100.00,,
ESTAT:ISOC_CI_IN_H(1.0),16/12/25 11:00:00,Annual,Percentage of households,Single person with dependent children,Kosovo*,2017,,u,
ESTAT:ISOC_CI_IN_H(1.0),16/12/25 11:00:00,Annual,Percentage of households,Single person with dependent children,Kosovo*,2018,,u,
ESTAT:ISOC_CI_IN_H(1.0),16/12/25 11:00:00,Annual,Percentage of households,Single person with dependent children,Kosovo*,2019,,u,
ESTAT:ISOC_CI_IN_H(1.0),16/12/25 11:00:00,Annual,Percentage of households,Single person with dependent children,Kosovo*,2020,,u,
ESTAT:ISOC_CI_IN_H(1.0),16/12/25 11:00:00,Annual,Percentage of households,Single person with dependent children,Kosovo*,2024,,u,
ESTAT:ISOC_CI_IN_H(1.0),16/12/25 11:00:00,Annual,Percentage of households,Two adults,Albania,2018,60.02,,
ESTAT:ISOC_CI_IN_H(1.0),16/12/25 11:00:00,Annual,Percentage of households,Two adults,Albania,2020,71.38,,
ESTAT:ISOC_CI_IN_H(1.0),16/12/25 11:00:00,Annual,Percentage of households,Two adults,Albania,2021,76.54,,
ESTAT:ISOC_CI_IN_H(1.0),16/12/25 11:00:00,Annual,Percentage of households,Two adults,Albania,2022,95.06,,
ESTAT:ISOC_CI_IN_H(1.0),16/12/25 11:00:00,Annual,Percentage of households,Two adults,Albania,2023,92.36,,
ESTAT:ISOC_CI_IN_H(1.0),16/12/25 11:00:00,Annual,Percentage of households,Two adults,Albania,2024,95.90,,
ESTAT:ISOC_CI_IN_H(1.0),16/12/25 11:00:00,Annual,Percentage of households,Two adults,Austria,2002,24.62,,
ESTAT:ISOC_CI_IN_H(1.0),16/12/25 11:00:00,Annual,Percentage of households,Two adults,Austria,2003,30.20,,
ESTAT:ISOC_CI_IN_H(1.0),16/12/25 11:00:00,Annual,Percentage of households,Two adults,Austria,2004,38.21,,
ESTAT:ISOC_CI_IN_H(1.0),16/12/25 11:00:00,Annual,Percentage of households,Two adults,Austria,2005,38.41,,
ESTAT:ISOC_CI_IN_H(1.0),16/12/25 11:00:00,Annual,Percentage of households,Two adults,Austria,2006,44.57,,
ESTAT:ISOC_CI_IN_H(1.0),16/12/25 11:00:00,Annual,Percentage of households,Two adults,Austria,2007,52.92,,
ESTAT:ISOC_CI_IN_H(1.0),16/12/25 11:00:00,Annual,Percentage of households,Two adults,Austria,2008,60.87,,
ESTAT:ISOC_CI_IN_H(1.0),16/12/25 11:00:00,Annual,Percentage of households,Two adults,Austria,2009,61.60,,
ESTAT:ISOC_CI_IN_H(1.0),16/12/25 11:00:00,Annual,Percentage of households,Two adults,Austria,2010,66.27,,
ESTAT:ISOC_CI_IN_H(1.0),16/12/25 11:00:00,Annual,Percentage of households,Two adults,Austria,2011,69.29,,
ESTAT:ISOC_CI_IN_H(1.0),16/12/25 11:00:00,Annual,Percentage of households,Two adults,Austria,2012,71.61,,
ESTAT:ISOC_CI_IN_H(1.0),16/12/25 11:00:00,Annual,Percentage of households,Two adults,Austria,2013,74.13,,
ESTAT:ISOC_CI_IN_H(1.0),16/12/25 11:00:00,Annual,Percentage of households,Two adults,Austria,2014,75.84,,
ESTAT:ISOC_CI_IN_H(1.0),16/12/25 11:00:00,Annual,Percentage of households,Two adults,Austria,2015,78.63,,
ESTAT:ISOC_CI_IN_H(1.0),16/12/25 11:00:00,Annual,Percentage of households,Two adults,Austria,2016,84.14,,
ESTAT:ISOC_CI_IN_H(1.0),16/12/25 11:00:00,Annual,Percentage of households,Two adults,Austria,2017,85.31,,
ESTAT:ISOC_CI_IN_H(1.0),16/12/25 11:00:00,Annual,Percentage of households,Two adults,Austria,2018,89.05,,
ESTAT:ISOC_CI_IN_H(1.0),16/12/25 11:00:00,Annual,Percentage of households,Two adults,Austria,2019,87.86,,
ESTAT:ISOC_CI_IN_H(1.0),16/12/25 11:00:00,Annual,Percentage of households,Two adults,Austria,2020,89.96,,
ESTAT:ISOC_CI_IN_H(1.0),16/12/25 11:00:00,Annual,Percentage of households,Two adults,Austria,2021,94.82,,
ESTAT:ISOC_CI_IN_H(1.0),16/12/25 11:00:00,Annual,Percentage of households,Two adults,Austria,2022,92.05,,
ESTAT:ISOC_CI_IN_H(1.0),16/12/25 11:00:00,Annual,Percentage of households,Two adults,Austria,2023,94.83,,
ESTAT:ISOC_CI_IN_H(1.0),16/12/25 11:00:00,Annual,Percentage of households,Two adults,Austria,2024,93.90,,
ESTAT:ISOC_CI_IN_H(1.0),16/12/25 11:00:00,Annual,Percentage of households,Two adults,Austria,2025,95.48,,
ESTAT:ISOC_CI_IN_H(1.0),16/12/25 11:00:00,Annual,Percentage of households,Two adults,Bosnia and Herzegovina,2018,56.12,,
ESTAT:ISOC_CI_IN_H(1.0),16/12/25 11:00:00,Annual,Percentage of households,Two adults,Bosnia and Herzegovina,2019,62.03,,
ESTAT:ISOC_CI_IN_H(1.0),16/12/25 11:00:00,Annual,Percentage of households,Two adults,Bosnia and Herzegovina,2020,59.26,,
ESTAT:ISOC_CI_IN_H(1.0),16/12/25 11:00:00,Annual,Percentage of households,Two adults,Bosnia and Herzegovina,2021,63.63,,
ESTAT:ISOC_CI_IN_H(1.0),16/12/25 11:00:00,Annual,Percentage of households,Two adults,Bosnia and Herzegovina,2023,71.52,,
ESTAT:ISOC_CI_IN_H(1.0),16/12/25 11:00:00,Annual,Percentage of households,Two adults,Bosnia and Herzegovina,2024,77.40,,
ESTAT:ISOC_CI_IN_H(1.0),16/12/25 11:00:00,Annual,Percentage of households,Two adults,Bosnia and Herzegovina,2025,84.49,,
ESTAT:ISOC_CI_IN_H(1.0),16/12/25 11:00:00,Annual,Percentage of households,Two adults,Belgium,2005,39.70,,
ESTAT:ISOC_CI_IN_H(1.0),16/12/25 11:00:00,Annual,Percentage of households,Two adults,Belgium,2006,46.75,,
ESTAT:ISOC_CI_IN_H(1.0),16/12/25 11:00:00,Annual,Percentage of households,Two adults,Belgium,2007,53.50,,
ESTAT:ISOC_CI_IN_H(1.0),16/12/25 11:00:00,Annual,Percentage of households,Two adults,Belgium,2008,57.98,,
ESTAT:ISOC_CI_IN_H(1.0),16/12/25 11:00:00,Annual,Percentage of households,Two adults,Belgium,2009,65.10,,
ESTAT:ISOC_CI_IN_H(1.0),16/12/25 11:00:00,Annual,Percentage of households,Two adults,Belgium,2010,70.29,,
ESTAT:ISOC_CI_IN_H(1.0),16/12/25 11:00:00,Annual,Percentage of households,Two adults,Belgium,2011,76.57,,
ESTAT:ISOC_CI_IN_H(1.0),16/12/25 11:00:00,Annual,Percentage of households,Two adults,Belgium,2012,76.46,,
ESTAT:ISOC_CI_IN_H(1.0),16/12/25 11:00:00,Annual,Percentage of households,Two adults,Belgium,2013,78.05,,
ESTAT:ISOC_CI_IN_H(1.0),16/12/25 11:00:00,Annual,Percentage of households,Two adults,Belgium,2014,82.33,,
ESTAT:ISOC_CI_IN_H(1.0),16/12/25 11:00:00,Annual,Percentage of households,Two adults,Belgium,2015,81.06,,
ESTAT:ISOC_CI_IN_H(1.0),16/12/25 11:00:00,Annual,Percentage of households,Two adults,Belgium,2016,85.56,,
ESTAT:ISOC_CI_IN_H(1.0),16/12/25 11:00:00,Annual,Percentage of households,Two adults,Belgium,2017,85.28,,
ESTAT:ISOC_CI_IN_H(1.0),16/12/25 11:00:00,Annual,Percentage of households,Two adults,Belgium,2018,86.58,,
ESTAT:ISOC_CI_IN_H(1.0),16/12/25 11:00:00,Annual,Percentage of households,Two adults,Belgium,2019,90.94,,
ESTAT:ISOC_CI_IN_H(1.0),16/12/25 11:00:00,Annual,Percentage of households,Two adults,Belgium,2020,92.59,,
ESTAT:ISOC_CI_IN_H(1.0),16/12/25 11:00:00,Annual,Percentage of households,Two adults,Belgium,2021,93.79,,
ESTAT:ISOC_CI_IN_H(1.0),16/12/25 11:00:00,Annual,Percentage of households,Two adults,Belgium,2022,95.84,,
ESTAT:ISOC_CI_IN_H(1.0),16/12/25 11:00:00,Annual,Percentage of households,Two adults,Belgium,2023,96.38,,
ESTAT:ISOC_CI_IN_H(1.0),16/12/25 11:00:00,Annual,Percentage of households,Two adults,Belgium,2024,95.67,,
ESTAT:ISOC_CI_IN_H(1.0),16/12/25 11:00:00,Annual,Percentage of households,Two adults,Belgium,2025,97.07,,
ESTAT:ISOC_CI_IN_H(1.0),16/12/25 11:00:00,Annual,Percentage of households,Two adults,Bulgaria,2004,3.94,,
ESTAT:ISOC_CI_IN_H(1.0),16/12/25 11:00:00,Annual,Percentage of households,Two adults,Bulgaria,2007,11.97,,
ESTAT:ISOC_CI_IN_H(1.0),16/12/25 11:00:00,Annual,Percentage of households,Two adults,Bulgaria,2008,15.36,,
ESTAT:ISOC_CI_IN_H(1.0),16/12/25 11:00:00,Annual,Percentage of households,Two adults,Bulgaria,2009,18.83,,
ESTAT:ISOC_CI_IN_H(1.0),16/12/25 11:00:00,Annual,Percentage of households,Two adults,Bulgaria,2010,22.99,,
ESTAT:ISOC_CI_IN_H(1.0),16/12/25 11:00:00,Annual,Percentage of households,Two adults,Bulgaria,2011,33.51,,
ESTAT:ISOC_CI_IN_H(1.0),16/12/25 11:00:00,Annual,Percentage of households,Two adults,Bulgaria,2012,37.32,,
ESTAT:ISOC_CI_IN_H(1.0),16/12/25 11:00:00,Annual,Percentage of households,Two adults,Bulgaria,2013,40.88,,
ESTAT:ISOC_CI_IN_H(1.0),16/12/25 11:00:00,Annual,Percentage of households,Two adults,Bulgaria,2014,41.37,,
ESTAT:ISOC_CI_IN_H(1.0),16/12/25 11:00:00,Annual,Percentage of households,Two adults,Bulgaria,2015,47.06,,
ESTAT:ISOC_CI_IN_H(1.0),16/12/25 11:00:00,Annual,Percentage of households,Two adults,Bulgaria,2016,53.03,,
ESTAT:ISOC_CI_IN_H(1.0),16/12/25 11:00:00,Annual,Percentage of households,Two adults,Bulgaria,2017,56.30,,
ESTAT:ISOC_CI_IN_H(1.0),16/12/25 11:00:00,Annual,Percentage of households,Two adults,Bulgaria,2018,64.17,,
ESTAT:ISOC_CI_IN_H(1.0),16/12/25 11:00:00,Annual,Percentage of households,Two adults,Bulgaria,2019,69.32,,
ESTAT:ISOC_CI_IN_H(1.0),16/12/25 11:00:00,Annual,Percentage of households,Two adults,Bulgaria,2020,77.69,,
ESTAT:ISOC_CI_IN_H(1.0),16/12/25 11:00:00,Annual,Percentage of households,Two adults,Bulgaria,2021,78.15,,
ESTAT:ISOC_CI_IN_H(1.0),16/12/25 11:00:00,Annual,Percentage of households,Two adults,Bulgaria,2022,86.93,,
ESTAT:ISOC_CI_IN_H(1.0),16/12/25 11:00:00,Annual,Percentage of households,Two adults,Bulgaria,2023,88.96,,
ESTAT:ISOC_CI_IN_H(1.0),16/12/25 11:00:00,Annual,Percentage of households,Two adults,Bulgaria,2024,90.48,,
ESTAT:ISOC_CI_IN_H(1.0),16/12/25 11:00:00,Annual,Percentage of households,Two adults,Bulgaria,2025,93.84,,
ESTAT:ISOC_CI_IN_H(1.0),16/12/25 11:00:00,Annual,Percentage of households,Two adults,Switzerland,2014,91.87,,
ESTAT:ISOC_CI_IN_H(1.0),16/12/25 11:00:00,Annual,Percentage of households,Two adults,Switzerland,2017,93.11,b,
ESTAT:ISOC_CI_IN_H(1.0),16/12/25 11:00:00,Annual,Percentage of households,Two adults,Switzerland,2019,95.98,,
ESTAT:ISOC_CI_IN_H(1.0),16/12/25 11:00:00,Annual,Percentage of households,Two adults,Switzerland,2021,98.93,,
ESTAT:ISOC_CI_IN_H(1.0),16/12/25 11:00:00,Annual,Percentage of households,Two adults,Switzerland,2023,99.79,,
ESTAT:ISOC_CI_IN_H(1.0),16/12/25 11:00:00,Annual,Percentage of households,Two adults,Switzerland,2025,99.83,,
ESTAT:ISOC_CI_IN_H(1.0),16/12/25 11:00:00,Annual,Percentage of households,Two adults,Cyprus,2004,47.25,,
ESTAT:ISOC_CI_IN_H(1.0),16/12/25 11:00:00,Annual,Percentage of households,Two adults,Cyprus,2005,10.24,,
ESTAT:ISOC_CI_IN_H(1.0),16/12/25 11:00:00,Annual,Percentage of households,Two adults,Cyprus,2006,13.52,,
ESTAT:ISOC_CI_IN_H(1.0),16/12/25 11:00:00,Annual,Percentage of households,Two adults,Cyprus,2007,18.64,,
ESTAT:ISOC_CI_IN_H(1.0),16/12/25 11:00:00,Annual,Percentage of households,Two adults,Cyprus,2008,19.97,,
ESTAT:ISOC_CI_IN_H(1.0),16/12/25 11:00:00,Annual,Percentage of households,Two adults,Cyprus,2009,28.01,,
ESTAT:ISOC_CI_IN_H(1.0),16/12/25 11:00:00,Annual,Percentage of households,Two adults,Cyprus,2010,28.54,,
ESTAT:ISOC_CI_IN_H(1.0),16/12/25 11:00:00,Annual,Percentage of households,Two adults,Cyprus,2011,26.00,,
ESTAT:ISOC_CI_IN_H(1.0),16/12/25 11:00:00,Annual,Percentage of households,Two adults,Cyprus,2012,42.84,,
ESTAT:ISOC_CI_IN_H(1.0),16/12/25 11:00:00,Annual,Percentage of households,Two adults,Cyprus,2013,41.97,,
ESTAT:ISOC_CI_IN_H(1.0),16/12/25 11:00:00,Annual,Percentage of households,Two adults,Cyprus,2014,44.03,,
ESTAT:ISOC_CI_IN_H(1.0),16/12/25 11:00:00,Annual,Percentage of households,Two adults,Cyprus,2015,54.98,,
ESTAT:ISOC_CI_IN_H(1.0),16/12/25 11:00:00,Annual,Percentage of households,Two adults,Cyprus,2016,56.60,,
ESTAT:ISOC_CI_IN_H(1.0),16/12/25 11:00:00,Annual,Percentage of households,Two adults,Cyprus,2017,66.47,,
ESTAT:ISOC_CI_IN_H(1.0),16/12/25 11:00:00,Annual,Percentage of households,Two adults,Cyprus,2018,72.33,,
ESTAT:ISOC_CI_IN_H(1.0),16/12/25 11:00:00,Annual,Percentage of households,Two adults,Cyprus,2019,83.54,,
ESTAT:ISOC_CI_IN_H(1.0),16/12/25 11:00:00,Annual,Percentage of households,Two adults,Cyprus,2020,84.64,,
ESTAT:ISOC_CI_IN_H(1.0),16/12/25 11:00:00,Annual,Percentage of households,Two adults,Cyprus,2021,89.43,,
ESTAT:ISOC_CI_IN_H(1.0),16/12/25 11:00:00,Annual,Percentage of households,Two adults,Cyprus,2022,89.37,,
ESTAT:ISOC_CI_IN_H(1.0),16/12/25 11:00:00,Annual,Percentage of households,Two adults,Cyprus,2023,87.98,,
ESTAT:ISOC_CI_IN_H(1.0),16/12/25 11:00:00,Annual,Percentage of households,Two adults,Cyprus,2024,93.03,,
ESTAT:ISOC_CI_IN_H(1.0),16/12/25 11:00:00,Annual,Percentage of households,Two adults,Cyprus,2025,95.75,,
ESTAT:ISOC_CI_IN_H(1.0),16/12/25 11:00:00,Annual,Percentage of households,Two adults,Czechia,2004,11.32,,
ESTAT:ISOC_CI_IN_H(1.0),16/12/25 11:00:00,Annual,Percentage of households,Two adults,Czechia,2005,9.86,,
ESTAT:ISOC_CI_IN_H(1.0),16/12/25 11:00:00,Annual,Percentage of households,Two adults,Czechia,2006,17.86,,
ESTAT:ISOC_CI_IN_H(1.0),16/12/25 11:00:00,Annual,Percentage of households,Two adults,Czechia,2007,24.96,,
ESTAT:ISOC_CI_IN_H(1.0),16/12/25 11:00:00,Annual,Percentage of households,Two adults,Czechia,2008,32.29,,
ESTAT:ISOC_CI_IN_H(1.0),16/12/25 11:00:00,Annual,Percentage of households,Two adults,Czechia,2009,39.85,,
ESTAT:ISOC_CI_IN_H(1.0),16/12/25 11:00:00,Annual,Percentage of households,Two adults,Czechia,2010,44.01,,
ESTAT:ISOC_CI_IN_H(1.0),16/12/25 11:00:00,Annual,Percentage of households,Two adults,Czechia,2011,49.14,,
ESTAT:ISOC_CI_IN_H(1.0),16/12/25 11:00:00,Annual,Percentage of households,Two adults,Czechia,2012,59.88,,
ESTAT:ISOC_CI_IN_H(1.0),16/12/25 11:00:00,Annual,Percentage of households,Two adults,Czechia,2013,59.99,,
ESTAT:ISOC_CI_IN_H(1.0),16/12/25 11:00:00,Annual,Percentage of households,Two adults,Czechia,2014,69.29,,
ESTAT:ISOC_CI_IN_H(1.0),16/12/25 11:00:00,Annual,Percentage of households,Two adults,Czechia,2015,69.67,,
ESTAT:ISOC_CI_IN_H(1.0),16/12/25 11:00:00,Annual,Percentage of households,Two adults,Czechia,2016,71.81,,
ESTAT:ISOC_CI_IN_H(1.0),16/12/25 11:00:00,Annual,Percentage of households,Two adults,Czechia,2017,76.69,,
ESTAT:ISOC_CI_IN_H(1.0),16/12/25 11:00:00,Annual,Percentage of households,Two adults,Czechia,2018,79.12,,
ESTAT:ISOC_CI_IN_H(1.0),16/12/25 11:00:00,Annual,Percentage of households,Two adults,Czechia,2019,80.61,,
ESTAT:ISOC_CI_IN_H(1.0),16/12/25 11:00:00,Annual,Percentage of households,Two adults,Czechia,2020,82.75,,
ESTAT:ISOC_CI_IN_H(1.0),16/12/25 11:00:00,Annual,Percentage of households,Two adults,Czechia,2021,85.41,,
ESTAT:ISOC_CI_IN_H(1.0),16/12/25 11:00:00,Annual,Percentage of households,Two adults,Czechia,2022,86.99,,
ESTAT:ISOC_CI_IN_H(1.0),16/12/25 11:00:00,Annual,Percentage of households,Two adults,Czechia,2023,88.62,,
ESTAT:ISOC_CI_IN_H(1.0),16/12/25 11:00:00,Annual,Percentage of households,Two adults,Czechia,2024,92.19,,
ESTAT:ISOC_CI_IN_H(1.0),16/12/25 11:00:00,Annual,Percentage of households,Two adults,Czechia,2025,93.49,,
ESTAT:ISOC_CI_IN_H(1.0),16/12/25 11:00:00,Annual,Percentage of households,Two adults,Germany,2002,38.63,,
ESTAT:ISOC_CI_IN_H(1.0),16/12/25 11:00:00,Annual,Percentage of households,Two adults,Germany,2003,48.39,,
ESTAT:ISOC_CI_IN_H(1.0),16/12/25 11:00:00,Annual,Percentage of households,Two adults,Germany,2004,53.51,,
ESTAT:ISOC_CI_IN_H(1.0),16/12/25 11:00:00,Annual,Percentage of households,Two adults,Germany,2005,56.72,,
ESTAT:ISOC_CI_IN_H(1.0),16/12/25 11:00:00,Annual,Percentage of households,Two adults,Germany,2006,64.47,,
ESTAT:ISOC_CI_IN_H(1.0),16/12/25 11:00:00,Annual,Percentage of households,Two adults,Germany,2007,67.53,,
ESTAT:ISOC_CI_IN_H(1.0),16/12/25 11:00:00,Annual,Percentage of households,Two adults,Germany,2008,73.96,,
ESTAT:ISOC_CI_IN_H(1.0),16/12/25 11:00:00,Annual,Percentage of households,Two adults,Germany,2009,78.62,,
ESTAT:ISOC_CI_IN_H(1.0),16/12/25 11:00:00,Annual,Percentage of households,Two adults,Germany,2010,81.82,,
ESTAT:ISOC_CI_IN_H(1.0),16/12/25 11:00:00,Annual,Percentage of households,Two adults,Germany,2011,82.93,,
ESTAT:ISOC_CI_IN_H(1.0),16/12/25 11:00:00,Annual,Percentage of households,Two adults,Germany,2012,86.40,,
ESTAT:ISOC_CI_IN_H(1.0),16/12/25 11:00:00,Annual,Percentage of households,Two adults,Germany,2013,88.25,,
ESTAT:ISOC_CI_IN_H(1.0),16/12/25 11:00:00,Annual,Percentage of households,Two adults,Germany,2014,90.28,,
ESTAT:ISOC_CI_IN_H(1.0),16/12/25 11:00:00,Annual,Percentage of households,Two adults,Germany,2015,91.71,,
ESTAT:ISOC_CI_IN_H(1.0),16/12/25 11:00:00,Annual,Percentage of households,Two adults,Germany,2016,94.07,,
ESTAT:ISOC_CI_IN_H(1.0),16/12/25 11:00:00,Annual,Percentage of households,Two adults,Germany,2017,94.66,,
ESTAT:ISOC_CI_IN_H(1.0),16/12/25 11:00:00,Annual,Percentage of households,Two adults,Germany,2018,95.32,,
ESTAT:ISOC_CI_IN_H(1.0),16/12/25 11:00:00,Annual,Percentage of households,Two adults,Germany,2019,96.12,,
ESTAT:ISOC_CI_IN_H(1.0),16/12/25 11:00:00,Annual,Percentage of households,Two adults,Germany,2020,97.33,,
ESTAT:ISOC_CI_IN_H(1.0),16/12/25 11:00:00,Annual,Percentage of households,Two adults,Germany,2021,91.81,b,
ESTAT:ISOC_CI_IN_H(1.0),16/12/25 11:00:00,Annual,Percentage of households,Two adults,Germany,2022,92.55,,
ESTAT:ISOC_CI_IN_H(1.0),16/12/25 11:00:00,Annual,Percentage of households,Two adults,Germany,2023,92.27,,
ESTAT:ISOC_CI_IN_H(1.0),16/12/25 11:00:00,Annual,Percentage of households,Two adults,Germany,2024,94.51,,
ESTAT:ISOC_CI_IN_H(1.0),16/12/25 11:00:00,Annual,Percentage of households,Two adults,Germany,2025,94.93,,
ESTAT:ISOC_CI_IN_H(1.0),16/12/25 11:00:00,Annual,Percentage of households,Two adults,Denmark,2002,59.12,,
ESTAT:ISOC_CI_IN_H(1.0),16/12/25 11:00:00,Annual,Percentage of households,Two adults,Denmark,2003,64.28,,
ESTAT:ISOC_CI_IN_H(1.0),16/12/25 11:00:00,Annual,Percentage of households,Two adults,Denmark,2004,68.51,,
ESTAT:ISOC_CI_IN_H(1.0),16/12/25 11:00:00,Annual,Percentage of households,Two adults,Denmark,2005,75.65,,
ESTAT:ISOC_CI_IN_H(1.0),16/12/25 11:00:00,Annual,Percentage of households,Two adults,Denmark,2006,78.96,,
ESTAT:ISOC_CI_IN_H(1.0),16/12/25 11:00:00,Annual,Percentage of households,Two adults,Denmark,2007,80.31,,
ESTAT:ISOC_CI_IN_H(1.0),16/12/25 11:00:00,Annual,Percentage of households,Two adults,Denmark,2008,81.43,,
ESTAT:ISOC_CI_IN_H(1.0),16/12/25 11:00:00,Annual,Percentage of households,Two adults,Denmark,2009,82.34,,
ESTAT:ISOC_CI_IN_H(1.0),16/12/25 11:00:00,Annual,Percentage of households,Two adults,Denmark,2010,87.42,,
ESTAT:ISOC_CI_IN_H(1.0),16/12/25 11:00:00,Annual,Percentage of households,Two adults,Denmark,2011,90.94,,
ESTAT:ISOC_CI_IN_H(1.0),16/12/25 11:00:00,Annual,Percentage of households,Two adults,Denmark,2012,93.96,,
ESTAT:ISOC_CI_IN_H(1.0),16/12/25 11:00:00,Annual,Percentage of households,Two adults,Denmark,2013,95.63,,
ESTAT:ISOC_CI_IN_H(1.0),16/12/25 11:00:00,Annual,Percentage of households,Two adults,Denmark,2014,94.90,,
ESTAT:ISOC_CI_IN_H(1.0),16/12/25 11:00:00,Annual,Percentage of households,Two adults,Denmark,2015,94.33,,
ESTAT:ISOC_CI_IN_H(1.0),16/12/25 11:00:00,Annual,Percentage of households,Two adults,Denmark,2016,96.34,,
ESTAT:ISOC_CI_IN_H(1.0),16/12/25 11:00:00,Annual,Percentage of households,Two adults,Denmark,2017,98.27,,
ESTAT:ISOC_CI_IN_H(1.0),16/12/25 11:00:00,Annual,Percentage of households,Two adults,Denmark,2018,96.16,,
ESTAT:ISOC_CI_IN_H(1.0),16/12/25 11:00:00,Annual,Percentage of households,Two adults,Denmark,2019,96.74,,
ESTAT:ISOC_CI_IN_H(1.0),16/12/25 11:00:00,Annual,Percentage of households,Two adults,Denmark,2020,97.53,,
ESTAT:ISOC_CI_IN_H(1.0),16/12/25 11:00:00,Annual,Percentage of households,Two adults,Denmark,2021,98.00,,
ESTAT:ISOC_CI_IN_H(1.0),16/12/25 11:00:00,Annual,Percentage of households,Two adults,Denmark,2022,98.56,,
ESTAT:ISOC_CI_IN_H(1.0),16/12/25 11:00:00,Annual,Percentage of households,Two adults,Denmark,2023,98.48,,
ESTAT:ISOC_CI_IN_H(1.0),16/12/25 11:00:00,Annual,Percentage of households,Two adults,Denmark,2024,98.63,,
ESTAT:ISOC_CI_IN_H(1.0),16/12/25 11:00:00,Annual,Percentage of households,Two adults,Denmark,2025,99.13,,
ESTAT:ISOC_CI_IN_H(1.0),16/12/25 11:00:00,Annual,Percentage of households,Two adults,"Euro area (EA11-1999, EA12-2001, EA13-2007, EA15-2008, EA16-2009, EA17-2011, EA18-2014, EA19-2015, EA20-2023, EA21-2026)",2002,28.05,,
ESTAT:ISOC_CI_IN_H(1.0),16/12/25 11:00:00,Annual,Percentage of households,Two adults,"Euro area (EA11-1999, EA12-2001, EA13-2007, EA15-2008, EA16-2009, EA17-2011, EA18-2014, EA19-2015, EA20-2023, EA21-2026)",2003,33.85,,
ESTAT:ISOC_CI_IN_H(1.0),16/12/25 11:00:00,Annual,Percentage of households,Two adults,"Euro area (EA11-1999, EA12-2001, EA13-2007, EA15-2008, EA16-2009, EA17-2011, EA18-2014, EA19-2015, EA20-2023, EA21-2026)",2004,37.41,,
ESTAT:ISOC_CI_IN_H(1.0),16/12/25 11:00:00,Annual,Percentage of households,Two adults,"Euro area (EA11-1999, EA12-2001, EA13-2007, EA15-2008, EA16-2009, EA17-2011, EA18-2014, EA19-2015, EA20-2023, EA21-2026)",2005,43.09,,
ESTAT:ISOC_CI_IN_H(1.0),16/12/25 11:00:00,Annual,Percentage of households,Two adults,"Euro area (EA11-1999, EA12-2001, EA13-2007, EA15-2008, EA16-2009, EA17-2011, EA18-2014, EA19-2015, EA20-2023, EA21-2026)",2006,44.84,,
ESTAT:ISOC_CI_IN_H(1.0),16/12/25 11:00:00,Annual,Percentage of households,Two adults,"Euro area (EA11-1999, EA12-2001, EA13-2007, EA15-2008, EA16-2009, EA17-2011, EA18-2014, EA19-2015, EA20-2023, EA21-2026)",2007,49.38,,
ESTAT:ISOC_CI_IN_H(1.0),16/12/25 11:00:00,Annual,Percentage of households,Two adults,"Euro area (EA11-1999, EA12-2001, EA13-2007, EA15-2008, EA16-2009, EA17-2011, EA18-2014, EA19-2015, EA20-2023, EA21-2026)",2008,56.21,,
ESTAT:ISOC_CI_IN_H(1.0),16/12/25 11:00:00,Annual,Percentage of households,Two adults,"Euro area (EA11-1999, EA12-2001, EA13-2007, EA15-2008, EA16-2009, EA17-2011, EA18-2014, EA19-2015, EA20-2023, EA21-2026)",2009,60.14,,
ESTAT:ISOC_CI_IN_H(1.0),16/12/25 11:00:00,Annual,Percentage of households,Two adults,"Euro area (EA11-1999, EA12-2001, EA13-2007, EA15-2008, EA16-2009, EA17-2011, EA18-2014, EA19-2015, EA20-2023, EA21-2026)",2010,64.72,,
ESTAT:ISOC_CI_IN_H(1.0),16/12/25 11:00:00,Annual,Percentage of households,Two adults,"Euro area (EA11-1999, EA12-2001, EA13-2007, EA15-2008, EA16-2009, EA17-2011, EA18-2014, EA19-2015, EA20-2023, EA21-2026)",2011,68.12,,
ESTAT:ISOC_CI_IN_H(1.0),16/12/25 11:00:00,Annual,Percentage of households,Two adults,"Euro area (EA11-1999, EA12-2001, EA13-2007, EA15-2008, EA16-2009, EA17-2011, EA18-2014, EA19-2015, EA20-2023, EA21-2026)",2012,70.96,,
ESTAT:ISOC_CI_IN_H(1.0),16/12/25 11:00:00,Annual,Percentage of households,Two adults,"Euro area (EA11-1999, EA12-2001, EA13-2007, EA15-2008, EA16-2009, EA17-2011, EA18-2014, EA19-2015, EA20-2023, EA21-2026)",2013,74.25,,
ESTAT:ISOC_CI_IN_H(1.0),16/12/25 11:00:00,Annual,Percentage of households,Two adults,"Euro area (EA11-1999, EA12-2001, EA13-2007, EA15-2008, EA16-2009, EA17-2011, EA18-2014, EA19-2015, EA20-2023, EA21-2026)",2014,76.91,,
ESTAT:ISOC_CI_IN_H(1.0),16/12/25 11:00:00,Annual,Percentage of households,Two adults,"Euro area (EA11-1999, EA12-2001, EA13-2007, EA15-2008, EA16-2009, EA17-2011, EA18-2014, EA19-2015, EA20-2023, EA21-2026)",2015,78.96,,
ESTAT:ISOC_CI_IN_H(1.0),16/12/25 11:00:00,Annual,Percentage of households,Two adults,"Euro area (EA11-1999, EA12-2001, EA13-2007, EA15-2008, EA16-2009, EA17-2011, EA18-2014, EA19-2015, EA20-2023, EA21-2026)",2016,82.30,,
ESTAT:ISOC_CI_IN_H(1.0),16/12/25 11:00:00,Annual,Percentage of households,Two adults,"Euro area (EA11-1999, EA12-2001, EA13-2007, EA15-2008, EA16-2009, EA17-2011, EA18-2014, EA19-2015, EA20-2023, EA21-2026)",2017,83.88,,
ESTAT:ISOC_CI_IN_H(1.0),16/12/25 11:00:00,Annual,Percentage of households,Two adults,"Euro area (EA11-1999, EA12-2001, EA13-2007, EA15-2008, EA16-2009, EA17-2011, EA18-2014, EA19-2015, EA20-2023, EA21-2026)",2018,86.61,,
ESTAT:ISOC_CI_IN_H(1.0),16/12/25 11:00:00,Annual,Percentage of households,Two adults,"Euro area (EA11-1999, EA12-2001, EA13-2007, EA15-2008, EA16-2009, EA17-2011, EA18-2014, EA19-2015, EA20-2023, EA21-2026)",2019,88.65,,
ESTAT:ISOC_CI_IN_H(1.0),16/12/25 11:00:00,Annual,Percentage of households,Two adults,"Euro area (EA11-1999, EA12-2001, EA13-2007, EA15-2008, EA16-2009, EA17-2011, EA18-2014, EA19-2015, EA20-2023, EA21-2026)",2020,91.07,e,
ESTAT:ISOC_CI_IN_H(1.0),16/12/25 11:00:00,Annual,Percentage of households,Two adults,"Euro area (EA11-1999, EA12-2001, EA13-2007, EA15-2008, EA16-2009, EA17-2011, EA18-2014, EA19-2015, EA20-2023, EA21-2026)",2021,91.53,b,
ESTAT:ISOC_CI_IN_H(1.0),16/12/25 11:00:00,Annual,Percentage of households,Two adults,"Euro area (EA11-1999, EA12-2001, EA13-2007, EA15-2008, EA16-2009, EA17-2011, EA18-2014, EA19-2015, EA20-2023, EA21-2026)",2022,91.79,,
ESTAT:ISOC_CI_IN_H(1.0),16/12/25 11:00:00,Annual,Percentage of households,Two adults,"Euro area (EA11-1999, EA12-2001, EA13-2007, EA15-2008, EA16-2009, EA17-2011, EA18-2014, EA19-2015, EA20-2023, EA21-2026)",2023,92.53,,
ESTAT:ISOC_CI_IN_H(1.0),16/12/25 11:00:00,Annual,Percentage of households,Two adults,"Euro area (EA11-1999, EA12-2001, EA13-2007, EA15-2008, EA16-2009, EA17-2011, EA18-2014, EA19-2015, EA20-2023, EA21-2026)",2024,93.83,,
ESTAT:ISOC_CI_IN_H(1.0),16/12/25 11:00:00,Annual,Percentage of households,Two adults,"Euro area (EA11-1999, EA12-2001, EA13-2007, EA15-2008, EA16-2009, EA17-2011, EA18-2014, EA19-2015, EA20-2023, EA21-2026)",2025,94.51,,
ESTAT:ISOC_CI_IN_H(1.0),16/12/25 11:00:00,Annual,Percentage of households,Two adults,Estonia,2004,21.80,,
ESTAT:ISOC_CI_IN_H(1.0),16/12/25 11:00:00,Annual,Percentage of households,Two adults,Estonia,2005,27.68,,
ESTAT:ISOC_CI_IN_H(1.0),16/12/25 11:00:00,Annual,Percentage of households,Two adults,Estonia,2006,31.84,,
ESTAT:ISOC_CI_IN_H(1.0),16/12/25 11:00:00,Annual,Percentage of households,Two adults,Estonia,2007,37.51,,
ESTAT:ISOC_CI_IN_H(1.0),16/12/25 11:00:00,Annual,Percentage of households,Two adults,Estonia,2008,41.83,,
ESTAT:ISOC_CI_IN_H(1.0),16/12/25 11:00:00,Annual,Percentage of households,Two adults,Estonia,2009,51.53,,
ESTAT:ISOC_CI_IN_H(1.0),16/12/25 11:00:00,Annual,Percentage of households,Two adults,Estonia,2010,60.56,,
ESTAT:ISOC_CI_IN_H(1.0),16/12/25 11:00:00,Annual,Percentage of households,Two adults,Estonia,2011,64.52,,
ESTAT:ISOC_CI_IN_H(1.0),16/12/25 11:00:00,Annual,Percentage of households,Two adults,Estonia,2012,69.21,,
ESTAT:ISOC_CI_IN_H(1.0),16/12/25 11:00:00,Annual,Percentage of households,Two adults,Estonia,2013,75.97,,
ESTAT:ISOC_CI_IN_H(1.0),16/12/25 11:00:00,Annual,Percentage of households,Two adults,Estonia,2014,82.11,b,
ESTAT:ISOC_CI_IN_H(1.0),16/12/25 11:00:00,Annual,Percentage of households,Two adults,Estonia,2015,85.21,,
ESTAT:ISOC_CI_IN_H(1.0),16/12/25 11:00:00,Annual,Percentage of households,Two adults,Estonia,2016,86.79,,
ESTAT:ISOC_CI_IN_H(1.0),16/12/25 11:00:00,Annual,Percentage of households,Two adults,Estonia,2017,86.87,,
ESTAT:ISOC_CI_IN_H(1.0),16/12/25 11:00:00,Annual,Percentage of households,Two adults,Estonia,2018,92.09,,
ESTAT:ISOC_CI_IN_H(1.0),16/12/25 11:00:00,Annual,Percentage of households,Two adults,Estonia,2019,89.63,,
ESTAT:ISOC_CI_IN_H(1.0),16/12/25 11:00:00,Annual,Percentage of households,Two adults,Estonia,2020,91.25,,
ESTAT:ISOC_CI_IN_H(1.0),16/12/25 11:00:00,Annual,Percentage of households,Two adults,Estonia,2021,93.45,,
ESTAT:ISOC_CI_IN_H(1.0),16/12/25 11:00:00,Annual,Percentage of households,Two adults,Estonia,2022,93.66,,
ESTAT:ISOC_CI_IN_H(1.0),16/12/25 11:00:00,Annual,Percentage of households,Two adults,Estonia,2023,94.16,,
ESTAT:ISOC_CI_IN_H(1.0),16/12/25 11:00:00,Annual,Percentage of households,Two adults,Estonia,2024,95.01,,
ESTAT:ISOC_CI_IN_H(1.0),16/12/25 11:00:00,Annual,Percentage of households,Two adults,Estonia,2025,96.39,,
ESTAT:ISOC_CI_IN_H(1.0),16/12/25 11:00:00,Annual,Percentage of households,Two adults,Greece,2002,6.60,,
ESTAT:ISOC_CI_IN_H(1.0),16/12/25 11:00:00,Annual,Percentage of households,Two adults,Greece,2003,7.37,,
ESTAT:ISOC_CI_IN_H(1.0),16/12/25 11:00:00,Annual,Percentage of households,Two adults,Greece,2004,7.52,,
ESTAT:ISOC_CI_IN_H(1.0),16/12/25 11:00:00,Annual,Percentage of households,Two adults,Greece,2005,13.01,,
ESTAT:ISOC_CI_IN_H(1.0),16/12/25 11:00:00,Annual,Percentage of households,Two adults,Greece,2006,12.09,,
ESTAT:ISOC_CI_IN_H(1.0),16/12/25 11:00:00,Annual,Percentage of households,Two adults,Greece,2007,12.27,,
ESTAT:ISOC_CI_IN_H(1.0),16/12/25 11:00:00,Annual,Percentage of households,Two adults,Greece,2008,15.88,,
ESTAT:ISOC_CI_IN_H(1.0),16/12/25 11:00:00,Annual,Percentage of households,Two adults,Greece,2009,18.49,,
ESTAT:ISOC_CI_IN_H(1.0),16/12/25 11:00:00,Annual,Percentage of households,Two adults,Greece,2010,23.51,,
ESTAT:ISOC_CI_IN_H(1.0),16/12/25 11:00:00,Annual,Percentage of households,Two adults,Greece,2011,26.79,,
ESTAT:ISOC_CI_IN_H(1.0),16/12/25 11:00:00,Annual,Percentage of households,Two adults,Greece,2012,25.53,,
ESTAT:ISOC_CI_IN_H(1.0),16/12/25 11:00:00,Annual,Percentage of households,Two adults,Greece,2013,33.82,,
ESTAT:ISOC_CI_IN_H(1.0),16/12/25 11:00:00,Annual,Percentage of households,Two adults,Greece,2014,46.01,,
ESTAT:ISOC_CI_IN_H(1.0),16/12/25 11:00:00,Annual,Percentage of households,Two adults,Greece,2015,48.10,,
ESTAT:ISOC_CI_IN_H(1.0),16/12/25 11:00:00,Annual,Percentage of households,Two adults,Greece,2016,54.45,,
ESTAT:ISOC_CI_IN_H(1.0),16/12/25 11:00:00,Annual,Percentage of households,Two adults,Greece,2017,54.41,,
ESTAT:ISOC_CI_IN_H(1.0),16/12/25 11:00:00,Annual,Percentage of households,Two adults,Greece,2018,62.43,,
ESTAT:ISOC_CI_IN_H(1.0),16/12/25 11:00:00,Annual,Percentage of households,Two adults,Greece,2019,65.75,,
ESTAT:ISOC_CI_IN_H(1.0),16/12/25 11:00:00,Annual,Percentage of households,Two adults,Greece,2020,68.77,,
ESTAT:ISOC_CI_IN_H(1.0),16/12/25 11:00:00,Annual,Percentage of households,Two adults,Greece,2021,73.33,,
ESTAT:ISOC_CI_IN_H(1.0),16/12/25 11:00:00,Annual,Percentage of households,Two adults,Greece,2022,75.29,,
ESTAT:ISOC_CI_IN_H(1.0),16/12/25 11:00:00,Annual,Percentage of households,Two adults,Greece,2023,79.29,,
ESTAT:ISOC_CI_IN_H(1.0),16/12/25 11:00:00,Annual,Percentage of households,Two adults,Greece,2024,79.06,,
ESTAT:ISOC_CI_IN_H(1.0),16/12/25 11:00:00,Annual,Percentage of households,Two adults,Greece,2025,80.83,,
ESTAT:ISOC_CI_IN_H(1.0),16/12/25 11:00:00,Annual,Percentage of households,Two adults,Spain,2005,22.32,,
ESTAT:ISOC_CI_IN_H(1.0),16/12/25 11:00:00,Annual,Percentage of households,Two adults,Spain,2006,23.59,,
ESTAT:ISOC_CI_IN_H(1.0),16/12/25 11:00:00,Annual,Percentage of households,Two adults,Spain,2007,28.71,,
ESTAT:ISOC_CI_IN_H(1.0),16/12/25 11:00:00,Annual,Percentage of households,Two adults,Spain,2008,35.89,,
ESTAT:ISOC_CI_IN_H(1.0),16/12/25 11:00:00,Annual,Percentage of households,Two adults,Spain,2009,38.54,,
ESTAT:ISOC_CI_IN_H(1.0),16/12/25 11:00:00,Annual,Percentage of households,Two adults,Spain,2010,44.14,,
ESTAT:ISOC_CI_IN_H(1.0),16/12/25 11:00:00,Annual,Percentage of households,Two adults,Spain,2011,48.04,,
ESTAT:ISOC_CI_IN_H(1.0),16/12/25 11:00:00,Annual,Percentage of households,Two adults,Spain,2012,53.29,,
ESTAT:ISOC_CI_IN_H(1.0),16/12/25 11:00:00,Annual,Percentage of households,Two adults,Spain,2013,57.91,,
ESTAT:ISOC_CI_IN_H(1.0),16/12/25 11:00:00,Annual,Percentage of households,Two adults,Spain,2014,63.10,,
ESTAT:ISOC_CI_IN_H(1.0),16/12/25 11:00:00,Annual,Percentage of households,Two adults,Spain,2015,67.97,,
ESTAT:ISOC_CI_IN_H(1.0),16/12/25 11:00:00,Annual,Percentage of households,Two adults,Spain,2016,72.33,,
ESTAT:ISOC_CI_IN_H(1.0),16/12/25 11:00:00,Annual,Percentage of households,Two adults,Spain,2017,74.32,,
ESTAT:ISOC_CI_IN_H(1.0),16/12/25 11:00:00,Annual,Percentage of households,Two adults,Spain,2018,77.78,,
ESTAT:ISOC_CI_IN_H(1.0),16/12/25 11:00:00,Annual,Percentage of households,Two adults,Spain,2019,85.51,,
ESTAT:ISOC_CI_IN_H(1.0),16/12/25 11:00:00,Annual,Percentage of households,Two adults,Spain,2020,93.54,,
ESTAT:ISOC_CI_IN_H(1.0),16/12/25 11:00:00,Annual,Percentage of households,Two adults,Spain,2021,93.57,,
ESTAT:ISOC_CI_IN_H(1.0),16/12/25 11:00:00,Annual,Percentage of households,Two adults,Spain,2022,93.38,,
ESTAT:ISOC_CI_IN_H(1.0),16/12/25 11:00:00,Annual,Percentage of households,Two adults,Spain,2023,93.85,,
ESTAT:ISOC_CI_IN_H(1.0),16/12/25 11:00:00,Annual,Percentage of households,Two adults,Spain,2024,94.26,,
ESTAT:ISOC_CI_IN_H(1.0),16/12/25 11:00:00,Annual,Percentage of households,Two adults,Spain,2025,95.90,,
ESTAT:ISOC_CI_IN_H(1.0),16/12/25 11:00:00,Annual,Percentage of households,Two adults,European Union - 15 countries (1995-2004),2002,32.80,,
ESTAT:ISOC_CI_IN_H(1.0),16/12/25 11:00:00,Annual,Percentage of households,Two adults,European Union - 15 countries (1995-2004),2003,38.51,,
ESTAT:ISOC_CI_IN_H(1.0),16/12/25 11:00:00,Annual,Percentage of households,Two adults,European Union - 15 countries (1995-2004),2004,40.99,,
ESTAT:ISOC_CI_IN_H(1.0),16/12/25 11:00:00,Annual,Percentage of households,Two adults,European Union - 15 countries (1995-2004),2005,47.99,,
ESTAT:ISOC_CI_IN_H(1.0),16/12/25 11:00:00,Annual,Percentage of households,Two adults,European Union - 15 countries (1995-2004),2006,49.35,,
ESTAT:ISOC_CI_IN_H(1.0),16/12/25 11:00:00,Annual,Percentage of households,Two adults,European Union - 15 countries (1995-2004),2007,54.16,,
ESTAT:ISOC_CI_IN_H(1.0),16/12/25 11:00:00,Annual,Percentage of households,Two adults,European Union - 15 countries (1995-2004),2008,60.40,,
ESTAT:ISOC_CI_IN_H(1.0),16/12/25 11:00:00,Annual,Percentage of households,Two adults,European Union - 15 countries (1995-2004),2009,64.55,,
ESTAT:ISOC_CI_IN_H(1.0),16/12/25 11:00:00,Annual,Percentage of households,Two adults,European Union - 15 countries (1995-2004),2010,68.48,,
ESTAT:ISOC_CI_IN_H(1.0),16/12/25 11:00:00,Annual,Percentage of households,Two adults,European Union - 15 countries (1995-2004),2011,71.59,,
ESTAT:ISOC_CI_IN_H(1.0),16/12/25 11:00:00,Annual,Percentage of households,Two adults,European Union - 15 countries (1995-2004),2012,75.01,,
ESTAT:ISOC_CI_IN_H(1.0),16/12/25 11:00:00,Annual,Percentage of households,Two adults,European Union - 15 countries (1995-2004),2013,77.58,,
ESTAT:ISOC_CI_IN_H(1.0),16/12/25 11:00:00,Annual,Percentage of households,Two adults,European Union - 15 countries (1995-2004),2014,80.73,,
ESTAT:ISOC_CI_IN_H(1.0),16/12/25 11:00:00,Annual,Percentage of households,Two adults,European Union - 15 countries (1995-2004),2015,82.35,,
ESTAT:ISOC_CI_IN_H(1.0),16/12/25 11:00:00,Annual,Percentage of households,Two adults,European Union - 15 countries (1995-2004),2016,85.46,,
ESTAT:ISOC_CI_IN_H(1.0),16/12/25 11:00:00,Annual,Percentage of households,Two adults,European Union - 15 countries (1995-2004),2017,86.59,,
ESTAT:ISOC_CI_IN_H(1.0),16/12/25 11:00:00,Annual,Percentage of households,Two adults,European Union - 15 countries (1995-2004),2018,88.91,,
ESTAT:ISOC_CI_IN_H(1.0),16/12/25 11:00:00,Annual,Percentage of households,Two adults,European Union - 25 countries (2004-2006),2004,36.95,,
ESTAT:ISOC_CI_IN_H(1.0),16/12/25 11:00:00,Annual,Percentage of households,Two adults,European Union - 25 countries (2004-2006),2005,43.56,,
ESTAT:ISOC_CI_IN_H(1.0),16/12/25 11:00:00,Annual,Percentage of households,Two adults,European Union - 25 countries (2004-2006),2006,46.04,,
ESTAT:ISOC_CI_IN_H(1.0),16/12/25 11:00:00,Annual,Percentage of households,Two adults,European Union - 25 countries (2004-2006),2007,50.79,,
ESTAT:ISOC_CI_IN_H(1.0),16/12/25 11:00:00,Annual,Percentage of households,Two adults,European Union - 25 countries (2004-2006),2008,57.18,,
ESTAT:ISOC_CI_IN_H(1.0),16/12/25 11:00:00,Annual,Percentage of households,Two adults,European Union - 25 countries (2004-2006),2009,61.82,,
ESTAT:ISOC_CI_IN_H(1.0),16/12/25 11:00:00,Annual,Percentage of households,Two adults,European Union - 25 countries (2004-2006),2010,65.90,,
ESTAT:ISOC_CI_IN_H(1.0),16/12/25 11:00:00,Annual,Percentage of households,Two adults,European Union - 27 countries (2007-2013),2004,36.31,,
ESTAT:ISOC_CI_IN_H(1.0),16/12/25 11:00:00,Annual,Percentage of households,Two adults,European Union - 27 countries (2007-2013),2005,43.56,,
ESTAT:ISOC_CI_IN_H(1.0),16/12/25 11:00:00,Annual,Percentage of households,Two adults,European Union - 27 countries (2007-2013),2006,44.96,,
ESTAT:ISOC_CI_IN_H(1.0),16/12/25 11:00:00,Annual,Percentage of households,Two adults,European Union - 27 countries (2007-2013),2007,48.98,,
ESTAT:ISOC_CI_IN_H(1.0),16/12/25 11:00:00,Annual,Percentage of households,Two adults,European Union - 27 countries (2007-2013),2008,55.25,,
ESTAT:ISOC_CI_IN_H(1.0),16/12/25 11:00:00,Annual,Percentage of households,Two adults,European Union - 27 countries (2007-2013),2009,59.95,,
ESTAT:ISOC_CI_IN_H(1.0),16/12/25 11:00:00,Annual,Percentage of households,Two adults,European Union - 27 countries (2007-2013),2010,64.03,,
ESTAT:ISOC_CI_IN_H(1.0),16/12/25 11:00:00,Annual,Percentage of households,Two adults,European Union - 27 countries (2007-2013),2011,67.60,,
ESTAT:ISOC_CI_IN_H(1.0),16/12/25 11:00:00,Annual,Percentage of households,Two adults,European Union - 27 countries (2007-2013),2012,71.37,,
ESTAT:ISOC_CI_IN_H(1.0),16/12/25 11:00:00,Annual,Percentage of households,Two adults,European Union - 27 countries (2007-2013),2013,73.79,,
ESTAT:ISOC_CI_IN_H(1.0),16/12/25 11:00:00,Annual,Percentage of households,Two adults,European Union - 27 countries (2007-2013),2014,77.09,,
ESTAT:ISOC_CI_IN_H(1.0),16/12/25 11:00:00,Annual,Percentage of households,Two adults,European Union - 27 countries (2007-2013),2015,78.96,,
ESTAT:ISOC_CI_IN_H(1.0),16/12/25 11:00:00,Annual,Percentage of households,Two adults,European Union - 27 countries (2007-2013),2016,82.48,,
ESTAT:ISOC_CI_IN_H(1.0),16/12/25 11:00:00,Annual,Percentage of households,Two adults,European Union - 27 countries (2007-2013),2017,83.99,,
ESTAT:ISOC_CI_IN_H(1.0),16/12/25 11:00:00,Annual,Percentage of households,Two adults,European Union - 27 countries (2007-2013),2018,86.68,,
ESTAT:ISOC_CI_IN_H(1.0),16/12/25 11:00:00,Annual,Percentage of households,Two adults,European Union - 27 countries (from 2020),2007,45.34,,
ESTAT:ISOC_CI_IN_H(1.0),16/12/25 11:00:00,Annual,Percentage of households,Two adults,European Union - 27 countries (from 2020),2008,52.02,,
ESTAT:ISOC_CI_IN_H(1.0),16/12/25 11:00:00,Annual,Percentage of households,Two adults,European Union - 27 countries (from 2020),2009,56.61,,
ESTAT:ISOC_CI_IN_H(1.0),16/12/25 11:00:00,Annual,Percentage of households,Two adults,European Union - 27 countries (from 2020),2010,61.13,,
ESTAT:ISOC_CI_IN_H(1.0),16/12/25 11:00:00,Annual,Percentage of households,Two adults,European Union - 27 countries (from 2020),2011,65.10,,
ESTAT:ISOC_CI_IN_H(1.0),16/12/25 11:00:00,Annual,Percentage of households,Two adults,European Union - 27 countries (from 2020),2012,68.36,,
ESTAT:ISOC_CI_IN_H(1.0),16/12/25 11:00:00,Annual,Percentage of households,Two adults,European Union - 27 countries (from 2020),2013,71.23,,
ESTAT:ISOC_CI_IN_H(1.0),16/12/25 11:00:00,Annual,Percentage of households,Two adults,European Union - 27 countries (from 2020),2014,74.04,,
ESTAT:ISOC_CI_IN_H(1.0),16/12/25 11:00:00,Annual,Percentage of households,Two adults,European Union - 27 countries (from 2020),2015,76.40,,
ESTAT:ISOC_CI_IN_H(1.0),16/12/25 11:00:00,Annual,Percentage of households,Two adults,European Union - 27 countries (from 2020),2016,80.14,,
ESTAT:ISOC_CI_IN_H(1.0),16/12/25 11:00:00,Annual,Percentage of households,Two adults,European Union - 27 countries (from 2020),2017,81.98,,
ESTAT:ISOC_CI_IN_H(1.0),16/12/25 11:00:00,Annual,Percentage of households,Two adults,European Union - 27 countries (from 2020),2018,85.02,,
ESTAT:ISOC_CI_IN_H(1.0),16/12/25 11:00:00,Annual,Percentage of households,Two adults,European Union - 27 countries (from 2020),2019,87.21,,
ESTAT:ISOC_CI_IN_H(1.0),16/12/25 11:00:00,Annual,Percentage of households,Two adults,European Union - 27 countries (from 2020),2020,90.01,e,
ESTAT:ISOC_CI_IN_H(1.0),16/12/25 11:00:00,Annual,Percentage of households,Two adults,European Union - 27 countries (from 2020),2021,90.79,b,
ESTAT:ISOC_CI_IN_H(1.0),16/12/25 11:00:00,Annual,Percentage of households,Two adults,European Union - 27 countries (from 2020),2022,91.47,,
ESTAT:ISOC_CI_IN_H(1.0),16/12/25 11:00:00,Annual,Percentage of households,Two adults,European Union - 27 countries (from 2020),2023,92.46,,
ESTAT:ISOC_CI_IN_H(1.0),16/12/25 11:00:00,Annual,Percentage of households,Two adults,European Union - 27 countries (from 2020),2024,93.98,,
ESTAT:ISOC_CI_IN_H(1.0),16/12/25 11:00:00,Annual,Percentage of households,Two adults,European Union - 27 countries (from 2020),2025,94.56,,
ESTAT:ISOC_CI_IN_H(1.0),16/12/25 11:00:00,Annual,Percentage of households,Two adults,European Union - 28 countries (2013-2020),2007,48.83,,
ESTAT:ISOC_CI_IN_H(1.0),16/12/25 11:00:00,Annual,Percentage of households,Two adults,European Union - 28 countries (2013-2020),2008,55.11,,
ESTAT:ISOC_CI_IN_H(1.0),16/12/25 11:00:00,Annual,Percentage of households,Two adults,European Union - 28 countries (2013-2020),2009,59.80,,
ESTAT:ISOC_CI_IN_H(1.0),16/12/25 11:00:00,Annual,Percentage of households,Two adults,European Union - 28 countries (2013-2020),2010,63.86,,
ESTAT:ISOC_CI_IN_H(1.0),16/12/25 11:00:00,Annual,Percentage of households,Two adults,European Union - 28 countries (2013-2020),2011,67.44,,
ESTAT:ISOC_CI_IN_H(1.0),16/12/25 11:00:00,Annual,Percentage of households,Two adults,European Union - 28 countries (2013-2020),2012,71.22,,
ESTAT:ISOC_CI_IN_H(1.0),16/12/25 11:00:00,Annual,Percentage of households,Two adults,European Union - 28 countries (2013-2020),2013,73.61,,
ESTAT:ISOC_CI_IN_H(1.0),16/12/25 11:00:00,Annual,Percentage of households,Two adults,European Union - 28 countries (2013-2020),2014,76.92,,
ESTAT:ISOC_CI_IN_H(1.0),16/12/25 11:00:00,Annual,Percentage of households,Two adults,European Union - 28 countries (2013-2020),2015,78.83,,
ESTAT:ISOC_CI_IN_H(1.0),16/12/25 11:00:00,Annual,Percentage of households,Two adults,European Union - 28 countries (2013-2020),2016,82.32,,
ESTAT:ISOC_CI_IN_H(1.0),16/12/25 11:00:00,Annual,Percentage of households,Two adults,European Union - 28 countries (2013-2020),2017,83.83,,
ESTAT:ISOC_CI_IN_H(1.0),16/12/25 11:00:00,Annual,Percentage of households,Two adults,European Union - 28 countries (2013-2020),2018,86.54,,
ESTAT:ISOC_CI_IN_H(1.0),16/12/25 11:00:00,Annual,Percentage of households,Two adults,European Union - 28 countries (2013-2020),2019,88.48,,
ESTAT:ISOC_CI_IN_H(1.0),16/12/25 11:00:00,Annual,Percentage of households,Two adults,Finland,2002,41.08,,
ESTAT:ISOC_CI_IN_H(1.0),16/12/25 11:00:00,Annual,Percentage of households,Two adults,Finland,2003,45.98,,
ESTAT:ISOC_CI_IN_H(1.0),16/12/25 11:00:00,Annual,Percentage of households,Two adults,Finland,2004,49.40,,
ESTAT:ISOC_CI_IN_H(1.0),16/12/25 11:00:00,Annual,Percentage of households,Two adults,Finland,2005,53.89,,
ESTAT:ISOC_CI_IN_H(1.0),16/12/25 11:00:00,Annual,Percentage of households,Two adults,Finland,2006,62.12,,
ESTAT:ISOC_CI_IN_H(1.0),16/12/25 11:00:00,Annual,Percentage of households,Two adults,Finland,2007,67.87,,
ESTAT:ISOC_CI_IN_H(1.0),16/12/25 11:00:00,Annual,Percentage of households,Two adults,Finland,2008,74.38,,
ESTAT:ISOC_CI_IN_H(1.0),16/12/25 11:00:00,Annual,Percentage of households,Two adults,Finland,2009,80.64,,
ESTAT:ISOC_CI_IN_H(1.0),16/12/25 11:00:00,Annual,Percentage of households,Two adults,Finland,2010,82.99,,
ESTAT:ISOC_CI_IN_H(1.0),16/12/25 11:00:00,Annual,Percentage of households,Two adults,Finland,2011,86.22,,
ESTAT:ISOC_CI_IN_H(1.0),16/12/25 11:00:00,Annual,Percentage of households,Two adults,Finland,2012,88.03,,
ESTAT:ISOC_CI_IN_H(1.0),16/12/25 11:00:00,Annual,Percentage of households,Two adults,Finland,2013,92.13,,
ESTAT:ISOC_CI_IN_H(1.0),16/12/25 11:00:00,Annual,Percentage of households,Two adults,Finland,2014,93.12,,
ESTAT:ISOC_CI_IN_H(1.0),16/12/25 11:00:00,Annual,Percentage of households,Two adults,Finland,2015,92.57,,
ESTAT:ISOC_CI_IN_H(1.0),16/12/25 11:00:00,Annual,Percentage of households,Two adults,Finland,2016,95.12,,
ESTAT:ISOC_CI_IN_H(1.0),16/12/25 11:00:00,Annual,Percentage of households,Two adults,Finland,2017,95.80,,
ESTAT:ISOC_CI_IN_H(1.0),16/12/25 11:00:00,Annual,Percentage of households,Two adults,Finland,2018,96.21,,
ESTAT:ISOC_CI_IN_H(1.0),16/12/25 11:00:00,Annual,Percentage of households,Two adults,Finland,2019,95.53,,
ESTAT:ISOC_CI_IN_H(1.0),16/12/25 11:00:00,Annual,Percentage of households,Two adults,Finland,2020,98.03,,
ESTAT:ISOC_CI_IN_H(1.0),16/12/25 11:00:00,Annual,Percentage of households,Two adults,Finland,2021,97.89,,
ESTAT:ISOC_CI_IN_H(1.0),16/12/25 11:00:00,Annual,Percentage of households,Two adults,Finland,2022,98.49,,
ESTAT:ISOC_CI_IN_H(1.0),16/12/25 11:00:00,Annual,Percentage of households,Two adults,Finland,2023,97.88,,
ESTAT:ISOC_CI_IN_H(1.0),16/12/25 11:00:00,Annual,Percentage of households,Two adults,Finland,2024,98.48,,
ESTAT:ISOC_CI_IN_H(1.0),16/12/25 11:00:00,Annual,Percentage of households,Two adults,Finland,2025,97.73,,
ESTAT:ISOC_CI_IN_H(1.0),16/12/25 11:00:00,Annual,Percentage of households,Two adults,France,2002,21.95,,
ESTAT:ISOC_CI_IN_H(1.0),16/12/25 11:00:00,Annual,Percentage of households,Two adults,France,2003,23.81,,
ESTAT:ISOC_CI_IN_H(1.0),16/12/25 11:00:00,Annual,Percentage of households,Two adults,France,2004,27.46,,
ESTAT:ISOC_CI_IN_H(1.0),16/12/25 11:00:00,Annual,Percentage of households,Two adults,France,2006,34.30,,
ESTAT:ISOC_CI_IN_H(1.0),16/12/25 11:00:00,Annual,Percentage of households,Two adults,France,2007,46.89,,
ESTAT:ISOC_CI_IN_H(1.0),16/12/25 11:00:00,Annual,Percentage of households,Two adults,France,2008,57.75,,
ESTAT:ISOC_CI_IN_H(1.0),16/12/25 11:00:00,Annual,Percentage of households,Two adults,France,2009,62.35,,
ESTAT:ISOC_CI_IN_H(1.0),16/12/25 11:00:00,Annual,Percentage of households,Two adults,France,2010,67.71,,
ESTAT:ISOC_CI_IN_H(1.0),16/12/25 11:00:00,Annual,Percentage of households,Two adults,France,2011,73.83,,
ESTAT:ISOC_CI_IN_H(1.0),16/12/25 11:00:00,Annual,Percentage of households,Two adults,France,2012,76.66,,
ESTAT:ISOC_CI_IN_H(1.0),16/12/25 11:00:00,Annual,Percentage of households,Two adults,France,2013,80.20,,
ESTAT:ISOC_CI_IN_H(1.0),16/12/25 11:00:00,Annual,Percentage of households,Two adults,France,2014,81.99,,
ESTAT:ISOC_CI_IN_H(1.0),16/12/25 11:00:00,Annual,Percentage of households,Two adults,France,2015,82.08,,
ESTAT:ISOC_CI_IN_H(1.0),16/12/25 11:00:00,Annual,Percentage of households,Two adults,France,2016,85.45,,
ESTAT:ISOC_CI_IN_H(1.0),16/12/25 11:00:00,Annual,Percentage of households,Two adults,France,2017,87.05,,
ESTAT:ISOC_CI_IN_H(1.0),16/12/25 11:00:00,Annual,Percentage of households,Two adults,France,2018,89.23,,
ESTAT:ISOC_CI_IN_H(1.0),16/12/25 11:00:00,Annual,Percentage of households,Two adults,France,2019,90.70,,
ESTAT:ISOC_CI_IN_H(1.0),16/12/25 11:00:00,Annual,Percentage of households,Two adults,France,2021,94.98,,
ESTAT:ISOC_CI_IN_H(1.0),16/12/25 11:00:00,Annual,Percentage of households,Two adults,France,2022,93.85,,
ESTAT:ISOC_CI_IN_H(1.0),16/12/25 11:00:00,Annual,Percentage of households,Two adults,France,2023,95.70,,
ESTAT:ISOC_CI_IN_H(1.0),16/12/25 11:00:00,Annual,Percentage of households,Two adults,France,2024,96.07,,
ESTAT:ISOC_CI_IN_H(1.0),16/12/25 11:00:00,Annual,Percentage of households,Two adults,France,2025,95.69,,
ESTAT:ISOC_CI_IN_H(1.0),16/12/25 11:00:00,Annual,Percentage of households,Two adults,Croatia,2007,23.48,,
ESTAT:ISOC_CI_IN_H(1.0),16/12/25 11:00:00,Annual,Percentage of households,Two adults,Croatia,2008,29.45,,
ESTAT:ISOC_CI_IN_H(1.0),16/12/25 11:00:00,Annual,Percentage of households,Two adults,Croatia,2009,34.44,,
ESTAT:ISOC_CI_IN_H(1.0),16/12/25 11:00:00,Annual,Percentage of households,Two adults,Croatia,2010,34.19,,
ESTAT:ISOC_CI_IN_H(1.0),16/12/25 11:00:00,Annual,Percentage of households,Two adults,Croatia,2011,38.33,,
ESTAT:ISOC_CI_IN_H(1.0),16/12/25 11:00:00,Annual,Percentage of households,Two adults,Croatia,2012,45.12,,
ESTAT:ISOC_CI_IN_H(1.0),16/12/25 11:00:00,Annual,Percentage of households,Two adults,Croatia,2013,47.25,,
ESTAT:ISOC_CI_IN_H(1.0),16/12/25 11:00:00,Annual,Percentage of households,Two adults,Croatia,2014,48.72,,
ESTAT:ISOC_CI_IN_H(1.0),16/12/25 11:00:00,Annual,Percentage of households,Two adults,Croatia,2015,52.55,,
ESTAT:ISOC_CI_IN_H(1.0),16/12/25 11:00:00,Annual,Percentage of households,Two adults,Croatia,2016,55.06,,
ESTAT:ISOC_CI_IN_H(1.0),16/12/25 11:00:00,Annual,Percentage of households,Two adults,Croatia,2017,56.20,,
ESTAT:ISOC_CI_IN_H(1.0),16/12/25 11:00:00,Annual,Percentage of households,Two adults,Croatia,2018,62.28,,
ESTAT:ISOC_CI_IN_H(1.0),16/12/25 11:00:00,Annual,Percentage of households,Two adults,Croatia,2019,66.37,,
ESTAT:ISOC_CI_IN_H(1.0),16/12/25 11:00:00,Annual,Percentage of households,Two adults,Croatia,2020,75.24,,
ESTAT:ISOC_CI_IN_H(1.0),16/12/25 11:00:00,Annual,Percentage of households,Two adults,Croatia,2021,76.80,,
ESTAT:ISOC_CI_IN_H(1.0),16/12/25 11:00:00,Annual,Percentage of households,Two adults,Croatia,2022,78.22,,
ESTAT:ISOC_CI_IN_H(1.0),16/12/25 11:00:00,Annual,Percentage of households,Two adults,Croatia,2023,84.54,,
ESTAT:ISOC_CI_IN_H(1.0),16/12/25 11:00:00,Annual,Percentage of households,Two adults,Croatia,2024,83.33,,
ESTAT:ISOC_CI_IN_H(1.0),16/12/25 11:00:00,Annual,Percentage of households,Two adults,Croatia,2025,82.31,,
ESTAT:ISOC_CI_IN_H(1.0),16/12/25 11:00:00,Annual,Percentage of households,Two adults,Hungary,2004,7.82,,
ESTAT:ISOC_CI_IN_H(1.0),16/12/25 11:00:00,Annual,Percentage of households,Two adults,Hungary,2005,15.22,,
ESTAT:ISOC_CI_IN_H(1.0),16/12/25 11:00:00,Annual,Percentage of households,Two adults,Hungary,2006,24.41,,
ESTAT:ISOC_CI_IN_H(1.0),16/12/25 11:00:00,Annual,Percentage of households,Two adults,Hungary,2007,28.23,,
ESTAT:ISOC_CI_IN_H(1.0),16/12/25 11:00:00,Annual,Percentage of households,Two adults,Hungary,2008,35.01,,
ESTAT:ISOC_CI_IN_H(1.0),16/12/25 11:00:00,Annual,Percentage of households,Two adults,Hungary,2009,40.55,,
ESTAT:ISOC_CI_IN_H(1.0),16/12/25 11:00:00,Annual,Percentage of households,Two adults,Hungary,2010,47.73,,
ESTAT:ISOC_CI_IN_H(1.0),16/12/25 11:00:00,Annual,Percentage of households,Two adults,Hungary,2011,54.33,,
ESTAT:ISOC_CI_IN_H(1.0),16/12/25 11:00:00,Annual,Percentage of households,Two adults,Hungary,2012,59.04,,
ESTAT:ISOC_CI_IN_H(1.0),16/12/25 11:00:00,Annual,Percentage of households,Two adults,Hungary,2013,62.12,,
ESTAT:ISOC_CI_IN_H(1.0),16/12/25 11:00:00,Annual,Percentage of households,Two adults,Hungary,2014,67.77,,
ESTAT:ISOC_CI_IN_H(1.0),16/12/25 11:00:00,Annual,Percentage of households,Two adults,Hungary,2015,70.64,,
ESTAT:ISOC_CI_IN_H(1.0),16/12/25 11:00:00,Annual,Percentage of households,Two adults,Hungary,2016,74.08,,
ESTAT:ISOC_CI_IN_H(1.0),16/12/25 11:00:00,Annual,Percentage of households,Two adults,Hungary,2017,79.07,,
ESTAT:ISOC_CI_IN_H(1.0),16/12/25 11:00:00,Annual,Percentage of households,Two adults,Hungary,2018,80.11,,
ESTAT:ISOC_CI_IN_H(1.0),16/12/25 11:00:00,Annual,Percentage of households,Two adults,Hungary,2019,83.25,,
ESTAT:ISOC_CI_IN_H(1.0),16/12/25 11:00:00,Annual,Percentage of households,Two adults,Hungary,2020,85.87,,
ESTAT:ISOC_CI_IN_H(1.0),16/12/25 11:00:00,Annual,Percentage of households,Two adults,Hungary,2021,88.69,,
ESTAT:ISOC_CI_IN_H(1.0),16/12/25 11:00:00,Annual,Percentage of households,Two adults,Hungary,2022,92.38,,
ESTAT:ISOC_CI_IN_H(1.0),16/12/25 11:00:00,Annual,Percentage of households,Two adults,Hungary,2023,92.31,,
ESTAT:ISOC_CI_IN_H(1.0),16/12/25 11:00:00,Annual,Percentage of households,Two adults,Hungary,2024,93.25,,
ESTAT:ISOC_CI_IN_H(1.0),16/12/25 11:00:00,Annual,Percentage of households,Two adults,Hungary,2025,91.49,,
ESTAT:ISOC_CI_IN_H(1.0),16/12/25 11:00:00,Annual,Percentage of households,Two adults,Ireland,2003,28.37,,
ESTAT:ISOC_CI_IN_H(1.0),16/12/25 11:00:00,Annual,Percentage of households,Two adults,Ireland,2004,32.15,,
ESTAT:ISOC_CI_IN_H(1.0),16/12/25 11:00:00,Annual,Percentage of households,Two adults,Ireland,2005,38.95,,
ESTAT:ISOC_CI_IN_H(1.0),16/12/25 11:00:00,Annual,Percentage of households,Two adults,Ireland,2006,44.89,,
ESTAT:ISOC_CI_IN_H(1.0),16/12/25 11:00:00,Annual,Percentage of households,Two adults,Ireland,2007,49.41,,
ESTAT:ISOC_CI_IN_H(1.0),16/12/25 11:00:00,Annual,Percentage of households,Two adults,Ireland,2008,54.44,,
ESTAT:ISOC_CI_IN_H(1.0),16/12/25 11:00:00,Annual,Percentage of households,Two adults,Ireland,2009,59.23,,
ESTAT:ISOC_CI_IN_H(1.0),16/12/25 11:00:00,Annual,Percentage of households,Two adults,Ireland,2010,66.37,,
ESTAT:ISOC_CI_IN_H(1.0),16/12/25 11:00:00,Annual,Percentage of households,Two adults,Ireland,2011,71.96,,
ESTAT:ISOC_CI_IN_H(1.0),16/12/25 11:00:00,Annual,Percentage of households,Two adults,Ireland,2012,74.21,,
ESTAT:ISOC_CI_IN_H(1.0),16/12/25 11:00:00,Annual,Percentage of households,Two adults,Ireland,2013,78.35,,
ESTAT:ISOC_CI_IN_H(1.0),16/12/25 11:00:00,Annual,Percentage of households,Two adults,Ireland,2014,76.40,,
ESTAT:ISOC_CI_IN_H(1.0),16/12/25 11:00:00,Annual,Percentage of households,Two adults,Ireland,2015,80.47,,
ESTAT:ISOC_CI_IN_H(1.0),16/12/25 11:00:00,Annual,Percentage of households,Two adults,Ireland,2016,83.51,,
ESTAT:ISOC_CI_IN_H(1.0),16/12/25 11:00:00,Annual,Percentage of households,Two adults,Ireland,2017,84.76,,
ESTAT:ISOC_CI_IN_H(1.0),16/12/25 11:00:00,Annual,Percentage of households,Two adults,Ireland,2018,87.51,,
ESTAT:ISOC_CI_IN_H(1.0),16/12/25 11:00:00,Annual,Percentage of households,Two adults,Ireland,2019,89.26,,
ESTAT:ISOC_CI_IN_H(1.0),16/12/25 11:00:00,Annual,Percentage of households,Two adults,Ireland,2020,90.65,,
ESTAT:ISOC_CI_IN_H(1.0),16/12/25 11:00:00,Annual,Percentage of households,Two adults,Ireland,2021,98.69,b,
ESTAT:ISOC_CI_IN_H(1.0),16/12/25 11:00:00,Annual,Percentage of households,Two adults,Ireland,2022,,u,
ESTAT:ISOC_CI_IN_H(1.0),16/12/25 11:00:00,Annual,Percentage of households,Two adults,Ireland,2023,95.13,,
ESTAT:ISOC_CI_IN_H(1.0),16/12/25 11:00:00,Annual,Percentage of households,Two adults,Ireland,2024,94.19,,
ESTAT:ISOC_CI_IN_H(1.0),16/12/25 11:00:00,Annual,Percentage of households,Two adults,Ireland,2025,97.23,,
ESTAT:ISOC_CI_IN_H(1.0),16/12/25 11:00:00,Annual,Percentage of households,Two adults,Iceland,2004,68.83,,
ESTAT:ISOC_CI_IN_H(1.0),16/12/25 11:00:00,Annual,Percentage of households,Two adults,Iceland,2005,71.78,,
ESTAT:ISOC_CI_IN_H(1.0),16/12/25 11:00:00,Annual,Percentage of households,Two adults,Iceland,2006,80.09,,
ESTAT:ISOC_CI_IN_H(1.0),16/12/25 11:00:00,Annual,Percentage of households,Two adults,Iceland,2007,84.30,,
ESTAT:ISOC_CI_IN_H(1.0),16/12/25 11:00:00,Annual,Percentage of households,Two adults,Iceland,2008,86.18,,
ESTAT:ISOC_CI_IN_H(1.0),16/12/25 11:00:00,Annual,Percentage of households,Two adults,Iceland,2009,85.71,,
ESTAT:ISOC_CI_IN_H(1.0),16/12/25 11:00:00,Annual,Percentage of households,Two adults,Iceland,2010,92.94,,
ESTAT:ISOC_CI_IN_H(1.0),16/12/25 11:00:00,Annual,Percentage of households,Two adults,Iceland,2011,93.85,,
ESTAT:ISOC_CI_IN_H(1.0),16/12/25 11:00:00,Annual,Percentage of households,Two adults,Iceland,2012,97.45,,
ESTAT:ISOC_CI_IN_H(1.0),16/12/25 11:00:00,Annual,Percentage of households,Two adults,Iceland,2013,96.15,,
ESTAT:ISOC_CI_IN_H(1.0),16/12/25 11:00:00,Annual,Percentage of households,Two adults,Iceland,2014,98.30,,
ESTAT:ISOC_CI_IN_H(1.0),16/12/25 11:00:00,Annual,Percentage of households,Two adults,Iceland,2017,98.34,,
ESTAT:ISOC_CI_IN_H(1.0),16/12/25 11:00:00,Annual,Percentage of households,Two adults,Iceland,2018,99.04,,
ESTAT:ISOC_CI_IN_H(1.0),16/12/25 11:00:00,Annual,Percentage of households,Two adults,Iceland,2019,98.64,,
ESTAT:ISOC_CI_IN_H(1.0),16/12/25 11:00:00,Annual,Percentage of households,Two adults,Iceland,2020,99.09,,
ESTAT:ISOC_CI_IN_H(1.0),16/12/25 11:00:00,Annual,Percentage of households,Two adults,Iceland,2021,98.64,,
ESTAT:ISOC_CI_IN_H(1.0),16/12/25 11:00:00,Annual,Percentage of households,Two adults,Italy,2002,16.13,,
ESTAT:ISOC_CI_IN_H(1.0),16/12/25 11:00:00,Annual,Percentage of households,Two adults,Italy,2003,22.42,,
ESTAT:ISOC_CI_IN_H(1.0),16/12/25 11:00:00,Annual,Percentage of households,Two adults,Italy,2004,20.47,,
ESTAT:ISOC_CI_IN_H(1.0),16/12/25 11:00:00,Annual,Percentage of households,Two adults,Italy,2005,24.94,,
ESTAT:ISOC_CI_IN_H(1.0),16/12/25 11:00:00,Annual,Percentage of households,Two adults,Italy,2006,26.30,,
ESTAT:ISOC_CI_IN_H(1.0),16/12/25 11:00:00,Annual,Percentage of households,Two adults,Italy,2007,28.75,,
ESTAT:ISOC_CI_IN_H(1.0),16/12/25 11:00:00,Annual,Percentage of households,Two adults,Italy,2008,33.38,,
ESTAT:ISOC_CI_IN_H(1.0),16/12/25 11:00:00,Annual,Percentage of households,Two adults,Italy,2009,37.83,,
ESTAT:ISOC_CI_IN_H(1.0),16/12/25 11:00:00,Annual,Percentage of households,Two adults,Italy,2010,44.30,,
ESTAT:ISOC_CI_IN_H(1.0),16/12/25 11:00:00,Annual,Percentage of households,Two adults,Italy,2011,46.93,,
ESTAT:ISOC_CI_IN_H(1.0),16/12/25 11:00:00,Annual,Percentage of households,Two adults,Italy,2012,49.75,,
ESTAT:ISOC_CI_IN_H(1.0),16/12/25 11:00:00,Annual,Percentage of households,Two adults,Italy,2013,54.90,,
ESTAT:ISOC_CI_IN_H(1.0),16/12/25 11:00:00,Annual,Percentage of households,Two adults,Italy,2014,58.63,,
ESTAT:ISOC_CI_IN_H(1.0),16/12/25 11:00:00,Annual,Percentage of households,Two adults,Italy,2015,62.79,,
ESTAT:ISOC_CI_IN_H(1.0),16/12/25 11:00:00,Annual,Percentage of households,Two adults,Italy,2016,67.02,,
ESTAT:ISOC_CI_IN_H(1.0),16/12/25 11:00:00,Annual,Percentage of households,Two adults,Italy,2017,70.07,,
ESTAT:ISOC_CI_IN_H(1.0),16/12/25 11:00:00,Annual,Percentage of households,Two adults,Italy,2018,77.25,,
ESTAT:ISOC_CI_IN_H(1.0),16/12/25 11:00:00,Annual,Percentage of households,Two adults,Italy,2019,78.58,,
ESTAT:ISOC_CI_IN_H(1.0),16/12/25 11:00:00,Annual,Percentage of households,Two adults,Italy,2020,83.41,,
ESTAT:ISOC_CI_IN_H(1.0),16/12/25 11:00:00,Annual,Percentage of households,Two adults,Italy,2021,86.06,,
ESTAT:ISOC_CI_IN_H(1.0),16/12/25 11:00:00,Annual,Percentage of households,Two adults,Italy,2022,87.20,,
ESTAT:ISOC_CI_IN_H(1.0),16/12/25 11:00:00,Annual,Percentage of households,Two adults,Italy,2023,88.78,,
ESTAT:ISOC_CI_IN_H(1.0),16/12/25 11:00:00,Annual,Percentage of households,Two adults,Italy,2024,91.25,,
ESTAT:ISOC_CI_IN_H(1.0),16/12/25 11:00:00,Annual,Percentage of households,Two adults,Italy,2025,93.01,,
ESTAT:ISOC_CI_IN_H(1.0),16/12/25 11:00:00,Annual,Percentage of households,Two adults,Lithuania,2004,7.38,,
ESTAT:ISOC_CI_IN_H(1.0),16/12/25 11:00:00,Annual,Percentage of households,Two adults,Lithuania,2005,10.81,,
ESTAT:ISOC_CI_IN_H(1.0),16/12/25 11:00:00,Annual,Percentage of households,Two adults,Lithuania,2006,21.19,,
ESTAT:ISOC_CI_IN_H(1.0),16/12/25 11:00:00,Annual,Percentage of households,Two adults,Lithuania,2007,26.21,,
ESTAT:ISOC_CI_IN_H(1.0),16/12/25 11:00:00,Annual,Percentage of households,Two adults,Lithuania,2008,38.68,,
ESTAT:ISOC_CI_IN_H(1.0),16/12/25 11:00:00,Annual,Percentage of households,Two adults,Lithuania,2009,50.82,,
ESTAT:ISOC_CI_IN_H(1.0),16/12/25 11:00:00,Annual,Percentage of households,Two adults,Lithuania,2010,53.74,,
ESTAT:ISOC_CI_IN_H(1.0),16/12/25 11:00:00,Annual,Percentage of households,Two adults,Lithuania,2011,48.83,,
ESTAT:ISOC_CI_IN_H(1.0),16/12/25 11:00:00,Annual,Percentage of households,Two adults,Lithuania,2012,53.13,,
ESTAT:ISOC_CI_IN_H(1.0),16/12/25 11:00:00,Annual,Percentage of households,Two adults,Lithuania,2013,58.39,,
ESTAT:ISOC_CI_IN_H(1.0),16/12/25 11:00:00,Annual,Percentage of households,Two adults,Lithuania,2014,53.13,,
ESTAT:ISOC_CI_IN_H(1.0),16/12/25 11:00:00,Annual,Percentage of households,Two adults,Lithuania,2015,62.19,,
ESTAT:ISOC_CI_IN_H(1.0),16/12/25 11:00:00,Annual,Percentage of households,Two adults,Lithuania,2016,60.69,,
ESTAT:ISOC_CI_IN_H(1.0),16/12/25 11:00:00,Annual,Percentage of households,Two adults,Lithuania,2017,66.68,,
ESTAT:ISOC_CI_IN_H(1.0),16/12/25 11:00:00,Annual,Percentage of households,Two adults,Lithuania,2018,69.52,,
ESTAT:ISOC_CI_IN_H(1.0),16/12/25 11:00:00,Annual,Percentage of households,Two adults,Lithuania,2019,75.83,,
ESTAT:ISOC_CI_IN_H(1.0),16/12/25 11:00:00,Annual,Percentage of households,Two adults,Lithuania,2020,73.29,,
ESTAT:ISOC_CI_IN_H(1.0),16/12/25 11:00:00,Annual,Percentage of households,Two adults,Lithuania,2021,81.21,,
ESTAT:ISOC_CI_IN_H(1.0),16/12/25 11:00:00,Annual,Percentage of households,Two adults,Lithuania,2022,83.21,,
ESTAT:ISOC_CI_IN_H(1.0),16/12/25 11:00:00,Annual,Percentage of households,Two adults,Lithuania,2023,84.76,,
ESTAT:ISOC_CI_IN_H(1.0),16/12/25 11:00:00,Annual,Percentage of households,Two adults,Lithuania,2024,89.22,,
ESTAT:ISOC_CI_IN_H(1.0),16/12/25 11:00:00,Annual,Percentage of households,Two adults,Lithuania,2025,86.59,,
ESTAT:ISOC_CI_IN_H(1.0),16/12/25 11:00:00,Annual,Percentage of households,Two adults,Luxembourg,2002,32.41,,
ESTAT:ISOC_CI_IN_H(1.0),16/12/25 11:00:00,Annual,Percentage of households,Two adults,Luxembourg,2003,37.08,,
ESTAT:ISOC_CI_IN_H(1.0),16/12/25 11:00:00,Annual,Percentage of households,Two adults,Luxembourg,2004,58.11,,
ESTAT:ISOC_CI_IN_H(1.0),16/12/25 11:00:00,Annual,Percentage of households,Two adults,Luxembourg,2005,59.77,,
ESTAT:ISOC_CI_IN_H(1.0),16/12/25 11:00:00,Annual,Percentage of households,Two adults,Luxembourg,2006,64.18,,
ESTAT:ISOC_CI_IN_H(1.0),16/12/25 11:00:00,Annual,Percentage of households,Two adults,Luxembourg,2007,67.16,,
ESTAT:ISOC_CI_IN_H(1.0),16/12/25 11:00:00,Annual,Percentage of households,Two adults,Luxembourg,2008,79.89,,
ESTAT:ISOC_CI_IN_H(1.0),16/12/25 11:00:00,Annual,Percentage of households,Two adults,Luxembourg,2009,85.84,,
ESTAT:ISOC_CI_IN_H(1.0),16/12/25 11:00:00,Annual,Percentage of households,Two adults,Luxembourg,2010,87.53,,
ESTAT:ISOC_CI_IN_H(1.0),16/12/25 11:00:00,Annual,Percentage of households,Two adults,Luxembourg,2011,87.71,,
ESTAT:ISOC_CI_IN_H(1.0),16/12/25 11:00:00,Annual,Percentage of households,Two adults,Luxembourg,2012,92.61,,
ESTAT:ISOC_CI_IN_H(1.0),16/12/25 11:00:00,Annual,Percentage of households,Two adults,Luxembourg,2013,95.52,,
ESTAT:ISOC_CI_IN_H(1.0),16/12/25 11:00:00,Annual,Percentage of households,Two adults,Luxembourg,2014,96.02,,
ESTAT:ISOC_CI_IN_H(1.0),16/12/25 11:00:00,Annual,Percentage of households,Two adults,Luxembourg,2015,98.53,,
ESTAT:ISOC_CI_IN_H(1.0),16/12/25 11:00:00,Annual,Percentage of households,Two adults,Luxembourg,2016,96.53,,
ESTAT:ISOC_CI_IN_H(1.0),16/12/25 11:00:00,Annual,Percentage of households,Two adults,Luxembourg,2017,97.12,,
ESTAT:ISOC_CI_IN_H(1.0),16/12/25 11:00:00,Annual,Percentage of households,Two adults,Luxembourg,2018,94.39,b,
ESTAT:ISOC_CI_IN_H(1.0),16/12/25 11:00:00,Annual,Percentage of households,Two adults,Luxembourg,2019,96.17,,
ESTAT:ISOC_CI_IN_H(1.0),16/12/25 11:00:00,Annual,Percentage of households,Two adults,Luxembourg,2020,94.82,,
ESTAT:ISOC_CI_IN_H(1.0),16/12/25 11:00:00,Annual,Percentage of households,Two adults,Luxembourg,2021,99.55,,
ESTAT:ISOC_CI_IN_H(1.0),16/12/25 11:00:00,Annual,Percentage of households,Two adults,Luxembourg,2022,97.83,,
ESTAT:ISOC_CI_IN_H(1.0),16/12/25 11:00:00,Annual,Percentage of households,Two adults,Luxembourg,2023,98.79,,
ESTAT:ISOC_CI_IN_H(1.0),16/12/25 11:00:00,Annual,Percentage of households,Two adults,Luxembourg,2024,98.75,,
ESTAT:ISOC_CI_IN_H(1.0),16/12/25 11:00:00,Annual,Percentage of households,Two adults,Luxembourg,2025,98.56,,
ESTAT:ISOC_CI_IN_H(1.0),16/12/25 11:00:00,Annual,Percentage of households,Two adults,Latvia,2004,8.61,,
ESTAT:ISOC_CI_IN_H(1.0),16/12/25 11:00:00,Annual,Percentage of households,Two adults,Latvia,2005,21.52,,
ESTAT:ISOC_CI_IN_H(1.0),16/12/25 11:00:00,Annual,Percentage of households,Two adults,Latvia,2006,27.70,,
ESTAT:ISOC_CI_IN_H(1.0),16/12/25 11:00:00,Annual,Percentage of households,Two adults,Latvia,2007,32.75,,
ESTAT:ISOC_CI_IN_H(1.0),16/12/25 11:00:00,Annual,Percentage of households,Two adults,Latvia,2008,36.82,,
ESTAT:ISOC_CI_IN_H(1.0),16/12/25 11:00:00,Annual,Percentage of households,Two adults,Latvia,2009,45.15,,
ESTAT:ISOC_CI_IN_H(1.0),16/12/25 11:00:00,Annual,Percentage of households,Two adults,Latvia,2010,48.91,,
ESTAT:ISOC_CI_IN_H(1.0),16/12/25 11:00:00,Annual,Percentage of households,Two adults,Latvia,2011,54.67,,
ESTAT:ISOC_CI_IN_H(1.0),16/12/25 11:00:00,Annual,Percentage of households,Two adults,Latvia,2012,60.90,,
ESTAT:ISOC_CI_IN_H(1.0),16/12/25 11:00:00,Annual,Percentage of households,Two adults,Latvia,2013,65.91,,
ESTAT:ISOC_CI_IN_H(1.0),16/12/25 11:00:00,Annual,Percentage of households,Two adults,Latvia,2014,67.15,,
ESTAT:ISOC_CI_IN_H(1.0),16/12/25 11:00:00,Annual,Percentage of households,Two adults,Latvia,2015,74.60,,
ESTAT:ISOC_CI_IN_H(1.0),16/12/25 11:00:00,Annual,Percentage of households,Two adults,Latvia,2016,75.46,b,
ESTAT:ISOC_CI_IN_H(1.0),16/12/25 11:00:00,Annual,Percentage of households,Two adults,Latvia,2017,76.41,,
ESTAT:ISOC_CI_IN_H(1.0),16/12/25 11:00:00,Annual,Percentage of households,Two adults,Latvia,2018,81.82,,
ESTAT:ISOC_CI_IN_H(1.0),16/12/25 11:00:00,Annual,Percentage of households,Two adults,Latvia,2019,85.46,,
ESTAT:ISOC_CI_IN_H(1.0),16/12/25 11:00:00,Annual,Percentage of households,Two adults,Latvia,2020,88.20,,
ESTAT:ISOC_CI_IN_H(1.0),16/12/25 11:00:00,Annual,Percentage of households,Two adults,Latvia,2021,91.66,,
ESTAT:ISOC_CI_IN_H(1.0),16/12/25 11:00:00,Annual,Percentage of households,Two adults,Latvia,2022,92.93,,
ESTAT:ISOC_CI_IN_H(1.0),16/12/25 11:00:00,Annual,Percentage of households,Two adults,Latvia,2023,93.65,,
ESTAT:ISOC_CI_IN_H(1.0),16/12/25 11:00:00,Annual,Percentage of households,Two adults,Latvia,2024,96.01,,
ESTAT:ISOC_CI_IN_H(1.0),16/12/25 11:00:00,Annual,Percentage of households,Two adults,Latvia,2025,95.30,,
ESTAT:ISOC_CI_IN_H(1.0),16/12/25 11:00:00,Annual,Percentage of households,Two adults,Montenegro,2012,28.72,,
ESTAT:ISOC_CI_IN_H(1.0),16/12/25 11:00:00,Annual,Percentage of households,Two adults,Montenegro,2017,47.95,,
ESTAT:ISOC_CI_IN_H(1.0),16/12/25 11:00:00,Annual,Percentage of households,Two adults,Montenegro,2018,53.60,,
ESTAT:ISOC_CI_IN_H(1.0),16/12/25 11:00:00,Annual,Percentage of households,Two adults,Montenegro,2019,62.07,,
ESTAT:ISOC_CI_IN_H(1.0),16/12/25 11:00:00,Annual,Percentage of households,Two adults,Montenegro,2020,68.88,,
ESTAT:ISOC_CI_IN_H(1.0),16/12/25 11:00:00,Annual,Percentage of households,Two adults,Montenegro,2021,68.58,,
ESTAT:ISOC_CI_IN_H(1.0),16/12/25 11:00:00,Annual,Percentage of households,Two adults,Montenegro,2022,78.82,,
ESTAT:ISOC_CI_IN_H(1.0),16/12/25 11:00:00,Annual,Percentage of households,Two adults,Montenegro,2023,76.08,,
ESTAT:ISOC_CI_IN_H(1.0),16/12/25 11:00:00,Annual,Percentage of households,Two adults,Montenegro,2024,76.79,,
ESTAT:ISOC_CI_IN_H(1.0),16/12/25 11:00:00,Annual,Percentage of households,Two adults,Montenegro,2025,86.85,,
ESTAT:ISOC_CI_IN_H(1.0),16/12/25 11:00:00,Annual,Percentage of households,Two adults,North Macedonia,2004,4.73,,
ESTAT:ISOC_CI_IN_H(1.0),16/12/25 11:00:00,Annual,Percentage of households,Two adults,North Macedonia,2006,5.54,,
ESTAT:ISOC_CI_IN_H(1.0),16/12/25 11:00:00,Annual,Percentage of households,Two adults,North Macedonia,2008,10.45,,
ESTAT:ISOC_CI_IN_H(1.0),16/12/25 11:00:00,Annual,Percentage of households,Two adults,North Macedonia,2009,15.14,,
ESTAT:ISOC_CI_IN_H(1.0),16/12/25 11:00:00,Annual,Percentage of households,Two adults,North Macedonia,2010,17.20,,
ESTAT:ISOC_CI_IN_H(1.0),16/12/25 11:00:00,Annual,Percentage of households,Two adults,North Macedonia,2012,20.48,,
ESTAT:ISOC_CI_IN_H(1.0),16/12/25 11:00:00,Annual,Percentage of households,Two adults,North Macedonia,2013,27.23,,
ESTAT:ISOC_CI_IN_H(1.0),16/12/25 11:00:00,Annual,Percentage of households,Two adults,North Macedonia,2014,27.19,,
ESTAT:ISOC_CI_IN_H(1.0),16/12/25 11:00:00,Annual,Percentage of households,Two adults,North Macedonia,2015,31.35,,
ESTAT:ISOC_CI_IN_H(1.0),16/12/25 11:00:00,Annual,Percentage of households,Two adults,North Macedonia,2016,53.19,,
ESTAT:ISOC_CI_IN_H(1.0),16/12/25 11:00:00,Annual,Percentage of households,Two adults,North Macedonia,2017,44.84,,
ESTAT:ISOC_CI_IN_H(1.0),16/12/25 11:00:00,Annual,Percentage of households,Two adults,North Macedonia,2018,56.00,,
ESTAT:ISOC_CI_IN_H(1.0),16/12/25 11:00:00,Annual,Percentage of households,Two adults,North Macedonia,2019,58.96,,
ESTAT:ISOC_CI_IN_H(1.0),16/12/25 11:00:00,Annual,Percentage of households,Two adults,North Macedonia,2020,63.81,,
ESTAT:ISOC_CI_IN_H(1.0),16/12/25 11:00:00,Annual,Percentage of households,Two adults,North Macedonia,2021,72.28,,
ESTAT:ISOC_CI_IN_H(1.0),16/12/25 11:00:00,Annual,Percentage of households,Two adults,North Macedonia,2024,86.16,,
ESTAT:ISOC_CI_IN_H(1.0),16/12/25 11:00:00,Annual,Percentage of households,Two adults,North Macedonia,2025,85.65,,
ESTAT:ISOC_CI_IN_H(1.0),16/12/25 11:00:00,Annual,Percentage of households,Two adults,Malta,2005,24.84,,
ESTAT:ISOC_CI_IN_H(1.0),16/12/25 11:00:00,Annual,Percentage of households,Two adults,Malta,2006,56.48,,
ESTAT:ISOC_CI_IN_H(1.0),16/12/25 11:00:00,Annual,Percentage of households,Two adults,Malta,2007,31.71,,
ESTAT:ISOC_CI_IN_H(1.0),16/12/25 11:00:00,Annual,Percentage of households,Two adults,Malta,2008,36.91,,
ESTAT:ISOC_CI_IN_H(1.0),16/12/25 11:00:00,Annual,Percentage of households,Two adults,Malta,2009,44.02,,
ESTAT:ISOC_CI_IN_H(1.0),16/12/25 11:00:00,Annual,Percentage of households,Two adults,Malta,2010,43.65,,
ESTAT:ISOC_CI_IN_H(1.0),16/12/25 11:00:00,Annual,Percentage of households,Two adults,Malta,2011,62.71,,
ESTAT:ISOC_CI_IN_H(1.0),16/12/25 11:00:00,Annual,Percentage of households,Two adults,Malta,2012,62.24,,
ESTAT:ISOC_CI_IN_H(1.0),16/12/25 11:00:00,Annual,Percentage of households,Two adults,Malta,2013,64.92,,
ESTAT:ISOC_CI_IN_H(1.0),16/12/25 11:00:00,Annual,Percentage of households,Two adults,Malta,2014,74.04,,
ESTAT:ISOC_CI_IN_H(1.0),16/12/25 11:00:00,Annual,Percentage of households,Two adults,Malta,2015,71.78,,
ESTAT:ISOC_CI_IN_H(1.0),16/12/25 11:00:00,Annual,Percentage of households,Two adults,Malta,2016,74.58,,
ESTAT:ISOC_CI_IN_H(1.0),16/12/25 11:00:00,Annual,Percentage of households,Two adults,Malta,2017,78.41,,
ESTAT:ISOC_CI_IN_H(1.0),16/12/25 11:00:00,Annual,Percentage of households,Two adults,Malta,2018,80.08,,
ESTAT:ISOC_CI_IN_H(1.0),16/12/25 11:00:00,Annual,Percentage of households,Two adults,Malta,2019,78.99,,
ESTAT:ISOC_CI_IN_H(1.0),16/12/25 11:00:00,Annual,Percentage of households,Two adults,Malta,2020,88.39,,
ESTAT:ISOC_CI_IN_H(1.0),16/12/25 11:00:00,Annual,Percentage of households,Two adults,Malta,2021,88.39,,
ESTAT:ISOC_CI_IN_H(1.0),16/12/25 11:00:00,Annual,Percentage of households,Two adults,Malta,2022,91.44,,
ESTAT:ISOC_CI_IN_H(1.0),16/12/25 11:00:00,Annual,Percentage of households,Two adults,Malta,2023,91.57,,
ESTAT:ISOC_CI_IN_H(1.0),16/12/25 11:00:00,Annual,Percentage of households,Two adults,Malta,2024,93.58,,
ESTAT:ISOC_CI_IN_H(1.0),16/12/25 11:00:00,Annual,Percentage of households,Two adults,Malta,2025,98.19,,
ESTAT:ISOC_CI_IN_H(1.0),16/12/25 11:00:00,Annual,Percentage of households,Two adults,Netherlands,2005,76.28,,
ESTAT:ISOC_CI_IN_H(1.0),16/12/25 11:00:00,Annual,Percentage of households,Two adults,Netherlands,2006,77.57,,
ESTAT:ISOC_CI_IN_H(1.0),16/12/25 11:00:00,Annual,Percentage of households,Two adults,Netherlands,2007,82.07,,
ESTAT:ISOC_CI_IN_H(1.0),16/12/25 11:00:00,Annual,Percentage of households,Two adults,Netherlands,2008,86.46,,
ESTAT:ISOC_CI_IN_H(1.0),16/12/25 11:00:00,Annual,Percentage of households,Two adults,Netherlands,2009,89.53,,
ESTAT:ISOC_CI_IN_H(1.0),16/12/25 11:00:00,Annual,Percentage of households,Two adults,Netherlands,2010,89.62,,
ESTAT:ISOC_CI_IN_H(1.0),16/12/25 11:00:00,Annual,Percentage of households,Two adults,Netherlands,2011,93.91,,
ESTAT:ISOC_CI_IN_H(1.0),16/12/25 11:00:00,Annual,Percentage of households,Two adults,Netherlands,2012,94.55,,
ESTAT:ISOC_CI_IN_H(1.0),16/12/25 11:00:00,Annual,Percentage of households,Two adults,Netherlands,2013,95.69,,
ESTAT:ISOC_CI_IN_H(1.0),16/12/25 11:00:00,Annual,Percentage of households,Two adults,Netherlands,2014,96.60,,
ESTAT:ISOC_CI_IN_H(1.0),16/12/25 11:00:00,Annual,Percentage of households,Two adults,Netherlands,2015,95.92,,
ESTAT:ISOC_CI_IN_H(1.0),16/12/25 11:00:00,Annual,Percentage of households,Two adults,Netherlands,2016,95.84,,
ESTAT:ISOC_CI_IN_H(1.0),16/12/25 11:00:00,Annual,Percentage of households,Two adults,Netherlands,2017,98.89,,
ESTAT:ISOC_CI_IN_H(1.0),16/12/25 11:00:00,Annual,Percentage of households,Two adults,Netherlands,2018,97.98,,
ESTAT:ISOC_CI_IN_H(1.0),16/12/25 11:00:00,Annual,Percentage of households,Two adults,Netherlands,2019,98.18,,
ESTAT:ISOC_CI_IN_H(1.0),16/12/25 11:00:00,Annual,Percentage of households,Two adults,Netherlands,2020,98.52,,
ESTAT:ISOC_CI_IN_H(1.0),16/12/25 11:00:00,Annual,Percentage of households,Two adults,Netherlands,2021,98.26,,
ESTAT:ISOC_CI_IN_H(1.0),16/12/25 11:00:00,Annual,Percentage of households,Two adults,Netherlands,2022,98.22,,
ESTAT:ISOC_CI_IN_H(1.0),16/12/25 11:00:00,Annual,Percentage of households,Two adults,Netherlands,2023,98.48,,
ESTAT:ISOC_CI_IN_H(1.0),16/12/25 11:00:00,Annual,Percentage of households,Two adults,Netherlands,2024,99.18,,
ESTAT:ISOC_CI_IN_H(1.0),16/12/25 11:00:00,Annual,Percentage of households,Two adults,Netherlands,2025,98.92,,
ESTAT:ISOC_CI_IN_H(1.0),16/12/25 11:00:00,Annual,Percentage of households,Two adults,Norway,2003,57.40,,
ESTAT:ISOC_CI_IN_H(1.0),16/12/25 11:00:00,Annual,Percentage of households,Two adults,Norway,2004,65.30,,
ESTAT:ISOC_CI_IN_H(1.0),16/12/25 11:00:00,Annual,Percentage of households,Two adults,Norway,2005,63.21,,
ESTAT:ISOC_CI_IN_H(1.0),16/12/25 11:00:00,Annual,Percentage of households,Two adults,Norway,2006,76.31,,
ESTAT:ISOC_CI_IN_H(1.0),16/12/25 11:00:00,Annual,Percentage of households,Two adults,Norway,2007,79.93,,
ESTAT:ISOC_CI_IN_H(1.0),16/12/25 11:00:00,Annual,Percentage of households,Two adults,Norway,2008,86.43,,
ESTAT:ISOC_CI_IN_H(1.0),16/12/25 11:00:00,Annual,Percentage of households,Two adults,Norway,2009,88.73,,
ESTAT:ISOC_CI_IN_H(1.0),16/12/25 11:00:00,Annual,Percentage of households,Two adults,Norway,2010,88.18,,
ESTAT:ISOC_CI_IN_H(1.0),16/12/25 11:00:00,Annual,Percentage of households,Two adults,Norway,2011,92.39,,
ESTAT:ISOC_CI_IN_H(1.0),16/12/25 11:00:00,Annual,Percentage of households,Two adults,Norway,2012,94.74,,
ESTAT:ISOC_CI_IN_H(1.0),16/12/25 11:00:00,Annual,Percentage of households,Two adults,Norway,2013,94.59,,
ESTAT:ISOC_CI_IN_H(1.0),16/12/25 11:00:00,Annual,Percentage of households,Two adults,Norway,2014,95.54,,
ESTAT:ISOC_CI_IN_H(1.0),16/12/25 11:00:00,Annual,Percentage of households,Two adults,Norway,2015,97.99,,
ESTAT:ISOC_CI_IN_H(1.0),16/12/25 11:00:00,Annual,Percentage of households,Two adults,Norway,2016,97.30,,
ESTAT:ISOC_CI_IN_H(1.0),16/12/25 11:00:00,Annual,Percentage of households,Two adults,Norway,2017,98.72,,
ESTAT:ISOC_CI_IN_H(1.0),16/12/25 11:00:00,Annual,Percentage of households,Two adults,Norway,2018,97.36,,
ESTAT:ISOC_CI_IN_H(1.0),16/12/25 11:00:00,Annual,Percentage of households,Two adults,Norway,2019,99.71,,
ESTAT:ISOC_CI_IN_H(1.0),16/12/25 11:00:00,Annual,Percentage of households,Two adults,Norway,2020,98.35,,
ESTAT:ISOC_CI_IN_H(1.0),16/12/25 11:00:00,Annual,Percentage of households,Two adults,Norway,2021,99.61,,
ESTAT:ISOC_CI_IN_H(1.0),16/12/25 11:00:00,Annual,Percentage of households,Two adults,Norway,2022,99.13,,
ESTAT:ISOC_CI_IN_H(1.0),16/12/25 11:00:00,Annual,Percentage of households,Two adults,Norway,2023,99.50,,
ESTAT:ISOC_CI_IN_H(1.0),16/12/25 11:00:00,Annual,Percentage of households,Two adults,Norway,2024,99.02,,
ESTAT:ISOC_CI_IN_H(1.0),16/12/25 11:00:00,Annual,Percentage of households,Two adults,Norway,2025,99.37,,
ESTAT:ISOC_CI_IN_H(1.0),16/12/25 11:00:00,Annual,Percentage of households,Two adults,Poland,2004,16.45,,
ESTAT:ISOC_CI_IN_H(1.0),16/12/25 11:00:00,Annual,Percentage of households,Two adults,Poland,2005,19.44,,
ESTAT:ISOC_CI_IN_H(1.0),16/12/25 11:00:00,Annual,Percentage of households,Two adults,Poland,2006,24.59,,
ESTAT:ISOC_CI_IN_H(1.0),16/12/25 11:00:00,Annual,Percentage of households,Two adults,Poland,2007,26.99,,
ESTAT:ISOC_CI_IN_H(1.0),16/12/25 11:00:00,Annual,Percentage of households,Two adults,Poland,2008,32.63,,
ESTAT:ISOC_CI_IN_H(1.0),16/12/25 11:00:00,Annual,Percentage of households,Two adults,Poland,2009,41.42,,
ESTAT:ISOC_CI_IN_H(1.0),16/12/25 11:00:00,Annual,Percentage of households,Two adults,Poland,2010,46.11,,
ESTAT:ISOC_CI_IN_H(1.0),16/12/25 11:00:00,Annual,Percentage of households,Two adults,Poland,2011,49.54,,
ESTAT:ISOC_CI_IN_H(1.0),16/12/25 11:00:00,Annual,Percentage of households,Two adults,Poland,2012,53.70,,
ESTAT:ISOC_CI_IN_H(1.0),16/12/25 11:00:00,Annual,Percentage of households,Two adults,Poland,2013,54.43,,
ESTAT:ISOC_CI_IN_H(1.0),16/12/25 11:00:00,Annual,Percentage of households,Two adults,Poland,2014,59.36,,
ESTAT:ISOC_CI_IN_H(1.0),16/12/25 11:00:00,Annual,Percentage of households,Two adults,Poland,2015,61.81,,
ESTAT:ISOC_CI_IN_H(1.0),16/12/25 11:00:00,Annual,Percentage of households,Two adults,Poland,2016,70.18,,
ESTAT:ISOC_CI_IN_H(1.0),16/12/25 11:00:00,Annual,Percentage of households,Two adults,Poland,2017,72.19,,
ESTAT:ISOC_CI_IN_H(1.0),16/12/25 11:00:00,Annual,Percentage of households,Two adults,Poland,2018,76.91,,
ESTAT:ISOC_CI_IN_H(1.0),16/12/25 11:00:00,Annual,Percentage of households,Two adults,Poland,2019,79.12,,
ESTAT:ISOC_CI_IN_H(1.0),16/12/25 11:00:00,Annual,Percentage of households,Two adults,Poland,2020,85.37,,
ESTAT:ISOC_CI_IN_H(1.0),16/12/25 11:00:00,Annual,Percentage of households,Two adults,Poland,2021,88.52,,
ESTAT:ISOC_CI_IN_H(1.0),16/12/25 11:00:00,Annual,Percentage of households,Two adults,Poland,2022,89.86,,
ESTAT:ISOC_CI_IN_H(1.0),16/12/25 11:00:00,Annual,Percentage of households,Two adults,Poland,2023,91.44,,
ESTAT:ISOC_CI_IN_H(1.0),16/12/25 11:00:00,Annual,Percentage of households,Two adults,Poland,2024,95.28,,
ESTAT:ISOC_CI_IN_H(1.0),16/12/25 11:00:00,Annual,Percentage of households,Two adults,Poland,2025,95.29,,
ESTAT:ISOC_CI_IN_H(1.0),16/12/25 11:00:00,Annual,Percentage of households,Two adults,Portugal,2003,11.81,,
ESTAT:ISOC_CI_IN_H(1.0),16/12/25 11:00:00,Annual,Percentage of households,Two adults,Portugal,2004,13.52,,
ESTAT:ISOC_CI_IN_H(1.0),16/12/25 11:00:00,Annual,Percentage of households,Two adults,Portugal,2005,24.18,,
ESTAT:ISOC_CI_IN_H(1.0),16/12/25 11:00:00,Annual,Percentage of households,Two adults,Portugal,2006,18.22,,
ESTAT:ISOC_CI_IN_H(1.0),16/12/25 11:00:00,Annual,Percentage of households,Two adults,Portugal,2007,19.65,,
ESTAT:ISOC_CI_IN_H(1.0),16/12/25 11:00:00,Annual,Percentage of households,Two adults,Portugal,2008,25.97,,
ESTAT:ISOC_CI_IN_H(1.0),16/12/25 11:00:00,Annual,Percentage of households,Two adults,Portugal,2009,26.57,,
ESTAT:ISOC_CI_IN_H(1.0),16/12/25 11:00:00,Annual,Percentage of households,Two adults,Portugal,2010,32.29,,
ESTAT:ISOC_CI_IN_H(1.0),16/12/25 11:00:00,Annual,Percentage of households,Two adults,Portugal,2011,36.27,,
ESTAT:ISOC_CI_IN_H(1.0),16/12/25 11:00:00,Annual,Percentage of households,Two adults,Portugal,2012,41.48,,
ESTAT:ISOC_CI_IN_H(1.0),16/12/25 11:00:00,Annual,Percentage of households,Two adults,Portugal,2013,43.03,,
ESTAT:ISOC_CI_IN_H(1.0),16/12/25 11:00:00,Annual,Percentage of households,Two adults,Portugal,2014,46.55,,
ESTAT:ISOC_CI_IN_H(1.0),16/12/25 11:00:00,Annual,Percentage of households,Two adults,Portugal,2015,53.96,,
ESTAT:ISOC_CI_IN_H(1.0),16/12/25 11:00:00,Annual,Percentage of households,Two adults,Portugal,2016,60.62,,
ESTAT:ISOC_CI_IN_H(1.0),16/12/25 11:00:00,Annual,Percentage of households,Two adults,Portugal,2017,64.66,,
ESTAT:ISOC_CI_IN_H(1.0),16/12/25 11:00:00,Annual,Percentage of households,Two adults,Portugal,2018,69.42,,
ESTAT:ISOC_CI_IN_H(1.0),16/12/25 11:00:00,Annual,Percentage of households,Two adults,Portugal,2019,72.60,,
ESTAT:ISOC_CI_IN_H(1.0),16/12/25 11:00:00,Annual,Percentage of households,Two adults,Portugal,2020,75.95,,
ESTAT:ISOC_CI_IN_H(1.0),16/12/25 11:00:00,Annual,Percentage of households,Two adults,Portugal,2021,81.08,,
ESTAT:ISOC_CI_IN_H(1.0),16/12/25 11:00:00,Annual,Percentage of households,Two adults,Portugal,2022,83.09,,
ESTAT:ISOC_CI_IN_H(1.0),16/12/25 11:00:00,Annual,Percentage of households,Two adults,Portugal,2023,85.29,,
ESTAT:ISOC_CI_IN_H(1.0),16/12/25 11:00:00,Annual,Percentage of households,Two adults,Portugal,2024,87.82,,
ESTAT:ISOC_CI_IN_H(1.0),16/12/25 11:00:00,Annual,Percentage of households,Two adults,Portugal,2025,88.14,,
ESTAT:ISOC_CI_IN_H(1.0),16/12/25 11:00:00,Annual,Percentage of households,Two adults,Romania,2006,10.15,,
ESTAT:ISOC_CI_IN_H(1.0),16/12/25 11:00:00,Annual,Percentage of households,Two adults,Romania,2007,15.85,,
ESTAT:ISOC_CI_IN_H(1.0),16/12/25 11:00:00,Annual,Percentage of households,Two adults,Romania,2008,19.95,,
ESTAT:ISOC_CI_IN_H(1.0),16/12/25 11:00:00,Annual,Percentage of households,Two adults,Romania,2009,26.27,,
ESTAT:ISOC_CI_IN_H(1.0),16/12/25 11:00:00,Annual,Percentage of households,Two adults,Romania,2010,31.11,,
ESTAT:ISOC_CI_IN_H(1.0),16/12/25 11:00:00,Annual,Percentage of households,Two adults,Romania,2011,34.13,,
ESTAT:ISOC_CI_IN_H(1.0),16/12/25 11:00:00,Annual,Percentage of households,Two adults,Romania,2012,39.55,,
ESTAT:ISOC_CI_IN_H(1.0),16/12/25 11:00:00,Annual,Percentage of households,Two adults,Romania,2013,45.12,,
ESTAT:ISOC_CI_IN_H(1.0),16/12/25 11:00:00,Annual,Percentage of households,Two adults,Romania,2014,47.57,b,
ESTAT:ISOC_CI_IN_H(1.0),16/12/25 11:00:00,Annual,Percentage of households,Two adults,Romania,2015,55.21,,
ESTAT:ISOC_CI_IN_H(1.0),16/12/25 11:00:00,Annual,Percentage of households,Two adults,Romania,2016,60.42,,
ESTAT:ISOC_CI_IN_H(1.0),16/12/25 11:00:00,Annual,Percentage of households,Two adults,Romania,2017,65.71,,
ESTAT:ISOC_CI_IN_H(1.0),16/12/25 11:00:00,Annual,Percentage of households,Two adults,Romania,2018,73.84,,
ESTAT:ISOC_CI_IN_H(1.0),16/12/25 11:00:00,Annual,Percentage of households,Two adults,Romania,2019,78.07,,
ESTAT:ISOC_CI_IN_H(1.0),16/12/25 11:00:00,Annual,Percentage of households,Two adults,Romania,2020,81.90,,
ESTAT:ISOC_CI_IN_H(1.0),16/12/25 11:00:00,Annual,Percentage of households,Two adults,Romania,2021,84.44,,
ESTAT:ISOC_CI_IN_H(1.0),16/12/25 11:00:00,Annual,Percentage of households,Two adults,Romania,2022,87.02,,
ESTAT:ISOC_CI_IN_H(1.0),16/12/25 11:00:00,Annual,Percentage of households,Two adults,Romania,2023,91.14,,
ESTAT:ISOC_CI_IN_H(1.0),16/12/25 11:00:00,Annual,Percentage of households,Two adults,Romania,2024,93.80,,
ESTAT:ISOC_CI_IN_H(1.0),16/12/25 11:00:00,Annual,Percentage of households,Two adults,Romania,2025,94.45,,
ESTAT:ISOC_CI_IN_H(1.0),16/12/25 11:00:00,Annual,Percentage of households,Two adults,Serbia,2015,39.31,,
ESTAT:ISOC_CI_IN_H(1.0),16/12/25 11:00:00,Annual,Percentage of households,Two adults,Serbia,2017,52.63,,
ESTAT:ISOC_CI_IN_H(1.0),16/12/25 11:00:00,Annual,Percentage of households,Two adults,Serbia,2018,61.02,,
ESTAT:ISOC_CI_IN_H(1.0),16/12/25 11:00:00,Annual,Percentage of households,Two adults,Serbia,2019,71.86,,
ESTAT:ISOC_CI_IN_H(1.0),16/12/25 11:00:00,Annual,Percentage of households,Two adults,Serbia,2020,71.12,,
ESTAT:ISOC_CI_IN_H(1.0),16/12/25 11:00:00,Annual,Percentage of households,Two adults,Serbia,2021,70.80,,
ESTAT:ISOC_CI_IN_H(1.0),16/12/25 11:00:00,Annual,Percentage of households,Two adults,Serbia,2022,72.78,,
ESTAT:ISOC_CI_IN_H(1.0),16/12/25 11:00:00,Annual,Percentage of households,Two adults,Serbia,2023,82.02,,
ESTAT:ISOC_CI_IN_H(1.0),16/12/25 11:00:00,Annual,Percentage of households,Two adults,Serbia,2024,88.38,,
ESTAT:ISOC_CI_IN_H(1.0),16/12/25 11:00:00,Annual,Percentage of households,Two adults,Serbia,2025,87.46,,
ESTAT:ISOC_CI_IN_H(1.0),16/12/25 11:00:00,Annual,Percentage of households,Two adults,Sweden,2005,75.69,,
ESTAT:ISOC_CI_IN_H(1.0),16/12/25 11:00:00,Annual,Percentage of households,Two adults,Sweden,2006,82.44,,
ESTAT:ISOC_CI_IN_H(1.0),16/12/25 11:00:00,Annual,Percentage of households,Two adults,Sweden,2007,80.49,,
ESTAT:ISOC_CI_IN_H(1.0),16/12/25 11:00:00,Annual,Percentage of households,Two adults,Sweden,2008,83.18,,
ESTAT:ISOC_CI_IN_H(1.0),16/12/25 11:00:00,Annual,Percentage of households,Two adults,Sweden,2009,86.81,,
ESTAT:ISOC_CI_IN_H(1.0),16/12/25 11:00:00,Annual,Percentage of households,Two adults,Sweden,2010,89.41,,
ESTAT:ISOC_CI_IN_H(1.0),16/12/25 11:00:00,Annual,Percentage of households,Two adults,Sweden,2011,93.62,,
ESTAT:ISOC_CI_IN_H(1.0),16/12/25 11:00:00,Annual,Percentage of households,Two adults,Sweden,2012,92.18,,
ESTAT:ISOC_CI_IN_H(1.0),16/12/25 11:00:00,Annual,Percentage of households,Two adults,Sweden,2013,94.45,,
ESTAT:ISOC_CI_IN_H(1.0),16/12/25 11:00:00,Annual,Percentage of households,Two adults,Sweden,2014,90.10,,
ESTAT:ISOC_CI_IN_H(1.0),16/12/25 11:00:00,Annual,Percentage of households,Two adults,Sweden,2015,93.51,,
ESTAT:ISOC_CI_IN_H(1.0),16/12/25 11:00:00,Annual,Percentage of households,Two adults,Sweden,2016,96.81,b,
ESTAT:ISOC_CI_IN_H(1.0),16/12/25 11:00:00,Annual,Percentage of households,Two adults,Sweden,2017,96.22,,
ESTAT:ISOC_CI_IN_H(1.0),16/12/25 11:00:00,Annual,Percentage of households,Two adults,Sweden,2018,96.65,,
ESTAT:ISOC_CI_IN_H(1.0),16/12/25 11:00:00,Annual,Percentage of households,Two adults,Sweden,2019,98.34,,
ESTAT:ISOC_CI_IN_H(1.0),16/12/25 11:00:00,Annual,Percentage of households,Two adults,Sweden,2020,99.02,,
ESTAT:ISOC_CI_IN_H(1.0),16/12/25 11:00:00,Annual,Percentage of households,Two adults,Sweden,2021,97.09,,
ESTAT:ISOC_CI_IN_H(1.0),16/12/25 11:00:00,Annual,Percentage of households,Two adults,Sweden,2022,97.88,,
ESTAT:ISOC_CI_IN_H(1.0),16/12/25 11:00:00,Annual,Percentage of households,Two adults,Sweden,2023,97.74,,
ESTAT:ISOC_CI_IN_H(1.0),16/12/25 11:00:00,Annual,Percentage of households,Two adults,Sweden,2024,97.90,,
ESTAT:ISOC_CI_IN_H(1.0),16/12/25 11:00:00,Annual,Percentage of households,Two adults,Sweden,2025,97.60,,
ESTAT:ISOC_CI_IN_H(1.0),16/12/25 11:00:00,Annual,Percentage of households,Two adults,Slovenia,2004,20.83,,
ESTAT:ISOC_CI_IN_H(1.0),16/12/25 11:00:00,Annual,Percentage of households,Two adults,Slovenia,2005,29.43,,
ESTAT:ISOC_CI_IN_H(1.0),16/12/25 11:00:00,Annual,Percentage of households,Two adults,Slovenia,2006,28.41,,
ESTAT:ISOC_CI_IN_H(1.0),16/12/25 11:00:00,Annual,Percentage of households,Two adults,Slovenia,2007,29.67,,
ESTAT:ISOC_CI_IN_H(1.0),16/12/25 11:00:00,Annual,Percentage of households,Two adults,Slovenia,2008,33.73,,
ESTAT:ISOC_CI_IN_H(1.0),16/12/25 11:00:00,Annual,Percentage of households,Two adults,Slovenia,2009,43.18,,
ESTAT:ISOC_CI_IN_H(1.0),16/12/25 11:00:00,Annual,Percentage of households,Two adults,Slovenia,2010,49.89,,
ESTAT:ISOC_CI_IN_H(1.0),16/12/25 11:00:00,Annual,Percentage of households,Two adults,Slovenia,2011,56.95,,
ESTAT:ISOC_CI_IN_H(1.0),16/12/25 11:00:00,Annual,Percentage of households,Two adults,Slovenia,2012,66.26,,
ESTAT:ISOC_CI_IN_H(1.0),16/12/25 11:00:00,Annual,Percentage of households,Two adults,Slovenia,2013,62.68,,
ESTAT:ISOC_CI_IN_H(1.0),16/12/25 11:00:00,Annual,Percentage of households,Two adults,Slovenia,2014,66.62,,
ESTAT:ISOC_CI_IN_H(1.0),16/12/25 11:00:00,Annual,Percentage of households,Two adults,Slovenia,2015,70.94,,
ESTAT:ISOC_CI_IN_H(1.0),16/12/25 11:00:00,Annual,Percentage of households,Two adults,Slovenia,2016,68.07,,
ESTAT:ISOC_CI_IN_H(1.0),16/12/25 11:00:00,Annual,Percentage of households,Two adults,Slovenia,2017,77.32,,
ESTAT:ISOC_CI_IN_H(1.0),16/12/25 11:00:00,Annual,Percentage of households,Two adults,Slovenia,2018,83.88,,
ESTAT:ISOC_CI_IN_H(1.0),16/12/25 11:00:00,Annual,Percentage of households,Two adults,Slovenia,2019,84.02,,
ESTAT:ISOC_CI_IN_H(1.0),16/12/25 11:00:00,Annual,Percentage of households,Two adults,Slovenia,2020,85.05,,
ESTAT:ISOC_CI_IN_H(1.0),16/12/25 11:00:00,Annual,Percentage of households,Two adults,Slovenia,2021,92.51,,
ESTAT:ISOC_CI_IN_H(1.0),16/12/25 11:00:00,Annual,Percentage of households,Two adults,Slovenia,2022,92.24,,
ESTAT:ISOC_CI_IN_H(1.0),16/12/25 11:00:00,Annual,Percentage of households,Two adults,Slovenia,2023,91.03,,
ESTAT:ISOC_CI_IN_H(1.0),16/12/25 11:00:00,Annual,Percentage of households,Two adults,Slovenia,2024,92.03,,
ESTAT:ISOC_CI_IN_H(1.0),16/12/25 11:00:00,Annual,Percentage of households,Two adults,Slovenia,2025,93.52,,
ESTAT:ISOC_CI_IN_H(1.0),16/12/25 11:00:00,Annual,Percentage of households,Two adults,Slovakia,2004,19.37,,
ESTAT:ISOC_CI_IN_H(1.0),16/12/25 11:00:00,Annual,Percentage of households,Two adults,Slovakia,2005,16.35,,
ESTAT:ISOC_CI_IN_H(1.0),16/12/25 11:00:00,Annual,Percentage of households,Two adults,Slovakia,2006,18.39,,
ESTAT:ISOC_CI_IN_H(1.0),16/12/25 11:00:00,Annual,Percentage of households,Two adults,Slovakia,2007,31.53,,
ESTAT:ISOC_CI_IN_H(1.0),16/12/25 11:00:00,Annual,Percentage of households,Two adults,Slovakia,2008,48.53,,
ESTAT:ISOC_CI_IN_H(1.0),16/12/25 11:00:00,Annual,Percentage of households,Two adults,Slovakia,2009,48.39,,
ESTAT:ISOC_CI_IN_H(1.0),16/12/25 11:00:00,Annual,Percentage of households,Two adults,Slovakia,2010,55.39,,
ESTAT:ISOC_CI_IN_H(1.0),16/12/25 11:00:00,Annual,Percentage of households,Two adults,Slovakia,2011,63.02,,
ESTAT:ISOC_CI_IN_H(1.0),16/12/25 11:00:00,Annual,Percentage of households,Two adults,Slovakia,2012,66.19,,
ESTAT:ISOC_CI_IN_H(1.0),16/12/25 11:00:00,Annual,Percentage of households,Two adults,Slovakia,2013,71.57,,
ESTAT:ISOC_CI_IN_H(1.0),16/12/25 11:00:00,Annual,Percentage of households,Two adults,Slovakia,2014,74.01,,
ESTAT:ISOC_CI_IN_H(1.0),16/12/25 11:00:00,Annual,Percentage of households,Two adults,Slovakia,2015,74.26,,
ESTAT:ISOC_CI_IN_H(1.0),16/12/25 11:00:00,Annual,Percentage of households,Two adults,Slovakia,2016,74.77,,
ESTAT:ISOC_CI_IN_H(1.0),16/12/25 11:00:00,Annual,Percentage of households,Two adults,Slovakia,2017,72.09,,
ESTAT:ISOC_CI_IN_H(1.0),16/12/25 11:00:00,Annual,Percentage of households,Two adults,Slovakia,2018,72.08,,
ESTAT:ISOC_CI_IN_H(1.0),16/12/25 11:00:00,Annual,Percentage of households,Two adults,Slovakia,2019,76.26,,
ESTAT:ISOC_CI_IN_H(1.0),16/12/25 11:00:00,Annual,Percentage of households,Two adults,Slovakia,2020,82.50,,
ESTAT:ISOC_CI_IN_H(1.0),16/12/25 11:00:00,Annual,Percentage of households,Two adults,Slovakia,2021,85.57,,
ESTAT:ISOC_CI_IN_H(1.0),16/12/25 11:00:00,Annual,Percentage of households,Two adults,Slovakia,2022,85.94,,
ESTAT:ISOC_CI_IN_H(1.0),16/12/25 11:00:00,Annual,Percentage of households,Two adults,Slovakia,2023,87.10,,
ESTAT:ISOC_CI_IN_H(1.0),16/12/25 11:00:00,Annual,Percentage of households,Two adults,Slovakia,2024,90.59,,
ESTAT:ISOC_CI_IN_H(1.0),16/12/25 11:00:00,Annual,Percentage of households,Two adults,Slovakia,2025,91.54,,
ESTAT:ISOC_CI_IN_H(1.0),16/12/25 11:00:00,Annual,Percentage of households,Two adults,Türkiye,2004,4.28,,
ESTAT:ISOC_CI_IN_H(1.0),16/12/25 11:00:00,Annual,Percentage of households,Two adults,Türkiye,2007,11.71,,
ESTAT:ISOC_CI_IN_H(1.0),16/12/25 11:00:00,Annual,Percentage of households,Two adults,Türkiye,2008,16.13,,
ESTAT:ISOC_CI_IN_H(1.0),16/12/25 11:00:00,Annual,Percentage of households,Two adults,Türkiye,2009,18.72,,
ESTAT:ISOC_CI_IN_H(1.0),16/12/25 11:00:00,Annual,Percentage of households,Two adults,Türkiye,2010,28.70,,
ESTAT:ISOC_CI_IN_H(1.0),16/12/25 11:00:00,Annual,Percentage of households,Two adults,Türkiye,2012,34.39,,
ESTAT:ISOC_CI_IN_H(1.0),16/12/25 11:00:00,Annual,Percentage of households,Two adults,Türkiye,2013,34.38,,
ESTAT:ISOC_CI_IN_H(1.0),16/12/25 11:00:00,Annual,Percentage of households,Two adults,Türkiye,2020,78.49,,
ESTAT:ISOC_CI_IN_H(1.0),16/12/25 11:00:00,Annual,Percentage of households,Two adults,Türkiye,2022,86.39,,
ESTAT:ISOC_CI_IN_H(1.0),16/12/25 11:00:00,Annual,Percentage of households,Two adults,Türkiye,2023,89.98,,
ESTAT:ISOC_CI_IN_H(1.0),16/12/25 11:00:00,Annual,Percentage of households,Two adults,Türkiye,2024,92.28,,
ESTAT:ISOC_CI_IN_H(1.0),16/12/25 11:00:00,Annual,Percentage of households,Two adults,Türkiye,2025,91.35,,
ESTAT:ISOC_CI_IN_H(1.0),16/12/25 11:00:00,Annual,Percentage of households,Two adults,United Kingdom,2002,47.67,,
ESTAT:ISOC_CI_IN_H(1.0),16/12/25 11:00:00,Annual,Percentage of households,Two adults,United Kingdom,2003,53.72,,
ESTAT:ISOC_CI_IN_H(1.0),16/12/25 11:00:00,Annual,Percentage of households,Two adults,United Kingdom,2004,51.90,,
ESTAT:ISOC_CI_IN_H(1.0),16/12/25 11:00:00,Annual,Percentage of households,Two adults,United Kingdom,2005,59.59,,
ESTAT:ISOC_CI_IN_H(1.0),16/12/25 11:00:00,Annual,Percentage of households,Two adults,United Kingdom,2006,62.12,,
ESTAT:ISOC_CI_IN_H(1.0),16/12/25 11:00:00,Annual,Percentage of households,Two adults,United Kingdom,2007,69.36,,
ESTAT:ISOC_CI_IN_H(1.0),16/12/25 11:00:00,Annual,Percentage of households,Two adults,United Kingdom,2008,73.32,,
ESTAT:ISOC_CI_IN_H(1.0),16/12/25 11:00:00,Annual,Percentage of households,Two adults,United Kingdom,2009,78.10,,
ESTAT:ISOC_CI_IN_H(1.0),16/12/25 11:00:00,Annual,Percentage of households,Two adults,United Kingdom,2010,80.12,,
ESTAT:ISOC_CI_IN_H(1.0),16/12/25 11:00:00,Annual,Percentage of households,Two adults,United Kingdom,2011,82.10,,
ESTAT:ISOC_CI_IN_H(1.0),16/12/25 11:00:00,Annual,Percentage of households,Two adults,United Kingdom,2012,88.87,,
ESTAT:ISOC_CI_IN_H(1.0),16/12/25 11:00:00,Annual,Percentage of households,Two adults,United Kingdom,2013,88.31,,
ESTAT:ISOC_CI_IN_H(1.0),16/12/25 11:00:00,Annual,Percentage of households,Two adults,United Kingdom,2014,93.78,,
ESTAT:ISOC_CI_IN_H(1.0),16/12/25 11:00:00,Annual,Percentage of households,Two adults,United Kingdom,2015,93.55,,
ESTAT:ISOC_CI_IN_H(1.0),16/12/25 11:00:00,Annual,Percentage of households,Two adults,United Kingdom,2016,95.57,,
ESTAT:ISOC_CI_IN_H(1.0),16/12/25 11:00:00,Annual,Percentage of households,Two adults,United Kingdom,2017,95.17,,
ESTAT:ISOC_CI_IN_H(1.0),16/12/25 11:00:00,Annual,Percentage of households,Two adults,United Kingdom,2018,96.22,,
ESTAT:ISOC_CI_IN_H(1.0),16/12/25 11:00:00,Annual,Percentage of households,Two adults,United Kingdom,2019,96.52,,
ESTAT:ISOC_CI_IN_H(1.0),16/12/25 11:00:00,Annual,Percentage of households,Two adults,United Kingdom,2020,97.88,,
ESTAT:ISOC_CI_IN_H(1.0),16/12/25 11:00:00,Annual,Percentage of households,Two adults,Kosovo*,2017,70.02,,
ESTAT:ISOC_CI_IN_H(1.0),16/12/25 11:00:00,Annual,Percentage of households,Two adults,Kosovo*,2018,82.22,,
ESTAT:ISOC_CI_IN_H(1.0),16/12/25 11:00:00,Annual,Percentage of households,Two adults,Kosovo*,2019,81.66,,
ESTAT:ISOC_CI_IN_H(1.0),16/12/25 11:00:00,Annual,Percentage of households,Two adults,Kosovo*,2020,89.57,,
ESTAT:ISOC_CI_IN_H(1.0),16/12/25 11:00:00,Annual,Percentage of households,Two adults,Kosovo*,2024,99.76,,
ESTAT:ISOC_CI_IN_H(1.0),16/12/25 11:00:00,Annual,Percentage of households,Two adults with dependent children,Albania,2018,84.84,,
ESTAT:ISOC_CI_IN_H(1.0),16/12/25 11:00:00,Annual,Percentage of households,Two adults with dependent children,Albania,2019,89.40,,
ESTAT:ISOC_CI_IN_H(1.0),16/12/25 11:00:00,Annual,Percentage of households,Two adults with dependent children,Albania,2020,88.88,,
ESTAT:ISOC_CI_IN_H(1.0),16/12/25 11:00:00,Annual,Percentage of households,Two adults with dependent children,Albania,2021,93.42,,
ESTAT:ISOC_CI_IN_H(1.0),16/12/25 11:00:00,Annual,Percentage of households,Two adults with dependent children,Albania,2022,100.00,,
ESTAT:ISOC_CI_IN_H(1.0),16/12/25 11:00:00,Annual,Percentage of households,Two adults with dependent children,Albania,2023,99.85,,
ESTAT:ISOC_CI_IN_H(1.0),16/12/25 11:00:00,Annual,Percentage of households,Two adults with dependent children,Albania,2024,100.00,,
ESTAT:ISOC_CI_IN_H(1.0),16/12/25 11:00:00,Annual,Percentage of households,Two adults with dependent children,Austria,2002,44.81,,
ESTAT:ISOC_CI_IN_H(1.0),16/12/25 11:00:00,Annual,Percentage of households,Two adults with dependent children,Austria,2003,51.34,,
ESTAT:ISOC_CI_IN_H(1.0),16/12/25 11:00:00,Annual,Percentage of households,Two adults with dependent children,Austria,2004,63.35,,
ESTAT:ISOC_CI_IN_H(1.0),16/12/25 11:00:00,Annual,Percentage of households,Two adults with dependent children,Austria,2005,64.57,,
ESTAT:ISOC_CI_IN_H(1.0),16/12/25 11:00:00,Annual,Percentage of households,Two adults with dependent children,Austria,2006,69.02,,
ESTAT:ISOC_CI_IN_H(1.0),16/12/25 11:00:00,Annual,Percentage of households,Two adults with dependent children,Austria,2007,78.35,,
ESTAT:ISOC_CI_IN_H(1.0),16/12/25 11:00:00,Annual,Percentage of households,Two adults with dependent children,Austria,2008,84.59,,
ESTAT:ISOC_CI_IN_H(1.0),16/12/25 11:00:00,Annual,Percentage of households,Two adults with dependent children,Austria,2009,91.56,,
ESTAT:ISOC_CI_IN_H(1.0),16/12/25 11:00:00,Annual,Percentage of households,Two adults with dependent children,Austria,2010,94.06,,
ESTAT:ISOC_CI_IN_H(1.0),16/12/25 11:00:00,Annual,Percentage of households,Two adults with dependent children,Austria,2011,95.93,,
ESTAT:ISOC_CI_IN_H(1.0),16/12/25 11:00:00,Annual,Percentage of households,Two adults with dependent children,Austria,2012,97.20,,
ESTAT:ISOC_CI_IN_H(1.0),16/12/25 11:00:00,Annual,Percentage of households,Two adults with dependent children,Austria,2013,97.65,,
ESTAT:ISOC_CI_IN_H(1.0),16/12/25 11:00:00,Annual,Percentage of households,Two adults with dependent children,Austria,2014,97.83,,
ESTAT:ISOC_CI_IN_H(1.0),16/12/25 11:00:00,Annual,Percentage of households,Two adults with dependent children,Austria,2015,99.26,,
ESTAT:ISOC_CI_IN_H(1.0),16/12/25 11:00:00,Annual,Percentage of households,Two adults with dependent children,Austria,2016,98.61,,
ESTAT:ISOC_CI_IN_H(1.0),16/12/25 11:00:00,Annual,Percentage of households,Two adults with dependent children,Austria,2017,99.10,,
ESTAT:ISOC_CI_IN_H(1.0),16/12/25 11:00:00,Annual,Percentage of households,Two adults with dependent children,Austria,2018,98.85,,
ESTAT:ISOC_CI_IN_H(1.0),16/12/25 11:00:00,Annual,Percentage of households,Two adults with dependent children,Austria,2019,98.44,,
ESTAT:ISOC_CI_IN_H(1.0),16/12/25 11:00:00,Annual,Percentage of households,Two adults with dependent children,Austria,2020,98.69,,
ESTAT:ISOC_CI_IN_H(1.0),16/12/25 11:00:00,Annual,Percentage of households,Two adults with dependent children,Austria,2021,99.90,,
ESTAT:ISOC_CI_IN_H(1.0),16/12/25 11:00:00,Annual,Percentage of households,Two adults with dependent children,Austria,2022,98.63,,
ESTAT:ISOC_CI_IN_H(1.0),16/12/25 11:00:00,Annual,Percentage of households,Two adults with dependent children,Austria,2023,100.00,,
ESTAT:ISOC_CI_IN_H(1.0),16/12/25 11:00:00,Annual,Percentage of households,Two adults with dependent children,Austria,2024,99.38,,
ESTAT:ISOC_CI_IN_H(1.0),16/12/25 11:00:00,Annual,Percentage of households,Two adults with dependent children,Austria,2025,100.00,,
ESTAT:ISOC_CI_IN_H(1.0),16/12/25 11:00:00,Annual,Percentage of households,Two adults with dependent children,Bosnia and Herzegovina,2018,80.67,,
ESTAT:ISOC_CI_IN_H(1.0),16/12/25 11:00:00,Annual,Percentage of households,Two adults with dependent children,Bosnia and Herzegovina,2019,80.22,,
ESTAT:ISOC_CI_IN_H(1.0),16/12/25 11:00:00,Annual,Percentage of households,Two adults with dependent children,Bosnia and Herzegovina,2020,91.77,,
ESTAT:ISOC_CI_IN_H(1.0),16/12/25 11:00:00,Annual,Percentage of households,Two adults with dependent children,Bosnia and Herzegovina,2021,97.66,,
ESTAT:ISOC_CI_IN_H(1.0),16/12/25 11:00:00,Annual,Percentage of households,Two adults with dependent children,Bosnia and Herzegovina,2023,97.97,,
ESTAT:ISOC_CI_IN_H(1.0),16/12/25 11:00:00,Annual,Percentage of households,Two adults with dependent children,Bosnia and Herzegovina,2024,99.84,,
ESTAT:ISOC_CI_IN_H(1.0),16/12/25 11:00:00,Annual,Percentage of households,Two adults with dependent children,Bosnia and Herzegovina,2025,98.71,,
ESTAT:ISOC_CI_IN_H(1.0),16/12/25 11:00:00,Annual,Percentage of households,Two adults with dependent children,Belgium,2005,70.86,,
ESTAT:ISOC_CI_IN_H(1.0),16/12/25 11:00:00,Annual,Percentage of households,Two adults with dependent children,Belgium,2006,74.91,,
ESTAT:ISOC_CI_IN_H(1.0),16/12/25 11:00:00,Annual,Percentage of households,Two adults with dependent children,Belgium,2007,79.69,,
ESTAT:ISOC_CI_IN_H(1.0),16/12/25 11:00:00,Annual,Percentage of households,Two adults with dependent children,Belgium,2008,82.35,,
ESTAT:ISOC_CI_IN_H(1.0),16/12/25 11:00:00,Annual,Percentage of households,Two adults with dependent children,Belgium,2009,86.35,,
ESTAT:ISOC_CI_IN_H(1.0),16/12/25 11:00:00,Annual,Percentage of households,Two adults with dependent children,Belgium,2010,90.12,,
ESTAT:ISOC_CI_IN_H(1.0),16/12/25 11:00:00,Annual,Percentage of households,Two adults with dependent children,Belgium,2011,92.15,,
ESTAT:ISOC_CI_IN_H(1.0),16/12/25 11:00:00,Annual,Percentage of households,Two adults with dependent children,Belgium,2012,95.24,,
ESTAT:ISOC_CI_IN_H(1.0),16/12/25 11:00:00,Annual,Percentage of households,Two adults with dependent children,Belgium,2013,95.11,,
ESTAT:ISOC_CI_IN_H(1.0),16/12/25 11:00:00,Annual,Percentage of households,Two adults with dependent children,Belgium,2014,95.47,,
ESTAT:ISOC_CI_IN_H(1.0),16/12/25 11:00:00,Annual,Percentage of households,Two adults with dependent children,Belgium,2015,96.72,,
ESTAT:ISOC_CI_IN_H(1.0),16/12/25 11:00:00,Annual,Percentage of households,Two adults with dependent children,Belgium,2016,95.82,,
ESTAT:ISOC_CI_IN_H(1.0),16/12/25 11:00:00,Annual,Percentage of households,Two adults with dependent children,Belgium,2017,97.35,,
ESTAT:ISOC_CI_IN_H(1.0),16/12/25 11:00:00,Annual,Percentage of households,Two adults with dependent children,Belgium,2018,98.47,,
ESTAT:ISOC_CI_IN_H(1.0),16/12/25 11:00:00,Annual,Percentage of households,Two adults with dependent children,Belgium,2019,98.55,,
ESTAT:ISOC_CI_IN_H(1.0),16/12/25 11:00:00,Annual,Percentage of households,Two adults with dependent children,Belgium,2020,98.16,,
ESTAT:ISOC_CI_IN_H(1.0),16/12/25 11:00:00,Annual,Percentage of households,Two adults with dependent children,Belgium,2021,98.98,,
ESTAT:ISOC_CI_IN_H(1.0),16/12/25 11:00:00,Annual,Percentage of households,Two adults with dependent children,Belgium,2022,98.99,,
ESTAT:ISOC_CI_IN_H(1.0),16/12/25 11:00:00,Annual,Percentage of households,Two adults with dependent children,Belgium,2023,99.22,,
ESTAT:ISOC_CI_IN_H(1.0),16/12/25 11:00:00,Annual,Percentage of households,Two adults with dependent children,Belgium,2024,99.68,,
ESTAT:ISOC_CI_IN_H(1.0),16/12/25 11:00:00,Annual,Percentage of households,Two adults with dependent children,Belgium,2025,98.86,,
ESTAT:ISOC_CI_IN_H(1.0),16/12/25 11:00:00,Annual,Percentage of households,Two adults with dependent children,Bulgaria,2004,15.28,,
ESTAT:ISOC_CI_IN_H(1.0),16/12/25 11:00:00,Annual,Percentage of households,Two adults with dependent children,Bulgaria,2007,38.46,,
ESTAT:ISOC_CI_IN_H(1.0),16/12/25 11:00:00,Annual,Percentage of households,Two adults with dependent children,Bulgaria,2008,49.50,,
ESTAT:ISOC_CI_IN_H(1.0),16/12/25 11:00:00,Annual,Percentage of households,Two adults with dependent children,Bulgaria,2009,64.51,,
ESTAT:ISOC_CI_IN_H(1.0),16/12/25 11:00:00,Annual,Percentage of households,Two adults with dependent children,Bulgaria,2010,66.32,,
ESTAT:ISOC_CI_IN_H(1.0),16/12/25 11:00:00,Annual,Percentage of households,Two adults with dependent children,Bulgaria,2011,70.20,,
ESTAT:ISOC_CI_IN_H(1.0),16/12/25 11:00:00,Annual,Percentage of households,Two adults with dependent children,Bulgaria,2012,74.98,,
ESTAT:ISOC_CI_IN_H(1.0),16/12/25 11:00:00,Annual,Percentage of households,Two adults with dependent children,Bulgaria,2013,77.85,,
ESTAT:ISOC_CI_IN_H(1.0),16/12/25 11:00:00,Annual,Percentage of households,Two adults with dependent children,Bulgaria,2014,83.65,,
ESTAT:ISOC_CI_IN_H(1.0),16/12/25 11:00:00,Annual,Percentage of households,Two adults with dependent children,Bulgaria,2015,88.31,,
ESTAT:ISOC_CI_IN_H(1.0),16/12/25 11:00:00,Annual,Percentage of households,Two adults with dependent children,Bulgaria,2016,90.34,,
ESTAT:ISOC_CI_IN_H(1.0),16/12/25 11:00:00,Annual,Percentage of households,Two adults with dependent children,Bulgaria,2017,91.07,,
ESTAT:ISOC_CI_IN_H(1.0),16/12/25 11:00:00,Annual,Percentage of households,Two adults with dependent children,Bulgaria,2018,92.03,,
ESTAT:ISOC_CI_IN_H(1.0),16/12/25 11:00:00,Annual,Percentage of households,Two adults with dependent children,Bulgaria,2019,94.85,,
ESTAT:ISOC_CI_IN_H(1.0),16/12/25 11:00:00,Annual,Percentage of households,Two adults with dependent children,Bulgaria,2020,95.48,,
ESTAT:ISOC_CI_IN_H(1.0),16/12/25 11:00:00,Annual,Percentage of households,Two adults with dependent children,Bulgaria,2021,96.90,,
ESTAT:ISOC_CI_IN_H(1.0),16/12/25 11:00:00,Annual,Percentage of households,Two adults with dependent children,Bulgaria,2022,96.89,,
ESTAT:ISOC_CI_IN_H(1.0),16/12/25 11:00:00,Annual,Percentage of households,Two adults with dependent children,Bulgaria,2023,96.92,,
ESTAT:ISOC_CI_IN_H(1.0),16/12/25 11:00:00,Annual,Percentage of households,Two adults with dependent children,Bulgaria,2024,98.87,,
ESTAT:ISOC_CI_IN_H(1.0),16/12/25 11:00:00,Annual,Percentage of households,Two adults with dependent children,Bulgaria,2025,100.00,,
ESTAT:ISOC_CI_IN_H(1.0),16/12/25 11:00:00,Annual,Percentage of households,Two adults with dependent children,Switzerland,2014,99.31,,
ESTAT:ISOC_CI_IN_H(1.0),16/12/25 11:00:00,Annual,Percentage of households,Two adults with dependent children,Switzerland,2017,98.52,b,
ESTAT:ISOC_CI_IN_H(1.0),16/12/25 11:00:00,Annual,Percentage of households,Two adults with dependent children,Switzerland,2019,98.33,,
ESTAT:ISOC_CI_IN_H(1.0),16/12/25 11:00:00,Annual,Percentage of households,Two adults with dependent children,Switzerland,2021,99.73,,
ESTAT:ISOC_CI_IN_H(1.0),16/12/25 11:00:00,Annual,Percentage of households,Two adults with dependent children,Switzerland,2023,100.00,,
ESTAT:ISOC_CI_IN_H(1.0),16/12/25 11:00:00,Annual,Percentage of households,Two adults with dependent children,Switzerland,2025,100.00,,
ESTAT:ISOC_CI_IN_H(1.0),16/12/25 11:00:00,Annual,Percentage of households,Two adults with dependent children,Cyprus,2004,55.97,,
ESTAT:ISOC_CI_IN_H(1.0),16/12/25 11:00:00,Annual,Percentage of households,Two adults with dependent children,Cyprus,2005,39.81,,
ESTAT:ISOC_CI_IN_H(1.0),16/12/25 11:00:00,Annual,Percentage of households,Two adults with dependent children,Cyprus,2006,46.91,,
ESTAT:ISOC_CI_IN_H(1.0),16/12/25 11:00:00,Annual,Percentage of households,Two adults with dependent children,Cyprus,2007,51.02,,
ESTAT:ISOC_CI_IN_H(1.0),16/12/25 11:00:00,Annual,Percentage of households,Two adults with dependent children,Cyprus,2008,58.07,,
ESTAT:ISOC_CI_IN_H(1.0),16/12/25 11:00:00,Annual,Percentage of households,Two adults with dependent children,Cyprus,2009,68.51,,
ESTAT:ISOC_CI_IN_H(1.0),16/12/25 11:00:00,Annual,Percentage of households,Two adults with dependent children,Cyprus,2010,73.49,,
ESTAT:ISOC_CI_IN_H(1.0),16/12/25 11:00:00,Annual,Percentage of households,Two adults with dependent children,Cyprus,2011,76.41,,
ESTAT:ISOC_CI_IN_H(1.0),16/12/25 11:00:00,Annual,Percentage of households,Two adults with dependent children,Cyprus,2012,78.40,,
ESTAT:ISOC_CI_IN_H(1.0),16/12/25 11:00:00,Annual,Percentage of households,Two adults with dependent children,Cyprus,2013,83.12,,
ESTAT:ISOC_CI_IN_H(1.0),16/12/25 11:00:00,Annual,Percentage of households,Two adults with dependent children,Cyprus,2014,88.18,,
ESTAT:ISOC_CI_IN_H(1.0),16/12/25 11:00:00,Annual,Percentage of households,Two adults with dependent children,Cyprus,2015,90.52,,
ESTAT:ISOC_CI_IN_H(1.0),16/12/25 11:00:00,Annual,Percentage of households,Two adults with dependent children,Cyprus,2016,94.59,,
ESTAT:ISOC_CI_IN_H(1.0),16/12/25 11:00:00,Annual,Percentage of households,Two adults with dependent children,Cyprus,2017,94.49,,
ESTAT:ISOC_CI_IN_H(1.0),16/12/25 11:00:00,Annual,Percentage of households,Two adults with dependent children,Cyprus,2018,96.88,,
ESTAT:ISOC_CI_IN_H(1.0),16/12/25 11:00:00,Annual,Percentage of households,Two adults with dependent children,Cyprus,2019,99.75,,
ESTAT:ISOC_CI_IN_H(1.0),16/12/25 11:00:00,Annual,Percentage of households,Two adults with dependent children,Cyprus,2020,99.87,,
ESTAT:ISOC_CI_IN_H(1.0),16/12/25 11:00:00,Annual,Percentage of households,Two adults with dependent children,Cyprus,2021,99.18,,
ESTAT:ISOC_CI_IN_H(1.0),16/12/25 11:00:00,Annual,Percentage of households,Two adults with dependent children,Cyprus,2022,100.00,,
ESTAT:ISOC_CI_IN_H(1.0),16/12/25 11:00:00,Annual,Percentage of households,Two adults with dependent children,Cyprus,2023,99.48,,
ESTAT:ISOC_CI_IN_H(1.0),16/12/25 11:00:00,Annual,Percentage of households,Two adults with dependent children,Cyprus,2024,100.00,,
ESTAT:ISOC_CI_IN_H(1.0),16/12/25 11:00:00,Annual,Percentage of households,Two adults with dependent children,Cyprus,2025,99.25,,
ESTAT:ISOC_CI_IN_H(1.0),16/12/25 11:00:00,Annual,Percentage of households,Two adults with dependent children,Czechia,2004,35.59,,
ESTAT:ISOC_CI_IN_H(1.0),16/12/25 11:00:00,Annual,Percentage of households,Two adults with dependent children,Czechia,2005,34.59,,
ESTAT:ISOC_CI_IN_H(1.0),16/12/25 11:00:00,Annual,Percentage of households,Two adults with dependent children,Czechia,2006,48.49,,
ESTAT:ISOC_CI_IN_H(1.0),16/12/25 11:00:00,Annual,Percentage of households,Two adults with dependent children,Czechia,2007,52.36,,
ESTAT:ISOC_CI_IN_H(1.0),16/12/25 11:00:00,Annual,Percentage of households,Two adults with dependent children,Czechia,2008,64.20,,
ESTAT:ISOC_CI_IN_H(1.0),16/12/25 11:00:00,Annual,Percentage of households,Two adults with dependent children,Czechia,2009,78.26,,
ESTAT:ISOC_CI_IN_H(1.0),16/12/25 11:00:00,Annual,Percentage of households,Two adults with dependent children,Czechia,2010,80.14,,
ESTAT:ISOC_CI_IN_H(1.0),16/12/25 11:00:00,Annual,Percentage of households,Two adults with dependent children,Czechia,2011,85.17,,
ESTAT:ISOC_CI_IN_H(1.0),16/12/25 11:00:00,Annual,Percentage of households,Two adults with dependent children,Czechia,2012,91.28,,
ESTAT:ISOC_CI_IN_H(1.0),16/12/25 11:00:00,Annual,Percentage of households,Two adults with dependent children,Czechia,2013,92.30,,
ESTAT:ISOC_CI_IN_H(1.0),16/12/25 11:00:00,Annual,Percentage of households,Two adults with dependent children,Czechia,2014,93.64,,
ESTAT:ISOC_CI_IN_H(1.0),16/12/25 11:00:00,Annual,Percentage of households,Two adults with dependent children,Czechia,2015,93.69,,
ESTAT:ISOC_CI_IN_H(1.0),16/12/25 11:00:00,Annual,Percentage of households,Two adults with dependent children,Czechia,2016,95.70,,
ESTAT:ISOC_CI_IN_H(1.0),16/12/25 11:00:00,Annual,Percentage of households,Two adults with dependent children,Czechia,2017,96.96,,
ESTAT:ISOC_CI_IN_H(1.0),16/12/25 11:00:00,Annual,Percentage of households,Two adults with dependent children,Czechia,2018,98.26,,
ESTAT:ISOC_CI_IN_H(1.0),16/12/25 11:00:00,Annual,Percentage of households,Two adults with dependent children,Czechia,2019,98.28,,
ESTAT:ISOC_CI_IN_H(1.0),16/12/25 11:00:00,Annual,Percentage of households,Two adults with dependent children,Czechia,2020,98.57,,
ESTAT:ISOC_CI_IN_H(1.0),16/12/25 11:00:00,Annual,Percentage of households,Two adults with dependent children,Czechia,2021,99.56,,
ESTAT:ISOC_CI_IN_H(1.0),16/12/25 11:00:00,Annual,Percentage of households,Two adults with dependent children,Czechia,2022,99.59,,
ESTAT:ISOC_CI_IN_H(1.0),16/12/25 11:00:00,Annual,Percentage of households,Two adults with dependent children,Czechia,2023,98.62,,
ESTAT:ISOC_CI_IN_H(1.0),16/12/25 11:00:00,Annual,Percentage of households,Two adults with dependent children,Czechia,2024,99.54,,
ESTAT:ISOC_CI_IN_H(1.0),16/12/25 11:00:00,Annual,Percentage of households,Two adults with dependent children,Czechia,2025,99.20,,
ESTAT:ISOC_CI_IN_H(1.0),16/12/25 11:00:00,Annual,Percentage of households,Two adults with dependent children,Germany,2002,67.86,,
ESTAT:ISOC_CI_IN_H(1.0),16/12/25 11:00:00,Annual,Percentage of households,Two adults with dependent children,Germany,2003,78.47,,
ESTAT:ISOC_CI_IN_H(1.0),16/12/25 11:00:00,Annual,Percentage of households,Two adults with dependent children,Germany,2004,82.93,,
ESTAT:ISOC_CI_IN_H(1.0),16/12/25 11:00:00,Annual,Percentage of households,Two adults with dependent children,Germany,2005,84.97,,
ESTAT:ISOC_CI_IN_H(1.0),16/12/25 11:00:00,Annual,Percentage of households,Two adults with dependent children,Germany,2006,88.49,,
ESTAT:ISOC_CI_IN_H(1.0),16/12/25 11:00:00,Annual,Percentage of households,Two adults with dependent children,Germany,2007,91.33,,
ESTAT:ISOC_CI_IN_H(1.0),16/12/25 11:00:00,Annual,Percentage of households,Two adults with dependent children,Germany,2008,95.08,,
ESTAT:ISOC_CI_IN_H(1.0),16/12/25 11:00:00,Annual,Percentage of households,Two adults with dependent children,Germany,2009,96.88,,
ESTAT:ISOC_CI_IN_H(1.0),16/12/25 11:00:00,Annual,Percentage of households,Two adults with dependent children,Germany,2010,97.93,,
ESTAT:ISOC_CI_IN_H(1.0),16/12/25 11:00:00,Annual,Percentage of households,Two adults with dependent children,Germany,2011,98.32,,
ESTAT:ISOC_CI_IN_H(1.0),16/12/25 11:00:00,Annual,Percentage of households,Two adults with dependent children,Germany,2012,98.97,,
ESTAT:ISOC_CI_IN_H(1.0),16/12/25 11:00:00,Annual,Percentage of households,Two adults with dependent children,Germany,2013,98.92,,
ESTAT:ISOC_CI_IN_H(1.0),16/12/25 11:00:00,Annual,Percentage of households,Two adults with dependent children,Germany,2014,99.49,,
ESTAT:ISOC_CI_IN_H(1.0),16/12/25 11:00:00,Annual,Percentage of households,Two adults with dependent children,Germany,2015,99.71,,
ESTAT:ISOC_CI_IN_H(1.0),16/12/25 11:00:00,Annual,Percentage of households,Two adults with dependent children,Germany,2016,99.69,,
ESTAT:ISOC_CI_IN_H(1.0),16/12/25 11:00:00,Annual,Percentage of households,Two adults with dependent children,Germany,2017,99.70,,
ESTAT:ISOC_CI_IN_H(1.0),16/12/25 11:00:00,Annual,Percentage of households,Two adults with dependent children,Germany,2018,99.85,,
ESTAT:ISOC_CI_IN_H(1.0),16/12/25 11:00:00,Annual,Percentage of households,Two adults with dependent children,Germany,2019,99.65,,
ESTAT:ISOC_CI_IN_H(1.0),16/12/25 11:00:00,Annual,Percentage of households,Two adults with dependent children,Germany,2020,99.95,,
ESTAT:ISOC_CI_IN_H(1.0),16/12/25 11:00:00,Annual,Percentage of households,Two adults with dependent children,Germany,2021,98.70,b,
ESTAT:ISOC_CI_IN_H(1.0),16/12/25 11:00:00,Annual,Percentage of households,Two adults with dependent children,Germany,2022,98.03,,
ESTAT:ISOC_CI_IN_H(1.0),16/12/25 11:00:00,Annual,Percentage of households,Two adults with dependent children,Germany,2023,98.04,,
ESTAT:ISOC_CI_IN_H(1.0),16/12/25 11:00:00,Annual,Percentage of households,Two adults with dependent children,Germany,2024,98.22,,
ESTAT:ISOC_CI_IN_H(1.0),16/12/25 11:00:00,Annual,Percentage of households,Two adults with dependent children,Germany,2025,98.44,,
ESTAT:ISOC_CI_IN_H(1.0),16/12/25 11:00:00,Annual,Percentage of households,Two adults with dependent children,Denmark,2002,75.86,,
ESTAT:ISOC_CI_IN_H(1.0),16/12/25 11:00:00,Annual,Percentage of households,Two adults with dependent children,Denmark,2003,83.91,,
ESTAT:ISOC_CI_IN_H(1.0),16/12/25 11:00:00,Annual,Percentage of households,Two adults with dependent children,Denmark,2004,87.93,,
ESTAT:ISOC_CI_IN_H(1.0),16/12/25 11:00:00,Annual,Percentage of households,Two adults with dependent children,Denmark,2005,93.51,,
ESTAT:ISOC_CI_IN_H(1.0),16/12/25 11:00:00,Annual,Percentage of households,Two adults with dependent children,Denmark,2006,95.08,,
ESTAT:ISOC_CI_IN_H(1.0),16/12/25 11:00:00,Annual,Percentage of households,Two adults with dependent children,Denmark,2007,95.76,,
ESTAT:ISOC_CI_IN_H(1.0),16/12/25 11:00:00,Annual,Percentage of households,Two adults with dependent children,Denmark,2008,96.00,,
ESTAT:ISOC_CI_IN_H(1.0),16/12/25 11:00:00,Annual,Percentage of households,Two adults with dependent children,Denmark,2009,97.03,,
ESTAT:ISOC_CI_IN_H(1.0),16/12/25 11:00:00,Annual,Percentage of households,Two adults with dependent children,Denmark,2010,97.62,,
ESTAT:ISOC_CI_IN_H(1.0),16/12/25 11:00:00,Annual,Percentage of households,Two adults with dependent children,Denmark,2011,98.52,,
ESTAT:ISOC_CI_IN_H(1.0),16/12/25 11:00:00,Annual,Percentage of households,Two adults with dependent children,Denmark,2012,99.47,,
ESTAT:ISOC_CI_IN_H(1.0),16/12/25 11:00:00,Annual,Percentage of households,Two adults with dependent children,Denmark,2013,98.00,,
ESTAT:ISOC_CI_IN_H(1.0),16/12/25 11:00:00,Annual,Percentage of households,Two adults with dependent children,Denmark,2014,97.53,,
ESTAT:ISOC_CI_IN_H(1.0),16/12/25 11:00:00,Annual,Percentage of households,Two adults with dependent children,Denmark,2015,98.45,,
ESTAT:ISOC_CI_IN_H(1.0),16/12/25 11:00:00,Annual,Percentage of households,Two adults with dependent children,Denmark,2016,98.68,,
ESTAT:ISOC_CI_IN_H(1.0),16/12/25 11:00:00,Annual,Percentage of households,Two adults with dependent children,Denmark,2017,100.00,,
ESTAT:ISOC_CI_IN_H(1.0),16/12/25 11:00:00,Annual,Percentage of households,Two adults with dependent children,Denmark,2018,97.83,,
ESTAT:ISOC_CI_IN_H(1.0),16/12/25 11:00:00,Annual,Percentage of households,Two adults with dependent children,Denmark,2019,99.04,,
ESTAT:ISOC_CI_IN_H(1.0),16/12/25 11:00:00,Annual,Percentage of households,Two adults with dependent children,Denmark,2020,98.84,,
ESTAT:ISOC_CI_IN_H(1.0),16/12/25 11:00:00,Annual,Percentage of households,Two adults with dependent children,Denmark,2021,99.49,,
ESTAT:ISOC_CI_IN_H(1.0),16/12/25 11:00:00,Annual,Percentage of households,Two adults with dependent children,Denmark,2022,99.18,,
ESTAT:ISOC_CI_IN_H(1.0),16/12/25 11:00:00,Annual,Percentage of households,Two adults with dependent children,Denmark,2023,98.80,,
ESTAT:ISOC_CI_IN_H(1.0),16/12/25 11:00:00,Annual,Percentage of households,Two adults with dependent children,Denmark,2024,98.77,,
ESTAT:ISOC_CI_IN_H(1.0),16/12/25 11:00:00,Annual,Percentage of households,Two adults with dependent children,Denmark,2025,99.58,,
ESTAT:ISOC_CI_IN_H(1.0),16/12/25 11:00:00,Annual,Percentage of households,Two adults with dependent children,"Euro area (EA11-1999, EA12-2001, EA13-2007, EA15-2008, EA16-2009, EA17-2011, EA18-2014, EA19-2015, EA20-2023, EA21-2026)",2002,48.84,,
ESTAT:ISOC_CI_IN_H(1.0),16/12/25 11:00:00,Annual,Percentage of households,Two adults with dependent children,"Euro area (EA11-1999, EA12-2001, EA13-2007, EA15-2008, EA16-2009, EA17-2011, EA18-2014, EA19-2015, EA20-2023, EA21-2026)",2003,53.93,,
ESTAT:ISOC_CI_IN_H(1.0),16/12/25 11:00:00,Annual,Percentage of households,Two adults with dependent children,"Euro area (EA11-1999, EA12-2001, EA13-2007, EA15-2008, EA16-2009, EA17-2011, EA18-2014, EA19-2015, EA20-2023, EA21-2026)",2004,56.84,,
ESTAT:ISOC_CI_IN_H(1.0),16/12/25 11:00:00,Annual,Percentage of households,Two adults with dependent children,"Euro area (EA11-1999, EA12-2001, EA13-2007, EA15-2008, EA16-2009, EA17-2011, EA18-2014, EA19-2015, EA20-2023, EA21-2026)",2005,64.54,,
ESTAT:ISOC_CI_IN_H(1.0),16/12/25 11:00:00,Annual,Percentage of households,Two adults with dependent children,"Euro area (EA11-1999, EA12-2001, EA13-2007, EA15-2008, EA16-2009, EA17-2011, EA18-2014, EA19-2015, EA20-2023, EA21-2026)",2006,65.07,,
ESTAT:ISOC_CI_IN_H(1.0),16/12/25 11:00:00,Annual,Percentage of households,Two adults with dependent children,"Euro area (EA11-1999, EA12-2001, EA13-2007, EA15-2008, EA16-2009, EA17-2011, EA18-2014, EA19-2015, EA20-2023, EA21-2026)",2007,71.43,,
ESTAT:ISOC_CI_IN_H(1.0),16/12/25 11:00:00,Annual,Percentage of households,Two adults with dependent children,"Euro area (EA11-1999, EA12-2001, EA13-2007, EA15-2008, EA16-2009, EA17-2011, EA18-2014, EA19-2015, EA20-2023, EA21-2026)",2008,77.12,,
ESTAT:ISOC_CI_IN_H(1.0),16/12/25 11:00:00,Annual,Percentage of households,Two adults with dependent children,"Euro area (EA11-1999, EA12-2001, EA13-2007, EA15-2008, EA16-2009, EA17-2011, EA18-2014, EA19-2015, EA20-2023, EA21-2026)",2009,81.86,,
ESTAT:ISOC_CI_IN_H(1.0),16/12/25 11:00:00,Annual,Percentage of households,Two adults with dependent children,"Euro area (EA11-1999, EA12-2001, EA13-2007, EA15-2008, EA16-2009, EA17-2011, EA18-2014, EA19-2015, EA20-2023, EA21-2026)",2010,86.25,,
ESTAT:ISOC_CI_IN_H(1.0),16/12/25 11:00:00,Annual,Percentage of households,Two adults with dependent children,"Euro area (EA11-1999, EA12-2001, EA13-2007, EA15-2008, EA16-2009, EA17-2011, EA18-2014, EA19-2015, EA20-2023, EA21-2026)",2011,89.64,,
ESTAT:ISOC_CI_IN_H(1.0),16/12/25 11:00:00,Annual,Percentage of households,Two adults with dependent children,"Euro area (EA11-1999, EA12-2001, EA13-2007, EA15-2008, EA16-2009, EA17-2011, EA18-2014, EA19-2015, EA20-2023, EA21-2026)",2012,90.66,,
ESTAT:ISOC_CI_IN_H(1.0),16/12/25 11:00:00,Annual,Percentage of households,Two adults with dependent children,"Euro area (EA11-1999, EA12-2001, EA13-2007, EA15-2008, EA16-2009, EA17-2011, EA18-2014, EA19-2015, EA20-2023, EA21-2026)",2013,92.70,,
ESTAT:ISOC_CI_IN_H(1.0),16/12/25 11:00:00,Annual,Percentage of households,Two adults with dependent children,"Euro area (EA11-1999, EA12-2001, EA13-2007, EA15-2008, EA16-2009, EA17-2011, EA18-2014, EA19-2015, EA20-2023, EA21-2026)",2014,94.72,,
ESTAT:ISOC_CI_IN_H(1.0),16/12/25 11:00:00,Annual,Percentage of households,Two adults with dependent children,"Euro area (EA11-1999, EA12-2001, EA13-2007, EA15-2008, EA16-2009, EA17-2011, EA18-2014, EA19-2015, EA20-2023, EA21-2026)",2015,95.66,,
ESTAT:ISOC_CI_IN_H(1.0),16/12/25 11:00:00,Annual,Percentage of households,Two adults with dependent children,"Euro area (EA11-1999, EA12-2001, EA13-2007, EA15-2008, EA16-2009, EA17-2011, EA18-2014, EA19-2015, EA20-2023, EA21-2026)",2016,96.81,,
ESTAT:ISOC_CI_IN_H(1.0),16/12/25 11:00:00,Annual,Percentage of households,Two adults with dependent children,"Euro area (EA11-1999, EA12-2001, EA13-2007, EA15-2008, EA16-2009, EA17-2011, EA18-2014, EA19-2015, EA20-2023, EA21-2026)",2017,96.82,,
ESTAT:ISOC_CI_IN_H(1.0),16/12/25 11:00:00,Annual,Percentage of households,Two adults with dependent children,"Euro area (EA11-1999, EA12-2001, EA13-2007, EA15-2008, EA16-2009, EA17-2011, EA18-2014, EA19-2015, EA20-2023, EA21-2026)",2018,97.99,,
ESTAT:ISOC_CI_IN_H(1.0),16/12/25 11:00:00,Annual,Percentage of households,Two adults with dependent children,"Euro area (EA11-1999, EA12-2001, EA13-2007, EA15-2008, EA16-2009, EA17-2011, EA18-2014, EA19-2015, EA20-2023, EA21-2026)",2019,98.36,,
ESTAT:ISOC_CI_IN_H(1.0),16/12/25 11:00:00,Annual,Percentage of households,Two adults with dependent children,"Euro area (EA11-1999, EA12-2001, EA13-2007, EA15-2008, EA16-2009, EA17-2011, EA18-2014, EA19-2015, EA20-2023, EA21-2026)",2020,98.73,e,
ESTAT:ISOC_CI_IN_H(1.0),16/12/25 11:00:00,Annual,Percentage of households,Two adults with dependent children,"Euro area (EA11-1999, EA12-2001, EA13-2007, EA15-2008, EA16-2009, EA17-2011, EA18-2014, EA19-2015, EA20-2023, EA21-2026)",2021,98.97,b,
ESTAT:ISOC_CI_IN_H(1.0),16/12/25 11:00:00,Annual,Percentage of households,Two adults with dependent children,"Euro area (EA11-1999, EA12-2001, EA13-2007, EA15-2008, EA16-2009, EA17-2011, EA18-2014, EA19-2015, EA20-2023, EA21-2026)",2022,98.85,,
ESTAT:ISOC_CI_IN_H(1.0),16/12/25 11:00:00,Annual,Percentage of households,Two adults with dependent children,"Euro area (EA11-1999, EA12-2001, EA13-2007, EA15-2008, EA16-2009, EA17-2011, EA18-2014, EA19-2015, EA20-2023, EA21-2026)",2023,98.87,,
ESTAT:ISOC_CI_IN_H(1.0),16/12/25 11:00:00,Annual,Percentage of households,Two adults with dependent children,"Euro area (EA11-1999, EA12-2001, EA13-2007, EA15-2008, EA16-2009, EA17-2011, EA18-2014, EA19-2015, EA20-2023, EA21-2026)",2024,98.89,,
ESTAT:ISOC_CI_IN_H(1.0),16/12/25 11:00:00,Annual,Percentage of households,Two adults with dependent children,"Euro area (EA11-1999, EA12-2001, EA13-2007, EA15-2008, EA16-2009, EA17-2011, EA18-2014, EA19-2015, EA20-2023, EA21-2026)",2025,99.07,,
ESTAT:ISOC_CI_IN_H(1.0),16/12/25 11:00:00,Annual,Percentage of households,Two adults with dependent children,Estonia,2004,52.36,,
ESTAT:ISOC_CI_IN_H(1.0),16/12/25 11:00:00,Annual,Percentage of households,Two adults with dependent children,Estonia,2005,56.26,,
ESTAT:ISOC_CI_IN_H(1.0),16/12/25 11:00:00,Annual,Percentage of households,Two adults with dependent children,Estonia,2006,72.13,,
ESTAT:ISOC_CI_IN_H(1.0),16/12/25 11:00:00,Annual,Percentage of households,Two adults with dependent children,Estonia,2007,82.13,,
ESTAT:ISOC_CI_IN_H(1.0),16/12/25 11:00:00,Annual,Percentage of households,Two adults with dependent children,Estonia,2008,88.43,,
ESTAT:ISOC_CI_IN_H(1.0),16/12/25 11:00:00,Annual,Percentage of households,Two adults with dependent children,Estonia,2009,92.26,,
ESTAT:ISOC_CI_IN_H(1.0),16/12/25 11:00:00,Annual,Percentage of households,Two adults with dependent children,Estonia,2010,92.93,,
ESTAT:ISOC_CI_IN_H(1.0),16/12/25 11:00:00,Annual,Percentage of households,Two adults with dependent children,Estonia,2011,96.02,,
ESTAT:ISOC_CI_IN_H(1.0),16/12/25 11:00:00,Annual,Percentage of households,Two adults with dependent children,Estonia,2012,96.92,,
ESTAT:ISOC_CI_IN_H(1.0),16/12/25 11:00:00,Annual,Percentage of households,Two adults with dependent children,Estonia,2013,98.80,,
ESTAT:ISOC_CI_IN_H(1.0),16/12/25 11:00:00,Annual,Percentage of households,Two adults with dependent children,Estonia,2014,98.91,b,
ESTAT:ISOC_CI_IN_H(1.0),16/12/25 11:00:00,Annual,Percentage of households,Two adults with dependent children,Estonia,2015,99.32,,
ESTAT:ISOC_CI_IN_H(1.0),16/12/25 11:00:00,Annual,Percentage of households,Two adults with dependent children,Estonia,2016,99.61,,
ESTAT:ISOC_CI_IN_H(1.0),16/12/25 11:00:00,Annual,Percentage of households,Two adults with dependent children,Estonia,2017,99.47,,
ESTAT:ISOC_CI_IN_H(1.0),16/12/25 11:00:00,Annual,Percentage of households,Two adults with dependent children,Estonia,2018,99.43,,
ESTAT:ISOC_CI_IN_H(1.0),16/12/25 11:00:00,Annual,Percentage of households,Two adults with dependent children,Estonia,2019,99.36,,
ESTAT:ISOC_CI_IN_H(1.0),16/12/25 11:00:00,Annual,Percentage of households,Two adults with dependent children,Estonia,2020,99.09,,
ESTAT:ISOC_CI_IN_H(1.0),16/12/25 11:00:00,Annual,Percentage of households,Two adults with dependent children,Estonia,2021,99.33,,
ESTAT:ISOC_CI_IN_H(1.0),16/12/25 11:00:00,Annual,Percentage of households,Two adults with dependent children,Estonia,2022,99.63,,
ESTAT:ISOC_CI_IN_H(1.0),16/12/25 11:00:00,Annual,Percentage of households,Two adults with dependent children,Estonia,2023,99.90,,
ESTAT:ISOC_CI_IN_H(1.0),16/12/25 11:00:00,Annual,Percentage of households,Two adults with dependent children,Estonia,2024,99.86,,
ESTAT:ISOC_CI_IN_H(1.0),16/12/25 11:00:00,Annual,Percentage of households,Two adults with dependent children,Estonia,2025,99.85,,
ESTAT:ISOC_CI_IN_H(1.0),16/12/25 11:00:00,Annual,Percentage of households,Two adults with dependent children,Greece,2002,18.85,,
ESTAT:ISOC_CI_IN_H(1.0),16/12/25 11:00:00,Annual,Percentage of households,Two adults with dependent children,Greece,2003,24.29,,
ESTAT:ISOC_CI_IN_H(1.0),16/12/25 11:00:00,Annual,Percentage of households,Two adults with dependent children,Greece,2004,25.80,,
ESTAT:ISOC_CI_IN_H(1.0),16/12/25 11:00:00,Annual,Percentage of households,Two adults with dependent children,Greece,2005,28.40,,
ESTAT:ISOC_CI_IN_H(1.0),16/12/25 11:00:00,Annual,Percentage of households,Two adults with dependent children,Greece,2006,34.03,,
ESTAT:ISOC_CI_IN_H(1.0),16/12/25 11:00:00,Annual,Percentage of households,Two adults with dependent children,Greece,2007,37.72,,
ESTAT:ISOC_CI_IN_H(1.0),16/12/25 11:00:00,Annual,Percentage of households,Two adults with dependent children,Greece,2008,45.38,,
ESTAT:ISOC_CI_IN_H(1.0),16/12/25 11:00:00,Annual,Percentage of households,Two adults with dependent children,Greece,2009,54.81,,
ESTAT:ISOC_CI_IN_H(1.0),16/12/25 11:00:00,Annual,Percentage of households,Two adults with dependent children,Greece,2010,64.91,,
ESTAT:ISOC_CI_IN_H(1.0),16/12/25 11:00:00,Annual,Percentage of households,Two adults with dependent children,Greece,2011,73.87,,
ESTAT:ISOC_CI_IN_H(1.0),16/12/25 11:00:00,Annual,Percentage of households,Two adults with dependent children,Greece,2012,79.55,,
ESTAT:ISOC_CI_IN_H(1.0),16/12/25 11:00:00,Annual,Percentage of households,Two adults with dependent children,Greece,2013,80.40,,
ESTAT:ISOC_CI_IN_H(1.0),16/12/25 11:00:00,Annual,Percentage of households,Two adults with dependent children,Greece,2014,86.99,,
ESTAT:ISOC_CI_IN_H(1.0),16/12/25 11:00:00,Annual,Percentage of households,Two adults with dependent children,Greece,2015,90.59,,
ESTAT:ISOC_CI_IN_H(1.0),16/12/25 11:00:00,Annual,Percentage of households,Two adults with dependent children,Greece,2016,90.06,,
ESTAT:ISOC_CI_IN_H(1.0),16/12/25 11:00:00,Annual,Percentage of households,Two adults with dependent children,Greece,2017,90.39,,
ESTAT:ISOC_CI_IN_H(1.0),16/12/25 11:00:00,Annual,Percentage of households,Two adults with dependent children,Greece,2018,95.16,,
ESTAT:ISOC_CI_IN_H(1.0),16/12/25 11:00:00,Annual,Percentage of households,Two adults with dependent children,Greece,2019,94.97,,
ESTAT:ISOC_CI_IN_H(1.0),16/12/25 11:00:00,Annual,Percentage of households,Two adults with dependent children,Greece,2020,96.53,,
ESTAT:ISOC_CI_IN_H(1.0),16/12/25 11:00:00,Annual,Percentage of households,Two adults with dependent children,Greece,2021,97.81,,
ESTAT:ISOC_CI_IN_H(1.0),16/12/25 11:00:00,Annual,Percentage of households,Two adults with dependent children,Greece,2022,98.20,,
ESTAT:ISOC_CI_IN_H(1.0),16/12/25 11:00:00,Annual,Percentage of households,Two adults with dependent children,Greece,2023,99.16,,
ESTAT:ISOC_CI_IN_H(1.0),16/12/25 11:00:00,Annual,Percentage of households,Two adults with dependent children,Greece,2024,97.90,,
ESTAT:ISOC_CI_IN_H(1.0),16/12/25 11:00:00,Annual,Percentage of households,Two adults with dependent children,Greece,2025,98.95,,
ESTAT:ISOC_CI_IN_H(1.0),16/12/25 11:00:00,Annual,Percentage of households,Two adults with dependent children,Spain,2005,43.66,,
ESTAT:ISOC_CI_IN_H(1.0),16/12/25 11:00:00,Annual,Percentage of households,Two adults with dependent children,Spain,2006,48.82,,
ESTAT:ISOC_CI_IN_H(1.0),16/12/25 11:00:00,Annual,Percentage of households,Two adults with dependent children,Spain,2007,54.83,,
ESTAT:ISOC_CI_IN_H(1.0),16/12/25 11:00:00,Annual,Percentage of households,Two adults with dependent children,Spain,2008,61.81,,
ESTAT:ISOC_CI_IN_H(1.0),16/12/25 11:00:00,Annual,Percentage of households,Two adults with dependent children,Spain,2009,66.64,,
ESTAT:ISOC_CI_IN_H(1.0),16/12/25 11:00:00,Annual,Percentage of households,Two adults with dependent children,Spain,2010,73.00,,
ESTAT:ISOC_CI_IN_H(1.0),16/12/25 11:00:00,Annual,Percentage of households,Two adults with dependent children,Spain,2011,78.79,,
ESTAT:ISOC_CI_IN_H(1.0),16/12/25 11:00:00,Annual,Percentage of households,Two adults with dependent children,Spain,2012,82.28,,
ESTAT:ISOC_CI_IN_H(1.0),16/12/25 11:00:00,Annual,Percentage of households,Two adults with dependent children,Spain,2013,85.64,,
ESTAT:ISOC_CI_IN_H(1.0),16/12/25 11:00:00,Annual,Percentage of households,Two adults with dependent children,Spain,2014,90.30,,
ESTAT:ISOC_CI_IN_H(1.0),16/12/25 11:00:00,Annual,Percentage of households,Two adults with dependent children,Spain,2015,93.54,,
ESTAT:ISOC_CI_IN_H(1.0),16/12/25 11:00:00,Annual,Percentage of households,Two adults with dependent children,Spain,2016,95.78,,
ESTAT:ISOC_CI_IN_H(1.0),16/12/25 11:00:00,Annual,Percentage of households,Two adults with dependent children,Spain,2017,95.70,,
ESTAT:ISOC_CI_IN_H(1.0),16/12/25 11:00:00,Annual,Percentage of households,Two adults with dependent children,Spain,2018,97.62,,
ESTAT:ISOC_CI_IN_H(1.0),16/12/25 11:00:00,Annual,Percentage of households,Two adults with dependent children,Spain,2019,99.13,,
ESTAT:ISOC_CI_IN_H(1.0),16/12/25 11:00:00,Annual,Percentage of households,Two adults with dependent children,Spain,2020,99.92,,
ESTAT:ISOC_CI_IN_H(1.0),16/12/25 11:00:00,Annual,Percentage of households,Two adults with dependent children,Spain,2021,99.83,,
ESTAT:ISOC_CI_IN_H(1.0),16/12/25 11:00:00,Annual,Percentage of households,Two adults with dependent children,Spain,2022,100.00,,
ESTAT:ISOC_CI_IN_H(1.0),16/12/25 11:00:00,Annual,Percentage of households,Two adults with dependent children,Spain,2023,99.78,,
ESTAT:ISOC_CI_IN_H(1.0),16/12/25 11:00:00,Annual,Percentage of households,Two adults with dependent children,Spain,2024,99.22,,
ESTAT:ISOC_CI_IN_H(1.0),16/12/25 11:00:00,Annual,Percentage of households,Two adults with dependent children,Spain,2025,99.95,,
ESTAT:ISOC_CI_IN_H(1.0),16/12/25 11:00:00,Annual,Percentage of households,Two adults with dependent children,European Union - 15 countries (1995-2004),2002,52.72,,
ESTAT:ISOC_CI_IN_H(1.0),16/12/25 11:00:00,Annual,Percentage of households,Two adults with dependent children,European Union - 15 countries (1995-2004),2003,58.07,,
ESTAT:ISOC_CI_IN_H(1.0),16/12/25 11:00:00,Annual,Percentage of households,Two adults with dependent children,European Union - 15 countries (1995-2004),2004,61.13,,
ESTAT:ISOC_CI_IN_H(1.0),16/12/25 11:00:00,Annual,Percentage of households,Two adults with dependent children,European Union - 15 countries (1995-2004),2005,69.80,,
ESTAT:ISOC_CI_IN_H(1.0),16/12/25 11:00:00,Annual,Percentage of households,Two adults with dependent children,European Union - 15 countries (1995-2004),2006,69.15,,
ESTAT:ISOC_CI_IN_H(1.0),16/12/25 11:00:00,Annual,Percentage of households,Two adults with dependent children,European Union - 15 countries (1995-2004),2007,73.74,,
ESTAT:ISOC_CI_IN_H(1.0),16/12/25 11:00:00,Annual,Percentage of households,Two adults with dependent children,European Union - 15 countries (1995-2004),2008,78.96,,
ESTAT:ISOC_CI_IN_H(1.0),16/12/25 11:00:00,Annual,Percentage of households,Two adults with dependent children,European Union - 15 countries (1995-2004),2009,84.26,,
ESTAT:ISOC_CI_IN_H(1.0),16/12/25 11:00:00,Annual,Percentage of households,Two adults with dependent children,European Union - 15 countries (1995-2004),2010,87.99,,
ESTAT:ISOC_CI_IN_H(1.0),16/12/25 11:00:00,Annual,Percentage of households,Two adults with dependent children,European Union - 15 countries (1995-2004),2011,90.89,,
ESTAT:ISOC_CI_IN_H(1.0),16/12/25 11:00:00,Annual,Percentage of households,Two adults with dependent children,European Union - 15 countries (1995-2004),2012,92.13,,
ESTAT:ISOC_CI_IN_H(1.0),16/12/25 11:00:00,Annual,Percentage of households,Two adults with dependent children,European Union - 15 countries (1995-2004),2013,92.37,,
ESTAT:ISOC_CI_IN_H(1.0),16/12/25 11:00:00,Annual,Percentage of households,Two adults with dependent children,European Union - 15 countries (1995-2004),2014,95.47,,
ESTAT:ISOC_CI_IN_H(1.0),16/12/25 11:00:00,Annual,Percentage of households,Two adults with dependent children,European Union - 15 countries (1995-2004),2015,96.11,,
ESTAT:ISOC_CI_IN_H(1.0),16/12/25 11:00:00,Annual,Percentage of households,Two adults with dependent children,European Union - 15 countries (1995-2004),2016,97.29,,
ESTAT:ISOC_CI_IN_H(1.0),16/12/25 11:00:00,Annual,Percentage of households,Two adults with dependent children,European Union - 15 countries (1995-2004),2017,97.29,,
ESTAT:ISOC_CI_IN_H(1.0),16/12/25 11:00:00,Annual,Percentage of households,Two adults with dependent children,European Union - 15 countries (1995-2004),2018,98.35,,
ESTAT:ISOC_CI_IN_H(1.0),16/12/25 11:00:00,Annual,Percentage of households,Two adults with dependent children,European Union - 25 countries (2004-2006),2004,55.57,,
ESTAT:ISOC_CI_IN_H(1.0),16/12/25 11:00:00,Annual,Percentage of households,Two adults with dependent children,European Union - 25 countries (2004-2006),2005,64.15,,
ESTAT:ISOC_CI_IN_H(1.0),16/12/25 11:00:00,Annual,Percentage of households,Two adults with dependent children,European Union - 25 countries (2004-2006),2006,66.60,,
ESTAT:ISOC_CI_IN_H(1.0),16/12/25 11:00:00,Annual,Percentage of households,Two adults with dependent children,European Union - 25 countries (2004-2006),2007,71.58,,
ESTAT:ISOC_CI_IN_H(1.0),16/12/25 11:00:00,Annual,Percentage of households,Two adults with dependent children,European Union - 25 countries (2004-2006),2008,77.48,,
ESTAT:ISOC_CI_IN_H(1.0),16/12/25 11:00:00,Annual,Percentage of households,Two adults with dependent children,European Union - 25 countries (2004-2006),2009,83.35,,
ESTAT:ISOC_CI_IN_H(1.0),16/12/25 11:00:00,Annual,Percentage of households,Two adults with dependent children,European Union - 25 countries (2004-2006),2010,87.37,,
ESTAT:ISOC_CI_IN_H(1.0),16/12/25 11:00:00,Annual,Percentage of households,Two adults with dependent children,European Union - 27 countries (2007-2013),2004,55.10,,
ESTAT:ISOC_CI_IN_H(1.0),16/12/25 11:00:00,Annual,Percentage of households,Two adults with dependent children,European Union - 27 countries (2007-2013),2005,64.15,,
ESTAT:ISOC_CI_IN_H(1.0),16/12/25 11:00:00,Annual,Percentage of households,Two adults with dependent children,European Union - 27 countries (2007-2013),2006,64.75,,
ESTAT:ISOC_CI_IN_H(1.0),16/12/25 11:00:00,Annual,Percentage of households,Two adults with dependent children,European Union - 27 countries (2007-2013),2007,69.48,,
ESTAT:ISOC_CI_IN_H(1.0),16/12/25 11:00:00,Annual,Percentage of households,Two adults with dependent children,European Union - 27 countries (2007-2013),2008,75.87,,
ESTAT:ISOC_CI_IN_H(1.0),16/12/25 11:00:00,Annual,Percentage of households,Two adults with dependent children,European Union - 27 countries (2007-2013),2009,82.03,,
ESTAT:ISOC_CI_IN_H(1.0),16/12/25 11:00:00,Annual,Percentage of households,Two adults with dependent children,European Union - 27 countries (2007-2013),2010,86.04,,
ESTAT:ISOC_CI_IN_H(1.0),16/12/25 11:00:00,Annual,Percentage of households,Two adults with dependent children,European Union - 27 countries (2007-2013),2011,89.18,,
ESTAT:ISOC_CI_IN_H(1.0),16/12/25 11:00:00,Annual,Percentage of households,Two adults with dependent children,European Union - 27 countries (2007-2013),2012,90.96,,
ESTAT:ISOC_CI_IN_H(1.0),16/12/25 11:00:00,Annual,Percentage of households,Two adults with dependent children,European Union - 27 countries (2007-2013),2013,91.59,,
ESTAT:ISOC_CI_IN_H(1.0),16/12/25 11:00:00,Annual,Percentage of households,Two adults with dependent children,European Union - 27 countries (2007-2013),2014,94.56,,
ESTAT:ISOC_CI_IN_H(1.0),16/12/25 11:00:00,Annual,Percentage of households,Two adults with dependent children,European Union - 27 countries (2007-2013),2015,95.31,,
ESTAT:ISOC_CI_IN_H(1.0),16/12/25 11:00:00,Annual,Percentage of households,Two adults with dependent children,European Union - 27 countries (2007-2013),2016,96.89,,
ESTAT:ISOC_CI_IN_H(1.0),16/12/25 11:00:00,Annual,Percentage of households,Two adults with dependent children,European Union - 27 countries (2007-2013),2017,97.11,,
ESTAT:ISOC_CI_IN_H(1.0),16/12/25 11:00:00,Annual,Percentage of households,Two adults with dependent children,European Union - 27 countries (2007-2013),2018,98.08,,
ESTAT:ISOC_CI_IN_H(1.0),16/12/25 11:00:00,Annual,Percentage of households,Two adults with dependent children,European Union - 27 countries (from 2020),2007,67.73,,
ESTAT:ISOC_CI_IN_H(1.0),16/12/25 11:00:00,Annual,Percentage of households,Two adults with dependent children,European Union - 27 countries (from 2020),2008,74.52,,
ESTAT:ISOC_CI_IN_H(1.0),16/12/25 11:00:00,Annual,Percentage of households,Two adults with dependent children,European Union - 27 countries (from 2020),2009,80.27,,
ESTAT:ISOC_CI_IN_H(1.0),16/12/25 11:00:00,Annual,Percentage of households,Two adults with dependent children,European Union - 27 countries (from 2020),2010,84.70,,
ESTAT:ISOC_CI_IN_H(1.0),16/12/25 11:00:00,Annual,Percentage of households,Two adults with dependent children,European Union - 27 countries (from 2020),2011,88.22,,
ESTAT:ISOC_CI_IN_H(1.0),16/12/25 11:00:00,Annual,Percentage of households,Two adults with dependent children,European Union - 27 countries (from 2020),2012,89.94,,
ESTAT:ISOC_CI_IN_H(1.0),16/12/25 11:00:00,Annual,Percentage of households,Two adults with dependent children,European Union - 27 countries (from 2020),2013,91.96,,
ESTAT:ISOC_CI_IN_H(1.0),16/12/25 11:00:00,Annual,Percentage of households,Two adults with dependent children,European Union - 27 countries (from 2020),2014,93.90,,
ESTAT:ISOC_CI_IN_H(1.0),16/12/25 11:00:00,Annual,Percentage of households,Two adults with dependent children,European Union - 27 countries (from 2020),2015,94.90,,
ESTAT:ISOC_CI_IN_H(1.0),16/12/25 11:00:00,Annual,Percentage of households,Two adults with dependent children,European Union - 27 countries (from 2020),2016,96.50,,
ESTAT:ISOC_CI_IN_H(1.0),16/12/25 11:00:00,Annual,Percentage of households,Two adults with dependent children,European Union - 27 countries (from 2020),2017,96.75,,
ESTAT:ISOC_CI_IN_H(1.0),16/12/25 11:00:00,Annual,Percentage of households,Two adults with dependent children,European Union - 27 countries (from 2020),2018,97.77,,
ESTAT:ISOC_CI_IN_H(1.0),16/12/25 11:00:00,Annual,Percentage of households,Two adults with dependent children,European Union - 27 countries (from 2020),2019,98.28,,
ESTAT:ISOC_CI_IN_H(1.0),16/12/25 11:00:00,Annual,Percentage of households,Two adults with dependent children,European Union - 27 countries (from 2020),2020,98.70,e,
ESTAT:ISOC_CI_IN_H(1.0),16/12/25 11:00:00,Annual,Percentage of households,Two adults with dependent children,European Union - 27 countries (from 2020),2021,99.02,b,
ESTAT:ISOC_CI_IN_H(1.0),16/12/25 11:00:00,Annual,Percentage of households,Two adults with dependent children,European Union - 27 countries (from 2020),2022,98.81,,
ESTAT:ISOC_CI_IN_H(1.0),16/12/25 11:00:00,Annual,Percentage of households,Two adults with dependent children,European Union - 27 countries (from 2020),2023,98.94,,
ESTAT:ISOC_CI_IN_H(1.0),16/12/25 11:00:00,Annual,Percentage of households,Two adults with dependent children,European Union - 27 countries (from 2020),2024,98.98,,
ESTAT:ISOC_CI_IN_H(1.0),16/12/25 11:00:00,Annual,Percentage of households,Two adults with dependent children,European Union - 27 countries (from 2020),2025,99.13,,
ESTAT:ISOC_CI_IN_H(1.0),16/12/25 11:00:00,Annual,Percentage of households,Two adults with dependent children,European Union - 28 countries (2013-2020),2007,69.44,,
ESTAT:ISOC_CI_IN_H(1.0),16/12/25 11:00:00,Annual,Percentage of households,Two adults with dependent children,European Union - 28 countries (2013-2020),2008,75.79,,
ESTAT:ISOC_CI_IN_H(1.0),16/12/25 11:00:00,Annual,Percentage of households,Two adults with dependent children,European Union - 28 countries (2013-2020),2009,81.98,,
ESTAT:ISOC_CI_IN_H(1.0),16/12/25 11:00:00,Annual,Percentage of households,Two adults with dependent children,European Union - 28 countries (2013-2020),2010,86.00,,
ESTAT:ISOC_CI_IN_H(1.0),16/12/25 11:00:00,Annual,Percentage of households,Two adults with dependent children,European Union - 28 countries (2013-2020),2011,89.17,,
ESTAT:ISOC_CI_IN_H(1.0),16/12/25 11:00:00,Annual,Percentage of households,Two adults with dependent children,European Union - 28 countries (2013-2020),2012,90.97,,
ESTAT:ISOC_CI_IN_H(1.0),16/12/25 11:00:00,Annual,Percentage of households,Two adults with dependent children,European Union - 28 countries (2013-2020),2013,91.59,,
ESTAT:ISOC_CI_IN_H(1.0),16/12/25 11:00:00,Annual,Percentage of households,Two adults with dependent children,European Union - 28 countries (2013-2020),2014,94.53,,
ESTAT:ISOC_CI_IN_H(1.0),16/12/25 11:00:00,Annual,Percentage of households,Two adults with dependent children,European Union - 28 countries (2013-2020),2015,95.31,,
ESTAT:ISOC_CI_IN_H(1.0),16/12/25 11:00:00,Annual,Percentage of households,Two adults with dependent children,European Union - 28 countries (2013-2020),2016,96.89,,
ESTAT:ISOC_CI_IN_H(1.0),16/12/25 11:00:00,Annual,Percentage of households,Two adults with dependent children,European Union - 28 countries (2013-2020),2017,97.10,,
ESTAT:ISOC_CI_IN_H(1.0),16/12/25 11:00:00,Annual,Percentage of households,Two adults with dependent children,European Union - 28 countries (2013-2020),2018,98.08,,
ESTAT:ISOC_CI_IN_H(1.0),16/12/25 11:00:00,Annual,Percentage of households,Two adults with dependent children,European Union - 28 countries (2013-2020),2019,98.49,,
ESTAT:ISOC_CI_IN_H(1.0),16/12/25 11:00:00,Annual,Percentage of households,Two adults with dependent children,Finland,2002,72.02,,
ESTAT:ISOC_CI_IN_H(1.0),16/12/25 11:00:00,Annual,Percentage of households,Two adults with dependent children,Finland,2003,74.04,,
ESTAT:ISOC_CI_IN_H(1.0),16/12/25 11:00:00,Annual,Percentage of households,Two adults with dependent children,Finland,2004,78.89,,
ESTAT:ISOC_CI_IN_H(1.0),16/12/25 11:00:00,Annual,Percentage of households,Two adults with dependent children,Finland,2005,81.89,,
ESTAT:ISOC_CI_IN_H(1.0),16/12/25 11:00:00,Annual,Percentage of households,Two adults with dependent children,Finland,2006,90.41,,
ESTAT:ISOC_CI_IN_H(1.0),16/12/25 11:00:00,Annual,Percentage of households,Two adults with dependent children,Finland,2007,91.81,,
ESTAT:ISOC_CI_IN_H(1.0),16/12/25 11:00:00,Annual,Percentage of households,Two adults with dependent children,Finland,2008,96.00,,
ESTAT:ISOC_CI_IN_H(1.0),16/12/25 11:00:00,Annual,Percentage of households,Two adults with dependent children,Finland,2009,98.24,,
ESTAT:ISOC_CI_IN_H(1.0),16/12/25 11:00:00,Annual,Percentage of households,Two adults with dependent children,Finland,2010,98.94,,
ESTAT:ISOC_CI_IN_H(1.0),16/12/25 11:00:00,Annual,Percentage of households,Two adults with dependent children,Finland,2011,99.59,,
ESTAT:ISOC_CI_IN_H(1.0),16/12/25 11:00:00,Annual,Percentage of households,Two adults with dependent children,Finland,2012,99.44,,
ESTAT:ISOC_CI_IN_H(1.0),16/12/25 11:00:00,Annual,Percentage of households,Two adults with dependent children,Finland,2013,100.00,,
ESTAT:ISOC_CI_IN_H(1.0),16/12/25 11:00:00,Annual,Percentage of households,Two adults with dependent children,Finland,2014,99.54,,
ESTAT:ISOC_CI_IN_H(1.0),16/12/25 11:00:00,Annual,Percentage of households,Two adults with dependent children,Finland,2015,100.00,,
ESTAT:ISOC_CI_IN_H(1.0),16/12/25 11:00:00,Annual,Percentage of households,Two adults with dependent children,Finland,2016,99.48,,
ESTAT:ISOC_CI_IN_H(1.0),16/12/25 11:00:00,Annual,Percentage of households,Two adults with dependent children,Finland,2017,99.76,,
ESTAT:ISOC_CI_IN_H(1.0),16/12/25 11:00:00,Annual,Percentage of households,Two adults with dependent children,Finland,2018,99.66,,
ESTAT:ISOC_CI_IN_H(1.0),16/12/25 11:00:00,Annual,Percentage of households,Two adults with dependent children,Finland,2019,100.00,,
ESTAT:ISOC_CI_IN_H(1.0),16/12/25 11:00:00,Annual,Percentage of households,Two adults with dependent children,Finland,2020,100.00,,
ESTAT:ISOC_CI_IN_H(1.0),16/12/25 11:00:00,Annual,Percentage of households,Two adults with dependent children,Finland,2021,100.00,,
ESTAT:ISOC_CI_IN_H(1.0),16/12/25 11:00:00,Annual,Percentage of households,Two adults with dependent children,Finland,2022,99.78,,
ESTAT:ISOC_CI_IN_H(1.0),16/12/25 11:00:00,Annual,Percentage of households,Two adults with dependent children,Finland,2023,99.48,,
ESTAT:ISOC_CI_IN_H(1.0),16/12/25 11:00:00,Annual,Percentage of households,Two adults with dependent children,Finland,2024,100.00,,
ESTAT:ISOC_CI_IN_H(1.0),16/12/25 11:00:00,Annual,Percentage of households,Two adults with dependent children,Finland,2025,99.58,,
ESTAT:ISOC_CI_IN_H(1.0),16/12/25 11:00:00,Annual,Percentage of households,Two adults with dependent children,France,2002,36.90,,
ESTAT:ISOC_CI_IN_H(1.0),16/12/25 11:00:00,Annual,Percentage of households,Two adults with dependent children,France,2003,44.33,,
ESTAT:ISOC_CI_IN_H(1.0),16/12/25 11:00:00,Annual,Percentage of households,Two adults with dependent children,France,2004,49.06,,
ESTAT:ISOC_CI_IN_H(1.0),16/12/25 11:00:00,Annual,Percentage of households,Two adults with dependent children,France,2006,59.35,,
ESTAT:ISOC_CI_IN_H(1.0),16/12/25 11:00:00,Annual,Percentage of households,Two adults with dependent children,France,2007,71.84,,
ESTAT:ISOC_CI_IN_H(1.0),16/12/25 11:00:00,Annual,Percentage of households,Two adults with dependent children,France,2008,80.04,,
ESTAT:ISOC_CI_IN_H(1.0),16/12/25 11:00:00,Annual,Percentage of households,Two adults with dependent children,France,2009,86.25,,
ESTAT:ISOC_CI_IN_H(1.0),16/12/25 11:00:00,Annual,Percentage of households,Two adults with dependent children,France,2010,91.57,,
ESTAT:ISOC_CI_IN_H(1.0),16/12/25 11:00:00,Annual,Percentage of households,Two adults with dependent children,France,2011,95.01,,
ESTAT:ISOC_CI_IN_H(1.0),16/12/25 11:00:00,Annual,Percentage of households,Two adults with dependent children,France,2012,95.60,,
ESTAT:ISOC_CI_IN_H(1.0),16/12/25 11:00:00,Annual,Percentage of households,Two adults with dependent children,France,2013,95.88,,
ESTAT:ISOC_CI_IN_H(1.0),16/12/25 11:00:00,Annual,Percentage of households,Two adults with dependent children,France,2014,97.29,,
ESTAT:ISOC_CI_IN_H(1.0),16/12/25 11:00:00,Annual,Percentage of households,Two adults with dependent children,France,2015,96.60,,
ESTAT:ISOC_CI_IN_H(1.0),16/12/25 11:00:00,Annual,Percentage of households,Two adults with dependent children,France,2016,97.52,,
ESTAT:ISOC_CI_IN_H(1.0),16/12/25 11:00:00,Annual,Percentage of households,Two adults with dependent children,France,2017,95.97,,
ESTAT:ISOC_CI_IN_H(1.0),16/12/25 11:00:00,Annual,Percentage of households,Two adults with dependent children,France,2018,98.33,,
ESTAT:ISOC_CI_IN_H(1.0),16/12/25 11:00:00,Annual,Percentage of households,Two adults with dependent children,France,2019,98.05,,
ESTAT:ISOC_CI_IN_H(1.0),16/12/25 11:00:00,Annual,Percentage of households,Two adults with dependent children,France,2021,99.08,,
ESTAT:ISOC_CI_IN_H(1.0),16/12/25 11:00:00,Annual,Percentage of households,Two adults with dependent children,France,2022,98.81,,
ESTAT:ISOC_CI_IN_H(1.0),16/12/25 11:00:00,Annual,Percentage of households,Two adults with dependent children,France,2023,98.67,,
ESTAT:ISOC_CI_IN_H(1.0),16/12/25 11:00:00,Annual,Percentage of households,Two adults with dependent children,France,2024,98.87,,
ESTAT:ISOC_CI_IN_H(1.0),16/12/25 11:00:00,Annual,Percentage of households,Two adults with dependent children,France,2025,99.16,,
ESTAT:ISOC_CI_IN_H(1.0),16/12/25 11:00:00,Annual,Percentage of households,Two adults with dependent children,Croatia,2007,61.81,,
ESTAT:ISOC_CI_IN_H(1.0),16/12/25 11:00:00,Annual,Percentage of households,Two adults with dependent children,Croatia,2008,63.99,,
ESTAT:ISOC_CI_IN_H(1.0),16/12/25 11:00:00,Annual,Percentage of households,Two adults with dependent children,Croatia,2009,71.89,,
ESTAT:ISOC_CI_IN_H(1.0),16/12/25 11:00:00,Annual,Percentage of households,Two adults with dependent children,Croatia,2010,79.75,,
ESTAT:ISOC_CI_IN_H(1.0),16/12/25 11:00:00,Annual,Percentage of households,Two adults with dependent children,Croatia,2011,87.20,,
ESTAT:ISOC_CI_IN_H(1.0),16/12/25 11:00:00,Annual,Percentage of households,Two adults with dependent children,Croatia,2012,92.43,,
ESTAT:ISOC_CI_IN_H(1.0),16/12/25 11:00:00,Annual,Percentage of households,Two adults with dependent children,Croatia,2013,93.26,,
ESTAT:ISOC_CI_IN_H(1.0),16/12/25 11:00:00,Annual,Percentage of households,Two adults with dependent children,Croatia,2014,89.53,,
ESTAT:ISOC_CI_IN_H(1.0),16/12/25 11:00:00,Annual,Percentage of households,Two adults with dependent children,Croatia,2015,95.19,,
ESTAT:ISOC_CI_IN_H(1.0),16/12/25 11:00:00,Annual,Percentage of households,Two adults with dependent children,Croatia,2016,97.34,,
ESTAT:ISOC_CI_IN_H(1.0),16/12/25 11:00:00,Annual,Percentage of households,Two adults with dependent children,Croatia,2017,96.67,,
ESTAT:ISOC_CI_IN_H(1.0),16/12/25 11:00:00,Annual,Percentage of households,Two adults with dependent children,Croatia,2018,97.69,,
ESTAT:ISOC_CI_IN_H(1.0),16/12/25 11:00:00,Annual,Percentage of households,Two adults with dependent children,Croatia,2019,97.74,,
ESTAT:ISOC_CI_IN_H(1.0),16/12/25 11:00:00,Annual,Percentage of households,Two adults with dependent children,Croatia,2020,100.00,,
ESTAT:ISOC_CI_IN_H(1.0),16/12/25 11:00:00,Annual,Percentage of households,Two adults with dependent children,Croatia,2021,98.64,,
ESTAT:ISOC_CI_IN_H(1.0),16/12/25 11:00:00,Annual,Percentage of households,Two adults with dependent children,Croatia,2022,99.15,,
ESTAT:ISOC_CI_IN_H(1.0),16/12/25 11:00:00,Annual,Percentage of households,Two adults with dependent children,Croatia,2023,100.00,,
ESTAT:ISOC_CI_IN_H(1.0),16/12/25 11:00:00,Annual,Percentage of households,Two adults with dependent children,Croatia,2024,97.98,,
ESTAT:ISOC_CI_IN_H(1.0),16/12/25 11:00:00,Annual,Percentage of households,Two adults with dependent children,Croatia,2025,99.26,,
ESTAT:ISOC_CI_IN_H(1.0),16/12/25 11:00:00,Annual,Percentage of households,Two adults with dependent children,Hungary,2004,26.04,,
ESTAT:ISOC_CI_IN_H(1.0),16/12/25 11:00:00,Annual,Percentage of households,Two adults with dependent children,Hungary,2005,30.61,,
ESTAT:ISOC_CI_IN_H(1.0),16/12/25 11:00:00,Annual,Percentage of households,Two adults with dependent children,Hungary,2006,42.53,,
ESTAT:ISOC_CI_IN_H(1.0),16/12/25 11:00:00,Annual,Percentage of households,Two adults with dependent children,Hungary,2007,48.69,,
ESTAT:ISOC_CI_IN_H(1.0),16/12/25 11:00:00,Annual,Percentage of households,Two adults with dependent children,Hungary,2008,65.52,,
ESTAT:ISOC_CI_IN_H(1.0),16/12/25 11:00:00,Annual,Percentage of households,Two adults with dependent children,Hungary,2009,73.59,,
ESTAT:ISOC_CI_IN_H(1.0),16/12/25 11:00:00,Annual,Percentage of households,Two adults with dependent children,Hungary,2010,77.88,,
ESTAT:ISOC_CI_IN_H(1.0),16/12/25 11:00:00,Annual,Percentage of households,Two adults with dependent children,Hungary,2011,82.50,,
ESTAT:ISOC_CI_IN_H(1.0),16/12/25 11:00:00,Annual,Percentage of households,Two adults with dependent children,Hungary,2012,85.29,,
ESTAT:ISOC_CI_IN_H(1.0),16/12/25 11:00:00,Annual,Percentage of households,Two adults with dependent children,Hungary,2013,89.25,,
ESTAT:ISOC_CI_IN_H(1.0),16/12/25 11:00:00,Annual,Percentage of households,Two adults with dependent children,Hungary,2014,91.48,,
ESTAT:ISOC_CI_IN_H(1.0),16/12/25 11:00:00,Annual,Percentage of households,Two adults with dependent children,Hungary,2015,92.26,,
ESTAT:ISOC_CI_IN_H(1.0),16/12/25 11:00:00,Annual,Percentage of households,Two adults with dependent children,Hungary,2016,94.50,,
ESTAT:ISOC_CI_IN_H(1.0),16/12/25 11:00:00,Annual,Percentage of households,Two adults with dependent children,Hungary,2017,95.33,,
ESTAT:ISOC_CI_IN_H(1.0),16/12/25 11:00:00,Annual,Percentage of households,Two adults with dependent children,Hungary,2018,96.18,,
ESTAT:ISOC_CI_IN_H(1.0),16/12/25 11:00:00,Annual,Percentage of households,Two adults with dependent children,Hungary,2019,98.40,,
ESTAT:ISOC_CI_IN_H(1.0),16/12/25 11:00:00,Annual,Percentage of households,Two adults with dependent children,Hungary,2020,98.20,,
ESTAT:ISOC_CI_IN_H(1.0),16/12/25 11:00:00,Annual,Percentage of households,Two adults with dependent children,Hungary,2021,99.25,,
ESTAT:ISOC_CI_IN_H(1.0),16/12/25 11:00:00,Annual,Percentage of households,Two adults with dependent children,Hungary,2022,99.45,,
ESTAT:ISOC_CI_IN_H(1.0),16/12/25 11:00:00,Annual,Percentage of households,Two adults with dependent children,Hungary,2023,99.51,,
ESTAT:ISOC_CI_IN_H(1.0),16/12/25 11:00:00,Annual,Percentage of households,Two adults with dependent children,Hungary,2024,99.86,,
ESTAT:ISOC_CI_IN_H(1.0),16/12/25 11:00:00,Annual,Percentage of households,Two adults with dependent children,Hungary,2025,99.07,,
ESTAT:ISOC_CI_IN_H(1.0),16/12/25 11:00:00,Annual,Percentage of households,Two adults with dependent children,Ireland,2003,52.72,,
ESTAT:ISOC_CI_IN_H(1.0),16/12/25 11:00:00,Annual,Percentage of households,Two adults with dependent children,Ireland,2004,55.31,,
ESTAT:ISOC_CI_IN_H(1.0),16/12/25 11:00:00,Annual,Percentage of households,Two adults with dependent children,Ireland,2005,59.67,,
ESTAT:ISOC_CI_IN_H(1.0),16/12/25 11:00:00,Annual,Percentage of households,Two adults with dependent children,Ireland,2006,64.43,,
ESTAT:ISOC_CI_IN_H(1.0),16/12/25 11:00:00,Annual,Percentage of households,Two adults with dependent children,Ireland,2007,73.17,,
ESTAT:ISOC_CI_IN_H(1.0),16/12/25 11:00:00,Annual,Percentage of households,Two adults with dependent children,Ireland,2008,79.02,,
ESTAT:ISOC_CI_IN_H(1.0),16/12/25 11:00:00,Annual,Percentage of households,Two adults with dependent children,Ireland,2009,82.16,,
ESTAT:ISOC_CI_IN_H(1.0),16/12/25 11:00:00,Annual,Percentage of households,Two adults with dependent children,Ireland,2010,86.90,,
ESTAT:ISOC_CI_IN_H(1.0),16/12/25 11:00:00,Annual,Percentage of households,Two adults with dependent children,Ireland,2011,92.67,,
ESTAT:ISOC_CI_IN_H(1.0),16/12/25 11:00:00,Annual,Percentage of households,Two adults with dependent children,Ireland,2012,95.15,,
ESTAT:ISOC_CI_IN_H(1.0),16/12/25 11:00:00,Annual,Percentage of households,Two adults with dependent children,Ireland,2013,94.92,,
ESTAT:ISOC_CI_IN_H(1.0),16/12/25 11:00:00,Annual,Percentage of households,Two adults with dependent children,Ireland,2014,96.12,,
ESTAT:ISOC_CI_IN_H(1.0),16/12/25 11:00:00,Annual,Percentage of households,Two adults with dependent children,Ireland,2015,97.09,,
ESTAT:ISOC_CI_IN_H(1.0),16/12/25 11:00:00,Annual,Percentage of households,Two adults with dependent children,Ireland,2016,97.95,,
ESTAT:ISOC_CI_IN_H(1.0),16/12/25 11:00:00,Annual,Percentage of households,Two adults with dependent children,Ireland,2017,98.42,,
ESTAT:ISOC_CI_IN_H(1.0),16/12/25 11:00:00,Annual,Percentage of households,Two adults with dependent children,Ireland,2018,99.00,,
ESTAT:ISOC_CI_IN_H(1.0),16/12/25 11:00:00,Annual,Percentage of households,Two adults with dependent children,Ireland,2019,98.51,,
ESTAT:ISOC_CI_IN_H(1.0),16/12/25 11:00:00,Annual,Percentage of households,Two adults with dependent children,Ireland,2020,98.35,,
ESTAT:ISOC_CI_IN_H(1.0),16/12/25 11:00:00,Annual,Percentage of households,Two adults with dependent children,Ireland,2021,100.00,b,
ESTAT:ISOC_CI_IN_H(1.0),16/12/25 11:00:00,Annual,Percentage of households,Two adults with dependent children,Ireland,2022,,u,
ESTAT:ISOC_CI_IN_H(1.0),16/12/25 11:00:00,Annual,Percentage of households,Two adults with dependent children,Ireland,2023,100.00,,
ESTAT:ISOC_CI_IN_H(1.0),16/12/25 11:00:00,Annual,Percentage of households,Two adults with dependent children,Ireland,2024,98.21,,
ESTAT:ISOC_CI_IN_H(1.0),16/12/25 11:00:00,Annual,Percentage of households,Two adults with dependent children,Ireland,2025,99.42,,
ESTAT:ISOC_CI_IN_H(1.0),16/12/25 11:00:00,Annual,Percentage of households,Two adults with dependent children,Iceland,2004,91.15,,
ESTAT:ISOC_CI_IN_H(1.0),16/12/25 11:00:00,Annual,Percentage of households,Two adults with dependent children,Iceland,2005,93.80,,
ESTAT:ISOC_CI_IN_H(1.0),16/12/25 11:00:00,Annual,Percentage of households,Two adults with dependent children,Iceland,2006,95.46,,
ESTAT:ISOC_CI_IN_H(1.0),16/12/25 11:00:00,Annual,Percentage of households,Two adults with dependent children,Iceland,2007,95.77,,
ESTAT:ISOC_CI_IN_H(1.0),16/12/25 11:00:00,Annual,Percentage of households,Two adults with dependent children,Iceland,2008,96.66,,
ESTAT:ISOC_CI_IN_H(1.0),16/12/25 11:00:00,Annual,Percentage of households,Two adults with dependent children,Iceland,2009,97.43,,
ESTAT:ISOC_CI_IN_H(1.0),16/12/25 11:00:00,Annual,Percentage of households,Two adults with dependent children,Iceland,2010,99.73,,
ESTAT:ISOC_CI_IN_H(1.0),16/12/25 11:00:00,Annual,Percentage of households,Two adults with dependent children,Iceland,2011,99.34,,
ESTAT:ISOC_CI_IN_H(1.0),16/12/25 11:00:00,Annual,Percentage of households,Two adults with dependent children,Iceland,2012,99.71,,
ESTAT:ISOC_CI_IN_H(1.0),16/12/25 11:00:00,Annual,Percentage of households,Two adults with dependent children,Iceland,2013,99.73,,
ESTAT:ISOC_CI_IN_H(1.0),16/12/25 11:00:00,Annual,Percentage of households,Two adults with dependent children,Iceland,2014,99.69,,
ESTAT:ISOC_CI_IN_H(1.0),16/12/25 11:00:00,Annual,Percentage of households,Two adults with dependent children,Iceland,2017,99.67,,
ESTAT:ISOC_CI_IN_H(1.0),16/12/25 11:00:00,Annual,Percentage of households,Two adults with dependent children,Iceland,2018,100.00,,
ESTAT:ISOC_CI_IN_H(1.0),16/12/25 11:00:00,Annual,Percentage of households,Two adults with dependent children,Iceland,2019,100.00,,
ESTAT:ISOC_CI_IN_H(1.0),16/12/25 11:00:00,Annual,Percentage of households,Two adults with dependent children,Iceland,2020,100.00,,
ESTAT:ISOC_CI_IN_H(1.0),16/12/25 11:00:00,Annual,Percentage of households,Two adults with dependent children,Iceland,2021,,u,
ESTAT:ISOC_CI_IN_H(1.0),16/12/25 11:00:00,Annual,Percentage of households,Two adults with dependent children,Italy,2002,42.89,,
ESTAT:ISOC_CI_IN_H(1.0),16/12/25 11:00:00,Annual,Percentage of households,Two adults with dependent children,Italy,2003,36.69,,
ESTAT:ISOC_CI_IN_H(1.0),16/12/25 11:00:00,Annual,Percentage of households,Two adults with dependent children,Italy,2004,41.35,,
ESTAT:ISOC_CI_IN_H(1.0),16/12/25 11:00:00,Annual,Percentage of households,Two adults with dependent children,Italy,2005,49.12,,
ESTAT:ISOC_CI_IN_H(1.0),16/12/25 11:00:00,Annual,Percentage of households,Two adults with dependent children,Italy,2006,49.06,,
ESTAT:ISOC_CI_IN_H(1.0),16/12/25 11:00:00,Annual,Percentage of households,Two adults with dependent children,Italy,2007,53.66,,
ESTAT:ISOC_CI_IN_H(1.0),16/12/25 11:00:00,Annual,Percentage of households,Two adults with dependent children,Italy,2008,58.79,,
ESTAT:ISOC_CI_IN_H(1.0),16/12/25 11:00:00,Annual,Percentage of households,Two adults with dependent children,Italy,2009,65.84,,
ESTAT:ISOC_CI_IN_H(1.0),16/12/25 11:00:00,Annual,Percentage of households,Two adults with dependent children,Italy,2010,73.04,,
ESTAT:ISOC_CI_IN_H(1.0),16/12/25 11:00:00,Annual,Percentage of households,Two adults with dependent children,Italy,2011,78.22,,
ESTAT:ISOC_CI_IN_H(1.0),16/12/25 11:00:00,Annual,Percentage of households,Two adults with dependent children,Italy,2012,76.49,,
ESTAT:ISOC_CI_IN_H(1.0),16/12/25 11:00:00,Annual,Percentage of households,Two adults with dependent children,Italy,2013,84.79,,
ESTAT:ISOC_CI_IN_H(1.0),16/12/25 11:00:00,Annual,Percentage of households,Two adults with dependent children,Italy,2014,88.50,,
ESTAT:ISOC_CI_IN_H(1.0),16/12/25 11:00:00,Annual,Percentage of households,Two adults with dependent children,Italy,2015,89.89,,
ESTAT:ISOC_CI_IN_H(1.0),16/12/25 11:00:00,Annual,Percentage of households,Two adults with dependent children,Italy,2016,93.02,,
ESTAT:ISOC_CI_IN_H(1.0),16/12/25 11:00:00,Annual,Percentage of households,Two adults with dependent children,Italy,2017,94.03,,
ESTAT:ISOC_CI_IN_H(1.0),16/12/25 11:00:00,Annual,Percentage of households,Two adults with dependent children,Italy,2018,95.02,,
ESTAT:ISOC_CI_IN_H(1.0),16/12/25 11:00:00,Annual,Percentage of households,Two adults with dependent children,Italy,2019,96.26,,
ESTAT:ISOC_CI_IN_H(1.0),16/12/25 11:00:00,Annual,Percentage of households,Two adults with dependent children,Italy,2020,97.89,,
ESTAT:ISOC_CI_IN_H(1.0),16/12/25 11:00:00,Annual,Percentage of households,Two adults with dependent children,Italy,2021,98.41,,
ESTAT:ISOC_CI_IN_H(1.0),16/12/25 11:00:00,Annual,Percentage of households,Two adults with dependent children,Italy,2022,98.82,,
ESTAT:ISOC_CI_IN_H(1.0),16/12/25 11:00:00,Annual,Percentage of households,Two adults with dependent children,Italy,2023,98.80,,
ESTAT:ISOC_CI_IN_H(1.0),16/12/25 11:00:00,Annual,Percentage of households,Two adults with dependent children,Italy,2024,99.05,,
ESTAT:ISOC_CI_IN_H(1.0),16/12/25 11:00:00,Annual,Percentage of households,Two adults with dependent children,Italy,2025,98.73,,
ESTAT:ISOC_CI_IN_H(1.0),16/12/25 11:00:00,Annual,Percentage of households,Two adults with dependent children,Lithuania,2004,18.23,,
ESTAT:ISOC_CI_IN_H(1.0),16/12/25 11:00:00,Annual,Percentage of households,Two adults with dependent children,Lithuania,2005,20.78,,
ESTAT:ISOC_CI_IN_H(1.0),16/12/25 11:00:00,Annual,Percentage of households,Two adults with dependent children,Lithuania,2006,47.78,,
ESTAT:ISOC_CI_IN_H(1.0),16/12/25 11:00:00,Annual,Percentage of households,Two adults with dependent children,Lithuania,2007,67.81,,
ESTAT:ISOC_CI_IN_H(1.0),16/12/25 11:00:00,Annual,Percentage of households,Two adults with dependent children,Lithuania,2008,77.89,,
ESTAT:ISOC_CI_IN_H(1.0),16/12/25 11:00:00,Annual,Percentage of households,Two adults with dependent children,Lithuania,2009,86.81,,
ESTAT:ISOC_CI_IN_H(1.0),16/12/25 11:00:00,Annual,Percentage of households,Two adults with dependent children,Lithuania,2010,84.05,,
ESTAT:ISOC_CI_IN_H(1.0),16/12/25 11:00:00,Annual,Percentage of households,Two adults with dependent children,Lithuania,2011,89.43,,
ESTAT:ISOC_CI_IN_H(1.0),16/12/25 11:00:00,Annual,Percentage of households,Two adults with dependent children,Lithuania,2012,89.78,,
ESTAT:ISOC_CI_IN_H(1.0),16/12/25 11:00:00,Annual,Percentage of households,Two adults with dependent children,Lithuania,2013,92.88,,
ESTAT:ISOC_CI_IN_H(1.0),16/12/25 11:00:00,Annual,Percentage of households,Two adults with dependent children,Lithuania,2014,95.01,,
ESTAT:ISOC_CI_IN_H(1.0),16/12/25 11:00:00,Annual,Percentage of households,Two adults with dependent children,Lithuania,2015,96.63,,
ESTAT:ISOC_CI_IN_H(1.0),16/12/25 11:00:00,Annual,Percentage of households,Two adults with dependent children,Lithuania,2016,97.51,,
ESTAT:ISOC_CI_IN_H(1.0),16/12/25 11:00:00,Annual,Percentage of households,Two adults with dependent children,Lithuania,2017,96.16,,
ESTAT:ISOC_CI_IN_H(1.0),16/12/25 11:00:00,Annual,Percentage of households,Two adults with dependent children,Lithuania,2018,96.51,,
ESTAT:ISOC_CI_IN_H(1.0),16/12/25 11:00:00,Annual,Percentage of households,Two adults with dependent children,Lithuania,2019,99.32,,
ESTAT:ISOC_CI_IN_H(1.0),16/12/25 11:00:00,Annual,Percentage of households,Two adults with dependent children,Lithuania,2020,99.75,,
ESTAT:ISOC_CI_IN_H(1.0),16/12/25 11:00:00,Annual,Percentage of households,Two adults with dependent children,Lithuania,2021,99.56,,
ESTAT:ISOC_CI_IN_H(1.0),16/12/25 11:00:00,Annual,Percentage of households,Two adults with dependent children,Lithuania,2022,100.00,,
ESTAT:ISOC_CI_IN_H(1.0),16/12/25 11:00:00,Annual,Percentage of households,Two adults with dependent children,Lithuania,2023,99.56,,
ESTAT:ISOC_CI_IN_H(1.0),16/12/25 11:00:00,Annual,Percentage of households,Two adults with dependent children,Lithuania,2024,99.56,,
ESTAT:ISOC_CI_IN_H(1.0),16/12/25 11:00:00,Annual,Percentage of households,Two adults with dependent children,Lithuania,2025,99.61,,
ESTAT:ISOC_CI_IN_H(1.0),16/12/25 11:00:00,Annual,Percentage of households,Two adults with dependent children,Luxembourg,2002,60.04,,
ESTAT:ISOC_CI_IN_H(1.0),16/12/25 11:00:00,Annual,Percentage of households,Two adults with dependent children,Luxembourg,2003,65.56,,
ESTAT:ISOC_CI_IN_H(1.0),16/12/25 11:00:00,Annual,Percentage of households,Two adults with dependent children,Luxembourg,2004,78.26,,
ESTAT:ISOC_CI_IN_H(1.0),16/12/25 11:00:00,Annual,Percentage of households,Two adults with dependent children,Luxembourg,2005,78.96,,
ESTAT:ISOC_CI_IN_H(1.0),16/12/25 11:00:00,Annual,Percentage of households,Two adults with dependent children,Luxembourg,2006,84.55,,
ESTAT:ISOC_CI_IN_H(1.0),16/12/25 11:00:00,Annual,Percentage of households,Two adults with dependent children,Luxembourg,2007,89.27,,
ESTAT:ISOC_CI_IN_H(1.0),16/12/25 11:00:00,Annual,Percentage of households,Two adults with dependent children,Luxembourg,2008,90.41,,
ESTAT:ISOC_CI_IN_H(1.0),16/12/25 11:00:00,Annual,Percentage of households,Two adults with dependent children,Luxembourg,2009,96.29,,
ESTAT:ISOC_CI_IN_H(1.0),16/12/25 11:00:00,Annual,Percentage of households,Two adults with dependent children,Luxembourg,2010,98.77,,
ESTAT:ISOC_CI_IN_H(1.0),16/12/25 11:00:00,Annual,Percentage of households,Two adults with dependent children,Luxembourg,2011,98.26,,
ESTAT:ISOC_CI_IN_H(1.0),16/12/25 11:00:00,Annual,Percentage of households,Two adults with dependent children,Luxembourg,2012,98.37,,
ESTAT:ISOC_CI_IN_H(1.0),16/12/25 11:00:00,Annual,Percentage of households,Two adults with dependent children,Luxembourg,2013,99.40,,
ESTAT:ISOC_CI_IN_H(1.0),16/12/25 11:00:00,Annual,Percentage of households,Two adults with dependent children,Luxembourg,2014,99.23,,
ESTAT:ISOC_CI_IN_H(1.0),16/12/25 11:00:00,Annual,Percentage of households,Two adults with dependent children,Luxembourg,2015,99.35,,
ESTAT:ISOC_CI_IN_H(1.0),16/12/25 11:00:00,Annual,Percentage of households,Two adults with dependent children,Luxembourg,2016,99.72,,
ESTAT:ISOC_CI_IN_H(1.0),16/12/25 11:00:00,Annual,Percentage of households,Two adults with dependent children,Luxembourg,2017,100.00,,
ESTAT:ISOC_CI_IN_H(1.0),16/12/25 11:00:00,Annual,Percentage of households,Two adults with dependent children,Luxembourg,2018,97.45,b,
ESTAT:ISOC_CI_IN_H(1.0),16/12/25 11:00:00,Annual,Percentage of households,Two adults with dependent children,Luxembourg,2019,98.50,,
ESTAT:ISOC_CI_IN_H(1.0),16/12/25 11:00:00,Annual,Percentage of households,Two adults with dependent children,Luxembourg,2020,97.76,,
ESTAT:ISOC_CI_IN_H(1.0),16/12/25 11:00:00,Annual,Percentage of households,Two adults with dependent children,Luxembourg,2021,100.00,,
ESTAT:ISOC_CI_IN_H(1.0),16/12/25 11:00:00,Annual,Percentage of households,Two adults with dependent children,Luxembourg,2022,99.30,,
ESTAT:ISOC_CI_IN_H(1.0),16/12/25 11:00:00,Annual,Percentage of households,Two adults with dependent children,Luxembourg,2023,100.00,,
ESTAT:ISOC_CI_IN_H(1.0),16/12/25 11:00:00,Annual,Percentage of households,Two adults with dependent children,Luxembourg,2024,100.00,,
ESTAT:ISOC_CI_IN_H(1.0),16/12/25 11:00:00,Annual,Percentage of households,Two adults with dependent children,Luxembourg,2025,100.00,,
ESTAT:ISOC_CI_IN_H(1.0),16/12/25 11:00:00,Annual,Percentage of households,Two adults with dependent children,Latvia,2004,23.89,,
ESTAT:ISOC_CI_IN_H(1.0),16/12/25 11:00:00,Annual,Percentage of households,Two adults with dependent children,Latvia,2005,43.36,,
ESTAT:ISOC_CI_IN_H(1.0),16/12/25 11:00:00,Annual,Percentage of households,Two adults with dependent children,Latvia,2006,60.49,,
ESTAT:ISOC_CI_IN_H(1.0),16/12/25 11:00:00,Annual,Percentage of households,Two adults with dependent children,Latvia,2007,69.79,,
ESTAT:ISOC_CI_IN_H(1.0),16/12/25 11:00:00,Annual,Percentage of households,Two adults with dependent children,Latvia,2008,73.26,,
ESTAT:ISOC_CI_IN_H(1.0),16/12/25 11:00:00,Annual,Percentage of households,Two adults with dependent children,Latvia,2009,79.80,,
ESTAT:ISOC_CI_IN_H(1.0),16/12/25 11:00:00,Annual,Percentage of households,Two adults with dependent children,Latvia,2010,82.52,,
ESTAT:ISOC_CI_IN_H(1.0),16/12/25 11:00:00,Annual,Percentage of households,Two adults with dependent children,Latvia,2011,86.78,,
ESTAT:ISOC_CI_IN_H(1.0),16/12/25 11:00:00,Annual,Percentage of households,Two adults with dependent children,Latvia,2012,91.20,,
ESTAT:ISOC_CI_IN_H(1.0),16/12/25 11:00:00,Annual,Percentage of households,Two adults with dependent children,Latvia,2013,94.55,,
ESTAT:ISOC_CI_IN_H(1.0),16/12/25 11:00:00,Annual,Percentage of households,Two adults with dependent children,Latvia,2014,94.64,,
ESTAT:ISOC_CI_IN_H(1.0),16/12/25 11:00:00,Annual,Percentage of households,Two adults with dependent children,Latvia,2015,94.08,,
ESTAT:ISOC_CI_IN_H(1.0),16/12/25 11:00:00,Annual,Percentage of households,Two adults with dependent children,Latvia,2016,95.69,b,
ESTAT:ISOC_CI_IN_H(1.0),16/12/25 11:00:00,Annual,Percentage of households,Two adults with dependent children,Latvia,2017,97.30,,
ESTAT:ISOC_CI_IN_H(1.0),16/12/25 11:00:00,Annual,Percentage of households,Two adults with dependent children,Latvia,2018,98.57,,
ESTAT:ISOC_CI_IN_H(1.0),16/12/25 11:00:00,Annual,Percentage of households,Two adults with dependent children,Latvia,2019,98.61,,
ESTAT:ISOC_CI_IN_H(1.0),16/12/25 11:00:00,Annual,Percentage of households,Two adults with dependent children,Latvia,2020,98.80,,
ESTAT:ISOC_CI_IN_H(1.0),16/12/25 11:00:00,Annual,Percentage of households,Two adults with dependent children,Latvia,2021,99.09,,
ESTAT:ISOC_CI_IN_H(1.0),16/12/25 11:00:00,Annual,Percentage of households,Two adults with dependent children,Latvia,2022,99.39,,
ESTAT:ISOC_CI_IN_H(1.0),16/12/25 11:00:00,Annual,Percentage of households,Two adults with dependent children,Latvia,2023,99.81,,
ESTAT:ISOC_CI_IN_H(1.0),16/12/25 11:00:00,Annual,Percentage of households,Two adults with dependent children,Latvia,2024,99.66,,
ESTAT:ISOC_CI_IN_H(1.0),16/12/25 11:00:00,Annual,Percentage of households,Two adults with dependent children,Latvia,2025,98.87,,
ESTAT:ISOC_CI_IN_H(1.0),16/12/25 11:00:00,Annual,Percentage of households,Two adults with dependent children,Montenegro,2012,60.44,,
ESTAT:ISOC_CI_IN_H(1.0),16/12/25 11:00:00,Annual,Percentage of households,Two adults with dependent children,Montenegro,2017,88.72,,
ESTAT:ISOC_CI_IN_H(1.0),16/12/25 11:00:00,Annual,Percentage of households,Two adults with dependent children,Montenegro,2018,88.99,,
ESTAT:ISOC_CI_IN_H(1.0),16/12/25 11:00:00,Annual,Percentage of households,Two adults with dependent children,Montenegro,2019,94.69,,
ESTAT:ISOC_CI_IN_H(1.0),16/12/25 11:00:00,Annual,Percentage of households,Two adults with dependent children,Montenegro,2020,95.57,,
ESTAT:ISOC_CI_IN_H(1.0),16/12/25 11:00:00,Annual,Percentage of households,Two adults with dependent children,Montenegro,2021,96.69,,
ESTAT:ISOC_CI_IN_H(1.0),16/12/25 11:00:00,Annual,Percentage of households,Two adults with dependent children,Montenegro,2022,96.14,,
ESTAT:ISOC_CI_IN_H(1.0),16/12/25 11:00:00,Annual,Percentage of households,Two adults with dependent children,Montenegro,2023,98.73,,
ESTAT:ISOC_CI_IN_H(1.0),16/12/25 11:00:00,Annual,Percentage of households,Two adults with dependent children,Montenegro,2024,98.00,,
ESTAT:ISOC_CI_IN_H(1.0),16/12/25 11:00:00,Annual,Percentage of households,Two adults with dependent children,Montenegro,2025,95.23,,
ESTAT:ISOC_CI_IN_H(1.0),16/12/25 11:00:00,Annual,Percentage of households,Two adults with dependent children,North Macedonia,2004,12.85,,
ESTAT:ISOC_CI_IN_H(1.0),16/12/25 11:00:00,Annual,Percentage of households,Two adults with dependent children,North Macedonia,2006,,u,
ESTAT:ISOC_CI_IN_H(1.0),16/12/25 11:00:00,Annual,Percentage of households,Two adults with dependent children,North Macedonia,2008,30.38,,
ESTAT:ISOC_CI_IN_H(1.0),16/12/25 11:00:00,Annual,Percentage of households,Two adults with dependent children,North Macedonia,2009,48.39,,
ESTAT:ISOC_CI_IN_H(1.0),16/12/25 11:00:00,Annual,Percentage of households,Two adults with dependent children,North Macedonia,2010,63.32,,
ESTAT:ISOC_CI_IN_H(1.0),16/12/25 11:00:00,Annual,Percentage of households,Two adults with dependent children,North Macedonia,2012,67.05,,
ESTAT:ISOC_CI_IN_H(1.0),16/12/25 11:00:00,Annual,Percentage of households,Two adults with dependent children,North Macedonia,2013,81.02,,
ESTAT:ISOC_CI_IN_H(1.0),16/12/25 11:00:00,Annual,Percentage of households,Two adults with dependent children,North Macedonia,2014,78.65,,
ESTAT:ISOC_CI_IN_H(1.0),16/12/25 11:00:00,Annual,Percentage of households,Two adults with dependent children,North Macedonia,2015,85.10,,
ESTAT:ISOC_CI_IN_H(1.0),16/12/25 11:00:00,Annual,Percentage of households,Two adults with dependent children,North Macedonia,2016,79.80,,
ESTAT:ISOC_CI_IN_H(1.0),16/12/25 11:00:00,Annual,Percentage of households,Two adults with dependent children,North Macedonia,2017,90.31,,
ESTAT:ISOC_CI_IN_H(1.0),16/12/25 11:00:00,Annual,Percentage of households,Two adults with dependent children,North Macedonia,2018,96.79,,
ESTAT:ISOC_CI_IN_H(1.0),16/12/25 11:00:00,Annual,Percentage of households,Two adults with dependent children,North Macedonia,2019,99.06,,
ESTAT:ISOC_CI_IN_H(1.0),16/12/25 11:00:00,Annual,Percentage of households,Two adults with dependent children,North Macedonia,2020,93.96,,
ESTAT:ISOC_CI_IN_H(1.0),16/12/25 11:00:00,Annual,Percentage of households,Two adults with dependent children,North Macedonia,2021,100.00,,
ESTAT:ISOC_CI_IN_H(1.0),16/12/25 11:00:00,Annual,Percentage of households,Two adults with dependent children,North Macedonia,2024,99.06,,
ESTAT:ISOC_CI_IN_H(1.0),16/12/25 11:00:00,Annual,Percentage of households,Two adults with dependent children,North Macedonia,2025,98.51,,
ESTAT:ISOC_CI_IN_H(1.0),16/12/25 11:00:00,Annual,Percentage of households,Two adults with dependent children,Malta,2006,67.47,,
ESTAT:ISOC_CI_IN_H(1.0),16/12/25 11:00:00,Annual,Percentage of households,Two adults with dependent children,Malta,2007,68.78,,
ESTAT:ISOC_CI_IN_H(1.0),16/12/25 11:00:00,Annual,Percentage of households,Two adults with dependent children,Malta,2008,,u,
ESTAT:ISOC_CI_IN_H(1.0),16/12/25 11:00:00,Annual,Percentage of households,Two adults with dependent children,Malta,2009,84.19,,
ESTAT:ISOC_CI_IN_H(1.0),16/12/25 11:00:00,Annual,Percentage of households,Two adults with dependent children,Malta,2010,95.96,,
ESTAT:ISOC_CI_IN_H(1.0),16/12/25 11:00:00,Annual,Percentage of households,Two adults with dependent children,Malta,2011,90.85,,
ESTAT:ISOC_CI_IN_H(1.0),16/12/25 11:00:00,Annual,Percentage of households,Two adults with dependent children,Malta,2012,93.61,,
ESTAT:ISOC_CI_IN_H(1.0),16/12/25 11:00:00,Annual,Percentage of households,Two adults with dependent children,Malta,2013,95.30,,
ESTAT:ISOC_CI_IN_H(1.0),16/12/25 11:00:00,Annual,Percentage of households,Two adults with dependent children,Malta,2014,97.74,,
ESTAT:ISOC_CI_IN_H(1.0),16/12/25 11:00:00,Annual,Percentage of households,Two adults with dependent children,Malta,2015,97.63,,
ESTAT:ISOC_CI_IN_H(1.0),16/12/25 11:00:00,Annual,Percentage of households,Two adults with dependent children,Malta,2016,98.94,,
ESTAT:ISOC_CI_IN_H(1.0),16/12/25 11:00:00,Annual,Percentage of households,Two adults with dependent children,Malta,2017,98.73,,
ESTAT:ISOC_CI_IN_H(1.0),16/12/25 11:00:00,Annual,Percentage of households,Two adults with dependent children,Malta,2018,100.00,,
ESTAT:ISOC_CI_IN_H(1.0),16/12/25 11:00:00,Annual,Percentage of households,Two adults with dependent children,Malta,2019,98.62,,
ESTAT:ISOC_CI_IN_H(1.0),16/12/25 11:00:00,Annual,Percentage of households,Two adults with dependent children,Malta,2020,98.50,,
ESTAT:ISOC_CI_IN_H(1.0),16/12/25 11:00:00,Annual,Percentage of households,Two adults with dependent children,Malta,2021,99.45,,
ESTAT:ISOC_CI_IN_H(1.0),16/12/25 11:00:00,Annual,Percentage of households,Two adults with dependent children,Malta,2022,100.00,,
ESTAT:ISOC_CI_IN_H(1.0),16/12/25 11:00:00,Annual,Percentage of households,Two adults with dependent children,Malta,2023,99.61,,
ESTAT:ISOC_CI_IN_H(1.0),16/12/25 11:00:00,Annual,Percentage of households,Two adults with dependent children,Malta,2024,100.00,,
ESTAT:ISOC_CI_IN_H(1.0),16/12/25 11:00:00,Annual,Percentage of households,Two adults with dependent children,Malta,2025,100.00,,
ESTAT:ISOC_CI_IN_H(1.0),16/12/25 11:00:00,Annual,Percentage of households,Two adults with dependent children,Netherlands,2005,91.93,,
ESTAT:ISOC_CI_IN_H(1.0),16/12/25 11:00:00,Annual,Percentage of households,Two adults with dependent children,Netherlands,2006,95.21,,
ESTAT:ISOC_CI_IN_H(1.0),16/12/25 11:00:00,Annual,Percentage of households,Two adults with dependent children,Netherlands,2007,96.45,,
ESTAT:ISOC_CI_IN_H(1.0),16/12/25 11:00:00,Annual,Percentage of households,Two adults with dependent children,Netherlands,2008,98.36,,
ESTAT:ISOC_CI_IN_H(1.0),16/12/25 11:00:00,Annual,Percentage of households,Two adults with dependent children,Netherlands,2009,98.97,,
ESTAT:ISOC_CI_IN_H(1.0),16/12/25 11:00:00,Annual,Percentage of households,Two adults with dependent children,Netherlands,2010,99.13,,
ESTAT:ISOC_CI_IN_H(1.0),16/12/25 11:00:00,Annual,Percentage of households,Two adults with dependent children,Netherlands,2011,100.00,,
ESTAT:ISOC_CI_IN_H(1.0),16/12/25 11:00:00,Annual,Percentage of households,Two adults with dependent children,Netherlands,2012,99.59,,
ESTAT:ISOC_CI_IN_H(1.0),16/12/25 11:00:00,Annual,Percentage of households,Two adults with dependent children,Netherlands,2013,99.79,,
ESTAT:ISOC_CI_IN_H(1.0),16/12/25 11:00:00,Annual,Percentage of households,Two adults with dependent children,Netherlands,2014,99.28,,
ESTAT:ISOC_CI_IN_H(1.0),16/12/25 11:00:00,Annual,Percentage of households,Two adults with dependent children,Netherlands,2015,99.31,,
ESTAT:ISOC_CI_IN_H(1.0),16/12/25 11:00:00,Annual,Percentage of households,Two adults with dependent children,Netherlands,2016,99.50,,
ESTAT:ISOC_CI_IN_H(1.0),16/12/25 11:00:00,Annual,Percentage of households,Two adults with dependent children,Netherlands,2017,100.00,,
ESTAT:ISOC_CI_IN_H(1.0),16/12/25 11:00:00,Annual,Percentage of households,Two adults with dependent children,Netherlands,2018,99.55,,
ESTAT:ISOC_CI_IN_H(1.0),16/12/25 11:00:00,Annual,Percentage of households,Two adults with dependent children,Netherlands,2019,100.00,,
ESTAT:ISOC_CI_IN_H(1.0),16/12/25 11:00:00,Annual,Percentage of households,Two adults with dependent children,Netherlands,2020,98.71,,
ESTAT:ISOC_CI_IN_H(1.0),16/12/25 11:00:00,Annual,Percentage of households,Two adults with dependent children,Netherlands,2021,99.21,,
ESTAT:ISOC_CI_IN_H(1.0),16/12/25 11:00:00,Annual,Percentage of households,Two adults with dependent children,Netherlands,2022,98.88,,
ESTAT:ISOC_CI_IN_H(1.0),16/12/25 11:00:00,Annual,Percentage of households,Two adults with dependent children,Netherlands,2023,99.31,,
ESTAT:ISOC_CI_IN_H(1.0),16/12/25 11:00:00,Annual,Percentage of households,Two adults with dependent children,Netherlands,2024,99.50,,
ESTAT:ISOC_CI_IN_H(1.0),16/12/25 11:00:00,Annual,Percentage of households,Two adults with dependent children,Netherlands,2025,99.67,,
ESTAT:ISOC_CI_IN_H(1.0),16/12/25 11:00:00,Annual,Percentage of households,Two adults with dependent children,Norway,2003,84.89,,
ESTAT:ISOC_CI_IN_H(1.0),16/12/25 11:00:00,Annual,Percentage of households,Two adults with dependent children,Norway,2004,87.77,,
ESTAT:ISOC_CI_IN_H(1.0),16/12/25 11:00:00,Annual,Percentage of households,Two adults with dependent children,Norway,2005,90.40,,
ESTAT:ISOC_CI_IN_H(1.0),16/12/25 11:00:00,Annual,Percentage of households,Two adults with dependent children,Norway,2006,94.68,,
ESTAT:ISOC_CI_IN_H(1.0),16/12/25 11:00:00,Annual,Percentage of households,Two adults with dependent children,Norway,2007,96.72,,
ESTAT:ISOC_CI_IN_H(1.0),16/12/25 11:00:00,Annual,Percentage of households,Two adults with dependent children,Norway,2008,98.45,,
ESTAT:ISOC_CI_IN_H(1.0),16/12/25 11:00:00,Annual,Percentage of households,Two adults with dependent children,Norway,2009,99.80,,
ESTAT:ISOC_CI_IN_H(1.0),16/12/25 11:00:00,Annual,Percentage of households,Two adults with dependent children,Norway,2010,99.69,,
ESTAT:ISOC_CI_IN_H(1.0),16/12/25 11:00:00,Annual,Percentage of households,Two adults with dependent children,Norway,2011,100.00,,
ESTAT:ISOC_CI_IN_H(1.0),16/12/25 11:00:00,Annual,Percentage of households,Two adults with dependent children,Norway,2012,99.71,,
ESTAT:ISOC_CI_IN_H(1.0),16/12/25 11:00:00,Annual,Percentage of households,Two adults with dependent children,Norway,2013,98.64,,
ESTAT:ISOC_CI_IN_H(1.0),16/12/25 11:00:00,Annual,Percentage of households,Two adults with dependent children,Norway,2014,100.00,,
ESTAT:ISOC_CI_IN_H(1.0),16/12/25 11:00:00,Annual,Percentage of households,Two adults with dependent children,Norway,2015,99.64,,
ESTAT:ISOC_CI_IN_H(1.0),16/12/25 11:00:00,Annual,Percentage of households,Two adults with dependent children,Norway,2016,99.70,,
ESTAT:ISOC_CI_IN_H(1.0),16/12/25 11:00:00,Annual,Percentage of households,Two adults with dependent children,Norway,2017,100.00,,
ESTAT:ISOC_CI_IN_H(1.0),16/12/25 11:00:00,Annual,Percentage of households,Two adults with dependent children,Norway,2018,99.54,,
ESTAT:ISOC_CI_IN_H(1.0),16/12/25 11:00:00,Annual,Percentage of households,Two adults with dependent children,Norway,2019,100.00,,
ESTAT:ISOC_CI_IN_H(1.0),16/12/25 11:00:00,Annual,Percentage of households,Two adults with dependent children,Norway,2020,100.00,,
ESTAT:ISOC_CI_IN_H(1.0),16/12/25 11:00:00,Annual,Percentage of households,Two adults with dependent children,Norway,2021,100.00,,
ESTAT:ISOC_CI_IN_H(1.0),16/12/25 11:00:00,Annual,Percentage of households,Two adults with dependent children,Norway,2022,100.00,,
ESTAT:ISOC_CI_IN_H(1.0),16/12/25 11:00:00,Annual,Percentage of households,Two adults with dependent children,Norway,2023,98.93,,
ESTAT:ISOC_CI_IN_H(1.0),16/12/25 11:00:00,Annual,Percentage of households,Two adults with dependent children,Norway,2024,99.46,,
ESTAT:ISOC_CI_IN_H(1.0),16/12/25 11:00:00,Annual,Percentage of households,Two adults with dependent children,Norway,2025,100.00,,
ESTAT:ISOC_CI_IN_H(1.0),16/12/25 11:00:00,Annual,Percentage of households,Two adults with dependent children,Poland,2004,36.52,,
ESTAT:ISOC_CI_IN_H(1.0),16/12/25 11:00:00,Annual,Percentage of households,Two adults with dependent children,Poland,2005,39.92,,
ESTAT:ISOC_CI_IN_H(1.0),16/12/25 11:00:00,Annual,Percentage of households,Two adults with dependent children,Poland,2006,49.55,,
ESTAT:ISOC_CI_IN_H(1.0),16/12/25 11:00:00,Annual,Percentage of households,Two adults with dependent children,Poland,2007,55.81,,
ESTAT:ISOC_CI_IN_H(1.0),16/12/25 11:00:00,Annual,Percentage of households,Two adults with dependent children,Poland,2008,64.79,,
ESTAT:ISOC_CI_IN_H(1.0),16/12/25 11:00:00,Annual,Percentage of households,Two adults with dependent children,Poland,2009,76.07,,
ESTAT:ISOC_CI_IN_H(1.0),16/12/25 11:00:00,Annual,Percentage of households,Two adults with dependent children,Poland,2010,84.88,,
ESTAT:ISOC_CI_IN_H(1.0),16/12/25 11:00:00,Annual,Percentage of households,Two adults with dependent children,Poland,2011,89.35,,
ESTAT:ISOC_CI_IN_H(1.0),16/12/25 11:00:00,Annual,Percentage of households,Two adults with dependent children,Poland,2012,93.06,,
ESTAT:ISOC_CI_IN_H(1.0),16/12/25 11:00:00,Annual,Percentage of households,Two adults with dependent children,Poland,2013,94.35,,
ESTAT:ISOC_CI_IN_H(1.0),16/12/25 11:00:00,Annual,Percentage of households,Two adults with dependent children,Poland,2014,93.98,,
ESTAT:ISOC_CI_IN_H(1.0),16/12/25 11:00:00,Annual,Percentage of households,Two adults with dependent children,Poland,2015,94.35,,
ESTAT:ISOC_CI_IN_H(1.0),16/12/25 11:00:00,Annual,Percentage of households,Two adults with dependent children,Poland,2016,98.36,,
ESTAT:ISOC_CI_IN_H(1.0),16/12/25 11:00:00,Annual,Percentage of households,Two adults with dependent children,Poland,2017,99.13,,
ESTAT:ISOC_CI_IN_H(1.0),16/12/25 11:00:00,Annual,Percentage of households,Two adults with dependent children,Poland,2018,99.17,,
ESTAT:ISOC_CI_IN_H(1.0),16/12/25 11:00:00,Annual,Percentage of households,Two adults with dependent children,Poland,2019,99.50,,
ESTAT:ISOC_CI_IN_H(1.0),16/12/25 11:00:00,Annual,Percentage of households,Two adults with dependent children,Poland,2020,99.55,,
ESTAT:ISOC_CI_IN_H(1.0),16/12/25 11:00:00,Annual,Percentage of households,Two adults with dependent children,Poland,2021,99.67,,
ESTAT:ISOC_CI_IN_H(1.0),16/12/25 11:00:00,Annual,Percentage of households,Two adults with dependent children,Poland,2022,99.86,,
ESTAT:ISOC_CI_IN_H(1.0),16/12/25 11:00:00,Annual,Percentage of households,Two adults with dependent children,Poland,2023,99.77,,
ESTAT:ISOC_CI_IN_H(1.0),16/12/25 11:00:00,Annual,Percentage of households,Two adults with dependent children,Poland,2024,99.92,,
ESTAT:ISOC_CI_IN_H(1.0),16/12/25 11:00:00,Annual,Percentage of households,Two adults with dependent children,Poland,2025,100.00,,
ESTAT:ISOC_CI_IN_H(1.0),16/12/25 11:00:00,Annual,Percentage of households,Two adults with dependent children,Portugal,2003,32.66,,
ESTAT:ISOC_CI_IN_H(1.0),16/12/25 11:00:00,Annual,Percentage of households,Two adults with dependent children,Portugal,2004,41.59,,
ESTAT:ISOC_CI_IN_H(1.0),16/12/25 11:00:00,Annual,Percentage of households,Two adults with dependent children,Portugal,2005,41.83,,
ESTAT:ISOC_CI_IN_H(1.0),16/12/25 11:00:00,Annual,Percentage of households,Two adults with dependent children,Portugal,2006,47.87,,
ESTAT:ISOC_CI_IN_H(1.0),16/12/25 11:00:00,Annual,Percentage of households,Two adults with dependent children,Portugal,2007,53.84,,
ESTAT:ISOC_CI_IN_H(1.0),16/12/25 11:00:00,Annual,Percentage of households,Two adults with dependent children,Portugal,2008,65.30,,
ESTAT:ISOC_CI_IN_H(1.0),16/12/25 11:00:00,Annual,Percentage of households,Two adults with dependent children,Portugal,2009,71.43,,
ESTAT:ISOC_CI_IN_H(1.0),16/12/25 11:00:00,Annual,Percentage of households,Two adults with dependent children,Portugal,2010,80.26,,
ESTAT:ISOC_CI_IN_H(1.0),16/12/25 11:00:00,Annual,Percentage of households,Two adults with dependent children,Portugal,2011,82.84,,
ESTAT:ISOC_CI_IN_H(1.0),16/12/25 11:00:00,Annual,Percentage of households,Two adults with dependent children,Portugal,2012,84.01,,
ESTAT:ISOC_CI_IN_H(1.0),16/12/25 11:00:00,Annual,Percentage of households,Two adults with dependent children,Portugal,2013,86.51,,
ESTAT:ISOC_CI_IN_H(1.0),16/12/25 11:00:00,Annual,Percentage of households,Two adults with dependent children,Portugal,2014,87.92,,
ESTAT:ISOC_CI_IN_H(1.0),16/12/25 11:00:00,Annual,Percentage of households,Two adults with dependent children,Portugal,2015,92.10,,
ESTAT:ISOC_CI_IN_H(1.0),16/12/25 11:00:00,Annual,Percentage of households,Two adults with dependent children,Portugal,2016,96.20,,
ESTAT:ISOC_CI_IN_H(1.0),16/12/25 11:00:00,Annual,Percentage of households,Two adults with dependent children,Portugal,2017,96.14,,
ESTAT:ISOC_CI_IN_H(1.0),16/12/25 11:00:00,Annual,Percentage of households,Two adults with dependent children,Portugal,2018,96.30,,
ESTAT:ISOC_CI_IN_H(1.0),16/12/25 11:00:00,Annual,Percentage of households,Two adults with dependent children,Portugal,2019,96.64,,
ESTAT:ISOC_CI_IN_H(1.0),16/12/25 11:00:00,Annual,Percentage of households,Two adults with dependent children,Portugal,2020,98.34,,
ESTAT:ISOC_CI_IN_H(1.0),16/12/25 11:00:00,Annual,Percentage of households,Two adults with dependent children,Portugal,2021,98.60,,
ESTAT:ISOC_CI_IN_H(1.0),16/12/25 11:00:00,Annual,Percentage of households,Two adults with dependent children,Portugal,2022,99.70,,
ESTAT:ISOC_CI_IN_H(1.0),16/12/25 11:00:00,Annual,Percentage of households,Two adults with dependent children,Portugal,2023,98.79,,
ESTAT:ISOC_CI_IN_H(1.0),16/12/25 11:00:00,Annual,Percentage of households,Two adults with dependent children,Portugal,2024,99.59,,
ESTAT:ISOC_CI_IN_H(1.0),16/12/25 11:00:00,Annual,Percentage of households,Two adults with dependent children,Portugal,2025,99.16,,
ESTAT:ISOC_CI_IN_H(1.0),16/12/25 11:00:00,Annual,Percentage of households,Two adults with dependent children,Romania,2006,16.89,,
ESTAT:ISOC_CI_IN_H(1.0),16/12/25 11:00:00,Annual,Percentage of households,Two adults with dependent children,Romania,2007,25.91,,
ESTAT:ISOC_CI_IN_H(1.0),16/12/25 11:00:00,Annual,Percentage of households,Two adults with dependent children,Romania,2008,35.93,,
ESTAT:ISOC_CI_IN_H(1.0),16/12/25 11:00:00,Annual,Percentage of households,Two adults with dependent children,Romania,2009,47.46,,
ESTAT:ISOC_CI_IN_H(1.0),16/12/25 11:00:00,Annual,Percentage of households,Two adults with dependent children,Romania,2010,53.41,,
ESTAT:ISOC_CI_IN_H(1.0),16/12/25 11:00:00,Annual,Percentage of households,Two adults with dependent children,Romania,2011,58.47,,
ESTAT:ISOC_CI_IN_H(1.0),16/12/25 11:00:00,Annual,Percentage of households,Two adults with dependent children,Romania,2012,64.09,,
ESTAT:ISOC_CI_IN_H(1.0),16/12/25 11:00:00,Annual,Percentage of households,Two adults with dependent children,Romania,2013,68.59,,
ESTAT:ISOC_CI_IN_H(1.0),16/12/25 11:00:00,Annual,Percentage of households,Two adults with dependent children,Romania,2014,77.57,b,
ESTAT:ISOC_CI_IN_H(1.0),16/12/25 11:00:00,Annual,Percentage of households,Two adults with dependent children,Romania,2015,81.50,,
ESTAT:ISOC_CI_IN_H(1.0),16/12/25 11:00:00,Annual,Percentage of households,Two adults with dependent children,Romania,2016,88.09,,
ESTAT:ISOC_CI_IN_H(1.0),16/12/25 11:00:00,Annual,Percentage of households,Two adults with dependent children,Romania,2017,91.05,,
ESTAT:ISOC_CI_IN_H(1.0),16/12/25 11:00:00,Annual,Percentage of households,Two adults with dependent children,Romania,2018,92.07,,
ESTAT:ISOC_CI_IN_H(1.0),16/12/25 11:00:00,Annual,Percentage of households,Two adults with dependent children,Romania,2019,94.10,,
ESTAT:ISOC_CI_IN_H(1.0),16/12/25 11:00:00,Annual,Percentage of households,Two adults with dependent children,Romania,2020,96.67,,
ESTAT:ISOC_CI_IN_H(1.0),16/12/25 11:00:00,Annual,Percentage of households,Two adults with dependent children,Romania,2021,99.14,,
ESTAT:ISOC_CI_IN_H(1.0),16/12/25 11:00:00,Annual,Percentage of households,Two adults with dependent children,Romania,2022,96.01,,
ESTAT:ISOC_CI_IN_H(1.0),16/12/25 11:00:00,Annual,Percentage of households,Two adults with dependent children,Romania,2023,99.05,,
ESTAT:ISOC_CI_IN_H(1.0),16/12/25 11:00:00,Annual,Percentage of households,Two adults with dependent children,Romania,2024,98.84,,
ESTAT:ISOC_CI_IN_H(1.0),16/12/25 11:00:00,Annual,Percentage of households,Two adults with dependent children,Romania,2025,98.83,,
ESTAT:ISOC_CI_IN_H(1.0),16/12/25 11:00:00,Annual,Percentage of households,Two adults with dependent children,Serbia,2015,90.99,,
ESTAT:ISOC_CI_IN_H(1.0),16/12/25 11:00:00,Annual,Percentage of households,Two adults with dependent children,Serbia,2017,95.13,,
ESTAT:ISOC_CI_IN_H(1.0),16/12/25 11:00:00,Annual,Percentage of households,Two adults with dependent children,Serbia,2018,92.77,,
ESTAT:ISOC_CI_IN_H(1.0),16/12/25 11:00:00,Annual,Percentage of households,Two adults with dependent children,Serbia,2019,96.77,,
ESTAT:ISOC_CI_IN_H(1.0),16/12/25 11:00:00,Annual,Percentage of households,Two adults with dependent children,Serbia,2020,97.95,,
ESTAT:ISOC_CI_IN_H(1.0),16/12/25 11:00:00,Annual,Percentage of households,Two adults with dependent children,Serbia,2021,97.76,,
ESTAT:ISOC_CI_IN_H(1.0),16/12/25 11:00:00,Annual,Percentage of households,Two adults with dependent children,Serbia,2022,100.00,,
ESTAT:ISOC_CI_IN_H(1.0),16/12/25 11:00:00,Annual,Percentage of households,Two adults with dependent children,Serbia,2023,98.89,,
ESTAT:ISOC_CI_IN_H(1.0),16/12/25 11:00:00,Annual,Percentage of households,Two adults with dependent children,Serbia,2024,98.96,,
ESTAT:ISOC_CI_IN_H(1.0),16/12/25 11:00:00,Annual,Percentage of households,Two adults with dependent children,Serbia,2025,98.69,,
ESTAT:ISOC_CI_IN_H(1.0),16/12/25 11:00:00,Annual,Percentage of households,Two adults with dependent children,Sweden,2005,92.51,,
ESTAT:ISOC_CI_IN_H(1.0),16/12/25 11:00:00,Annual,Percentage of households,Two adults with dependent children,Sweden,2006,93.73,,
ESTAT:ISOC_CI_IN_H(1.0),16/12/25 11:00:00,Annual,Percentage of households,Two adults with dependent children,Sweden,2007,94.72,,
ESTAT:ISOC_CI_IN_H(1.0),16/12/25 11:00:00,Annual,Percentage of households,Two adults with dependent children,Sweden,2008,95.74,,
ESTAT:ISOC_CI_IN_H(1.0),16/12/25 11:00:00,Annual,Percentage of households,Two adults with dependent children,Sweden,2009,97.74,,
ESTAT:ISOC_CI_IN_H(1.0),16/12/25 11:00:00,Annual,Percentage of households,Two adults with dependent children,Sweden,2010,98.40,,
ESTAT:ISOC_CI_IN_H(1.0),16/12/25 11:00:00,Annual,Percentage of households,Two adults with dependent children,Sweden,2011,98.54,,
ESTAT:ISOC_CI_IN_H(1.0),16/12/25 11:00:00,Annual,Percentage of households,Two adults with dependent children,Sweden,2012,99.53,,
ESTAT:ISOC_CI_IN_H(1.0),16/12/25 11:00:00,Annual,Percentage of households,Two adults with dependent children,Sweden,2013,99.24,,
ESTAT:ISOC_CI_IN_H(1.0),16/12/25 11:00:00,Annual,Percentage of households,Two adults with dependent children,Sweden,2014,99.04,,
ESTAT:ISOC_CI_IN_H(1.0),16/12/25 11:00:00,Annual,Percentage of households,Two adults with dependent children,Sweden,2015,97.35,,
ESTAT:ISOC_CI_IN_H(1.0),16/12/25 11:00:00,Annual,Percentage of households,Two adults with dependent children,Sweden,2016,97.77,b,
ESTAT:ISOC_CI_IN_H(1.0),16/12/25 11:00:00,Annual,Percentage of households,Two adults with dependent children,Sweden,2017,97.73,,
ESTAT:ISOC_CI_IN_H(1.0),16/12/25 11:00:00,Annual,Percentage of households,Two adults with dependent children,Sweden,2018,98.76,,
ESTAT:ISOC_CI_IN_H(1.0),16/12/25 11:00:00,Annual,Percentage of households,Two adults with dependent children,Sweden,2019,100.00,,
ESTAT:ISOC_CI_IN_H(1.0),16/12/25 11:00:00,Annual,Percentage of households,Two adults with dependent children,Sweden,2020,99.04,,
ESTAT:ISOC_CI_IN_H(1.0),16/12/25 11:00:00,Annual,Percentage of households,Two adults with dependent children,Sweden,2021,96.99,,
ESTAT:ISOC_CI_IN_H(1.0),16/12/25 11:00:00,Annual,Percentage of households,Two adults with dependent children,Sweden,2022,98.43,,
ESTAT:ISOC_CI_IN_H(1.0),16/12/25 11:00:00,Annual,Percentage of households,Two adults with dependent children,Sweden,2023,99.22,,
ESTAT:ISOC_CI_IN_H(1.0),16/12/25 11:00:00,Annual,Percentage of households,Two adults with dependent children,Sweden,2024,98.16,,
ESTAT:ISOC_CI_IN_H(1.0),16/12/25 11:00:00,Annual,Percentage of households,Two adults with dependent children,Sweden,2025,99.93,,
ESTAT:ISOC_CI_IN_H(1.0),16/12/25 11:00:00,Annual,Percentage of households,Two adults with dependent children,Slovenia,2004,68.94,,
ESTAT:ISOC_CI_IN_H(1.0),16/12/25 11:00:00,Annual,Percentage of households,Two adults with dependent children,Slovenia,2005,66.86,,
ESTAT:ISOC_CI_IN_H(1.0),16/12/25 11:00:00,Annual,Percentage of households,Two adults with dependent children,Slovenia,2006,77.06,,
ESTAT:ISOC_CI_IN_H(1.0),16/12/25 11:00:00,Annual,Percentage of households,Two adults with dependent children,Slovenia,2007,77.75,,
ESTAT:ISOC_CI_IN_H(1.0),16/12/25 11:00:00,Annual,Percentage of households,Two adults with dependent children,Slovenia,2008,84.63,,
ESTAT:ISOC_CI_IN_H(1.0),16/12/25 11:00:00,Annual,Percentage of households,Two adults with dependent children,Slovenia,2009,85.03,,
ESTAT:ISOC_CI_IN_H(1.0),16/12/25 11:00:00,Annual,Percentage of households,Two adults with dependent children,Slovenia,2010,91.55,,
ESTAT:ISOC_CI_IN_H(1.0),16/12/25 11:00:00,Annual,Percentage of households,Two adults with dependent children,Slovenia,2011,95.11,,
ESTAT:ISOC_CI_IN_H(1.0),16/12/25 11:00:00,Annual,Percentage of households,Two adults with dependent children,Slovenia,2012,93.35,,
ESTAT:ISOC_CI_IN_H(1.0),16/12/25 11:00:00,Annual,Percentage of households,Two adults with dependent children,Slovenia,2013,95.13,,
ESTAT:ISOC_CI_IN_H(1.0),16/12/25 11:00:00,Annual,Percentage of households,Two adults with dependent children,Slovenia,2014,97.02,,
ESTAT:ISOC_CI_IN_H(1.0),16/12/25 11:00:00,Annual,Percentage of households,Two adults with dependent children,Slovenia,2015,97.31,,
ESTAT:ISOC_CI_IN_H(1.0),16/12/25 11:00:00,Annual,Percentage of households,Two adults with dependent children,Slovenia,2016,97.66,,
ESTAT:ISOC_CI_IN_H(1.0),16/12/25 11:00:00,Annual,Percentage of households,Two adults with dependent children,Slovenia,2017,98.65,,
ESTAT:ISOC_CI_IN_H(1.0),16/12/25 11:00:00,Annual,Percentage of households,Two adults with dependent children,Slovenia,2018,98.48,,
ESTAT:ISOC_CI_IN_H(1.0),16/12/25 11:00:00,Annual,Percentage of households,Two adults with dependent children,Slovenia,2019,98.35,,
ESTAT:ISOC_CI_IN_H(1.0),16/12/25 11:00:00,Annual,Percentage of households,Two adults with dependent children,Slovenia,2020,98.33,,
ESTAT:ISOC_CI_IN_H(1.0),16/12/25 11:00:00,Annual,Percentage of households,Two adults with dependent children,Slovenia,2021,97.87,,
ESTAT:ISOC_CI_IN_H(1.0),16/12/25 11:00:00,Annual,Percentage of households,Two adults with dependent children,Slovenia,2022,99.57,,
ESTAT:ISOC_CI_IN_H(1.0),16/12/25 11:00:00,Annual,Percentage of households,Two adults with dependent children,Slovenia,2023,100.00,,
ESTAT:ISOC_CI_IN_H(1.0),16/12/25 11:00:00,Annual,Percentage of households,Two adults with dependent children,Slovenia,2024,100.00,,
ESTAT:ISOC_CI_IN_H(1.0),16/12/25 11:00:00,Annual,Percentage of households,Two adults with dependent children,Slovenia,2025,100.00,,
ESTAT:ISOC_CI_IN_H(1.0),16/12/25 11:00:00,Annual,Percentage of households,Two adults with dependent children,Slovakia,2004,29.02,,
ESTAT:ISOC_CI_IN_H(1.0),16/12/25 11:00:00,Annual,Percentage of households,Two adults with dependent children,Slovakia,2005,32.50,,
ESTAT:ISOC_CI_IN_H(1.0),16/12/25 11:00:00,Annual,Percentage of households,Two adults with dependent children,Slovakia,2006,33.24,,
ESTAT:ISOC_CI_IN_H(1.0),16/12/25 11:00:00,Annual,Percentage of households,Two adults with dependent children,Slovakia,2007,60.14,,
ESTAT:ISOC_CI_IN_H(1.0),16/12/25 11:00:00,Annual,Percentage of households,Two adults with dependent children,Slovakia,2008,74.24,,
ESTAT:ISOC_CI_IN_H(1.0),16/12/25 11:00:00,Annual,Percentage of households,Two adults with dependent children,Slovakia,2009,82.64,,
ESTAT:ISOC_CI_IN_H(1.0),16/12/25 11:00:00,Annual,Percentage of households,Two adults with dependent children,Slovakia,2010,84.90,,
ESTAT:ISOC_CI_IN_H(1.0),16/12/25 11:00:00,Annual,Percentage of households,Two adults with dependent children,Slovakia,2011,89.48,,
ESTAT:ISOC_CI_IN_H(1.0),16/12/25 11:00:00,Annual,Percentage of households,Two adults with dependent children,Slovakia,2012,92.49,,
ESTAT:ISOC_CI_IN_H(1.0),16/12/25 11:00:00,Annual,Percentage of households,Two adults with dependent children,Slovakia,2013,94.25,,
ESTAT:ISOC_CI_IN_H(1.0),16/12/25 11:00:00,Annual,Percentage of households,Two adults with dependent children,Slovakia,2014,96.68,,
ESTAT:ISOC_CI_IN_H(1.0),16/12/25 11:00:00,Annual,Percentage of households,Two adults with dependent children,Slovakia,2015,96.47,,
ESTAT:ISOC_CI_IN_H(1.0),16/12/25 11:00:00,Annual,Percentage of households,Two adults with dependent children,Slovakia,2016,95.69,,
ESTAT:ISOC_CI_IN_H(1.0),16/12/25 11:00:00,Annual,Percentage of households,Two adults with dependent children,Slovakia,2017,97.02,,
ESTAT:ISOC_CI_IN_H(1.0),16/12/25 11:00:00,Annual,Percentage of households,Two adults with dependent children,Slovakia,2018,97.29,,
ESTAT:ISOC_CI_IN_H(1.0),16/12/25 11:00:00,Annual,Percentage of households,Two adults with dependent children,Slovakia,2019,97.60,,
ESTAT:ISOC_CI_IN_H(1.0),16/12/25 11:00:00,Annual,Percentage of households,Two adults with dependent children,Slovakia,2020,90.73,,
ESTAT:ISOC_CI_IN_H(1.0),16/12/25 11:00:00,Annual,Percentage of households,Two adults with dependent children,Slovakia,2021,97.13,,
ESTAT:ISOC_CI_IN_H(1.0),16/12/25 11:00:00,Annual,Percentage of households,Two adults with dependent children,Slovakia,2022,98.89,,
ESTAT:ISOC_CI_IN_H(1.0),16/12/25 11:00:00,Annual,Percentage of households,Two adults with dependent children,Slovakia,2023,98.50,,
ESTAT:ISOC_CI_IN_H(1.0),16/12/25 11:00:00,Annual,Percentage of households,Two adults with dependent children,Slovakia,2024,99.41,,
ESTAT:ISOC_CI_IN_H(1.0),16/12/25 11:00:00,Annual,Percentage of households,Two adults with dependent children,Slovakia,2025,98.93,,
ESTAT:ISOC_CI_IN_H(1.0),16/12/25 11:00:00,Annual,Percentage of households,Two adults with dependent children,Türkiye,2004,7.51,,
ESTAT:ISOC_CI_IN_H(1.0),16/12/25 11:00:00,Annual,Percentage of households,Two adults with dependent children,Türkiye,2007,19.52,,
ESTAT:ISOC_CI_IN_H(1.0),16/12/25 11:00:00,Annual,Percentage of households,Two adults with dependent children,Türkiye,2008,24.91,,
ESTAT:ISOC_CI_IN_H(1.0),16/12/25 11:00:00,Annual,Percentage of households,Two adults with dependent children,Türkiye,2009,31.63,,
ESTAT:ISOC_CI_IN_H(1.0),16/12/25 11:00:00,Annual,Percentage of households,Two adults with dependent children,Türkiye,2010,43.11,,
ESTAT:ISOC_CI_IN_H(1.0),16/12/25 11:00:00,Annual,Percentage of households,Two adults with dependent children,Türkiye,2012,50.75,,
ESTAT:ISOC_CI_IN_H(1.0),16/12/25 11:00:00,Annual,Percentage of households,Two adults with dependent children,Türkiye,2013,53.95,,
ESTAT:ISOC_CI_IN_H(1.0),16/12/25 11:00:00,Annual,Percentage of households,Two adults with dependent children,Türkiye,2020,97.89,,
ESTAT:ISOC_CI_IN_H(1.0),16/12/25 11:00:00,Annual,Percentage of households,Two adults with dependent children,Türkiye,2021,99.30,,
ESTAT:ISOC_CI_IN_H(1.0),16/12/25 11:00:00,Annual,Percentage of households,Two adults with dependent children,Türkiye,2022,99.30,,
ESTAT:ISOC_CI_IN_H(1.0),16/12/25 11:00:00,Annual,Percentage of households,Two adults with dependent children,Türkiye,2023,99.54,,
ESTAT:ISOC_CI_IN_H(1.0),16/12/25 11:00:00,Annual,Percentage of households,Two adults with dependent children,Türkiye,2024,99.69,,
ESTAT:ISOC_CI_IN_H(1.0),16/12/25 11:00:00,Annual,Percentage of households,Two adults with dependent children,Türkiye,2025,99.78,,
ESTAT:ISOC_CI_IN_H(1.0),16/12/25 11:00:00,Annual,Percentage of households,Two adults with dependent children,United Kingdom,2002,67.93,,
ESTAT:ISOC_CI_IN_H(1.0),16/12/25 11:00:00,Annual,Percentage of households,Two adults with dependent children,United Kingdom,2003,74.49,,
ESTAT:ISOC_CI_IN_H(1.0),16/12/25 11:00:00,Annual,Percentage of households,Two adults with dependent children,United Kingdom,2004,76.57,,
ESTAT:ISOC_CI_IN_H(1.0),16/12/25 11:00:00,Annual,Percentage of households,Two adults with dependent children,United Kingdom,2005,82.81,,
ESTAT:ISOC_CI_IN_H(1.0),16/12/25 11:00:00,Annual,Percentage of households,Two adults with dependent children,United Kingdom,2006,84.92,,
ESTAT:ISOC_CI_IN_H(1.0),16/12/25 11:00:00,Annual,Percentage of households,Two adults with dependent children,United Kingdom,2007,81.36,,
ESTAT:ISOC_CI_IN_H(1.0),16/12/25 11:00:00,Annual,Percentage of households,Two adults with dependent children,United Kingdom,2008,84.49,,
ESTAT:ISOC_CI_IN_H(1.0),16/12/25 11:00:00,Annual,Percentage of households,Two adults with dependent children,United Kingdom,2009,93.25,,
ESTAT:ISOC_CI_IN_H(1.0),16/12/25 11:00:00,Annual,Percentage of households,Two adults with dependent children,United Kingdom,2010,93.56,,
ESTAT:ISOC_CI_IN_H(1.0),16/12/25 11:00:00,Annual,Percentage of households,Two adults with dependent children,United Kingdom,2011,95.88,,
ESTAT:ISOC_CI_IN_H(1.0),16/12/25 11:00:00,Annual,Percentage of households,Two adults with dependent children,United Kingdom,2012,97.71,,
ESTAT:ISOC_CI_IN_H(1.0),16/12/25 11:00:00,Annual,Percentage of households,Two adults with dependent children,United Kingdom,2013,88.96,,
ESTAT:ISOC_CI_IN_H(1.0),16/12/25 11:00:00,Annual,Percentage of households,Two adults with dependent children,United Kingdom,2014,98.38,,
ESTAT:ISOC_CI_IN_H(1.0),16/12/25 11:00:00,Annual,Percentage of households,Two adults with dependent children,United Kingdom,2015,98.02,,
ESTAT:ISOC_CI_IN_H(1.0),16/12/25 11:00:00,Annual,Percentage of households,Two adults with dependent children,United Kingdom,2016,99.53,,
ESTAT:ISOC_CI_IN_H(1.0),16/12/25 11:00:00,Annual,Percentage of households,Two adults with dependent children,United Kingdom,2017,99.25,,
ESTAT:ISOC_CI_IN_H(1.0),16/12/25 11:00:00,Annual,Percentage of households,Two adults with dependent children,United Kingdom,2018,99.81,,
ESTAT:ISOC_CI_IN_H(1.0),16/12/25 11:00:00,Annual,Percentage of households,Two adults with dependent children,United Kingdom,2019,99.63,,
ESTAT:ISOC_CI_IN_H(1.0),16/12/25 11:00:00,Annual,Percentage of households,Two adults with dependent children,United Kingdom,2020,99.86,,
ESTAT:ISOC_CI_IN_H(1.0),16/12/25 11:00:00,Annual,Percentage of households,Two adults with dependent children,Kosovo*,2017,84.71,,
ESTAT:ISOC_CI_IN_H(1.0),16/12/25 11:00:00,Annual,Percentage of households,Two adults with dependent children,Kosovo*,2018,87.28,,
ESTAT:ISOC_CI_IN_H(1.0),16/12/25 11:00:00,Annual,Percentage of households,Two adults with dependent children,Kosovo*,2019,89.48,,
ESTAT:ISOC_CI_IN_H(1.0),16/12/25 11:00:00,Annual,Percentage of households,Two adults with dependent children,Kosovo*,2020,95.70,,
ESTAT:ISOC_CI_IN_H(1.0),16/12/25 11:00:00,Annual,Percentage of households,Two adults with dependent children,Kosovo*,2024,99.74,,
ESTAT:ISOC_CI_IN_H(1.0),16/12/25 11:00:00,Annual,Percentage of households,All types with dependent children,Albania,2018,88.93,,
ESTAT:ISOC_CI_IN_H(1.0),16/12/25 11:00:00,Annual,Percentage of households,All types with dependent children,Albania,2019,91.11,,
ESTAT:ISOC_CI_IN_H(1.0),16/12/25 11:00:00,Annual,Percentage of households,All types with dependent children,Albania,2020,92.09,,
ESTAT:ISOC_CI_IN_H(1.0),16/12/25 11:00:00,Annual,Percentage of households,All types with dependent children,Albania,2021,94.93,,
ESTAT:ISOC_CI_IN_H(1.0),16/12/25 11:00:00,Annual,Percentage of households,All types with dependent children,Albania,2022,100.00,,
ESTAT:ISOC_CI_IN_H(1.0),16/12/25 11:00:00,Annual,Percentage of households,All types with dependent children,Albania,2023,99.96,,
ESTAT:ISOC_CI_IN_H(1.0),16/12/25 11:00:00,Annual,Percentage of households,All types with dependent children,Albania,2024,99.95,,
ESTAT:ISOC_CI_IN_H(1.0),16/12/25 11:00:00,Annual,Percentage of households,All types with dependent children,Austria,2002,44.15,,
ESTAT:ISOC_CI_IN_H(1.0),16/12/25 11:00:00,Annual,Percentage of households,All types with dependent children,Austria,2003,50.72,,
ESTAT:ISOC_CI_IN_H(1.0),16/12/25 11:00:00,Annual,Percentage of households,All types with dependent children,Austria,2004,61.89,,
ESTAT:ISOC_CI_IN_H(1.0),16/12/25 11:00:00,Annual,Percentage of households,All types with dependent children,Austria,2005,63.35,,
ESTAT:ISOC_CI_IN_H(1.0),16/12/25 11:00:00,Annual,Percentage of households,All types with dependent children,Austria,2006,67.71,,
ESTAT:ISOC_CI_IN_H(1.0),16/12/25 11:00:00,Annual,Percentage of households,All types with dependent children,Austria,2007,,u,
ESTAT:ISOC_CI_IN_H(1.0),16/12/25 11:00:00,Annual,Percentage of households,All types with dependent children,Austria,2008,83.93,,
ESTAT:ISOC_CI_IN_H(1.0),16/12/25 11:00:00,Annual,Percentage of households,All types with dependent children,Austria,2009,91.59,,
ESTAT:ISOC_CI_IN_H(1.0),16/12/25 11:00:00,Annual,Percentage of households,All types with dependent children,Austria,2010,93.91,,
ESTAT:ISOC_CI_IN_H(1.0),16/12/25 11:00:00,Annual,Percentage of households,All types with dependent children,Austria,2011,95.88,,
ESTAT:ISOC_CI_IN_H(1.0),16/12/25 11:00:00,Annual,Percentage of households,All types with dependent children,Austria,2012,96.66,,
ESTAT:ISOC_CI_IN_H(1.0),16/12/25 11:00:00,Annual,Percentage of households,All types with dependent children,Austria,2013,97.89,,
ESTAT:ISOC_CI_IN_H(1.0),16/12/25 11:00:00,Annual,Percentage of households,All types with dependent children,Austria,2014,97.80,,
ESTAT:ISOC_CI_IN_H(1.0),16/12/25 11:00:00,Annual,Percentage of households,All types with dependent children,Austria,2015,98.65,,
ESTAT:ISOC_CI_IN_H(1.0),16/12/25 11:00:00,Annual,Percentage of households,All types with dependent children,Austria,2016,98.34,,
ESTAT:ISOC_CI_IN_H(1.0),16/12/25 11:00:00,Annual,Percentage of households,All types with dependent children,Austria,2017,99.15,,
ESTAT:ISOC_CI_IN_H(1.0),16/12/25 11:00:00,Annual,Percentage of households,All types with dependent children,Austria,2018,98.98,,
ESTAT:ISOC_CI_IN_H(1.0),16/12/25 11:00:00,Annual,Percentage of households,All types with dependent children,Austria,2019,98.25,,
ESTAT:ISOC_CI_IN_H(1.0),16/12/25 11:00:00,Annual,Percentage of households,All types with dependent children,Austria,2020,98.29,,
ESTAT:ISOC_CI_IN_H(1.0),16/12/25 11:00:00,Annual,Percentage of households,All types with dependent children,Austria,2021,99.93,,
ESTAT:ISOC_CI_IN_H(1.0),16/12/25 11:00:00,Annual,Percentage of households,All types with dependent children,Austria,2022,98.97,,
ESTAT:ISOC_CI_IN_H(1.0),16/12/25 11:00:00,Annual,Percentage of households,All types with dependent children,Austria,2023,99.61,,
ESTAT:ISOC_CI_IN_H(1.0),16/12/25 11:00:00,Annual,Percentage of households,All types with dependent children,Austria,2024,99.35,,
ESTAT:ISOC_CI_IN_H(1.0),16/12/25 11:00:00,Annual,Percentage of households,All types with dependent children,Austria,2025,99.97,,
ESTAT:ISOC_CI_IN_H(1.0),16/12/25 11:00:00,Annual,Percentage of households,All types with dependent children,Bosnia and Herzegovina,2018,82.04,,
ESTAT:ISOC_CI_IN_H(1.0),16/12/25 11:00:00,Annual,Percentage of households,All types with dependent children,Bosnia and Herzegovina,2019,83.02,,
ESTAT:ISOC_CI_IN_H(1.0),16/12/25 11:00:00,Annual,Percentage of households,All types with dependent children,Bosnia and Herzegovina,2020,91.37,,
ESTAT:ISOC_CI_IN_H(1.0),16/12/25 11:00:00,Annual,Percentage of households,All types with dependent children,Bosnia and Herzegovina,2021,96.12,,
ESTAT:ISOC_CI_IN_H(1.0),16/12/25 11:00:00,Annual,Percentage of households,All types with dependent children,Bosnia and Herzegovina,2023,96.54,,
ESTAT:ISOC_CI_IN_H(1.0),16/12/25 11:00:00,Annual,Percentage of households,All types with dependent children,Bosnia and Herzegovina,2024,99.43,,
ESTAT:ISOC_CI_IN_H(1.0),16/12/25 11:00:00,Annual,Percentage of households,All types with dependent children,Bosnia and Herzegovina,2025,98.62,,
ESTAT:ISOC_CI_IN_H(1.0),16/12/25 11:00:00,Annual,Percentage of households,All types with dependent children,Belgium,2005,68.65,,
ESTAT:ISOC_CI_IN_H(1.0),16/12/25 11:00:00,Annual,Percentage of households,All types with dependent children,Belgium,2006,72.09,,
ESTAT:ISOC_CI_IN_H(1.0),16/12/25 11:00:00,Annual,Percentage of households,All types with dependent children,Belgium,2007,77.62,,
ESTAT:ISOC_CI_IN_H(1.0),16/12/25 11:00:00,Annual,Percentage of households,All types with dependent children,Belgium,2008,80.47,,
ESTAT:ISOC_CI_IN_H(1.0),16/12/25 11:00:00,Annual,Percentage of households,All types with dependent children,Belgium,2009,84.01,,
ESTAT:ISOC_CI_IN_H(1.0),16/12/25 11:00:00,Annual,Percentage of households,All types with dependent children,Belgium,2010,88.90,,
ESTAT:ISOC_CI_IN_H(1.0),16/12/25 11:00:00,Annual,Percentage of households,All types with dependent children,Belgium,2011,91.27,,
ESTAT:ISOC_CI_IN_H(1.0),16/12/25 11:00:00,Annual,Percentage of households,All types with dependent children,Belgium,2012,92.76,,
ESTAT:ISOC_CI_IN_H(1.0),16/12/25 11:00:00,Annual,Percentage of households,All types with dependent children,Belgium,2013,93.17,,
ESTAT:ISOC_CI_IN_H(1.0),16/12/25 11:00:00,Annual,Percentage of households,All types with dependent children,Belgium,2014,94.44,,
ESTAT:ISOC_CI_IN_H(1.0),16/12/25 11:00:00,Annual,Percentage of households,All types with dependent children,Belgium,2015,94.93,,
ESTAT:ISOC_CI_IN_H(1.0),16/12/25 11:00:00,Annual,Percentage of households,All types with dependent children,Belgium,2016,95.05,,
ESTAT:ISOC_CI_IN_H(1.0),16/12/25 11:00:00,Annual,Percentage of households,All types with dependent children,Belgium,2017,96.44,,
ESTAT:ISOC_CI_IN_H(1.0),16/12/25 11:00:00,Annual,Percentage of households,All types with dependent children,Belgium,2018,97.25,,
ESTAT:ISOC_CI_IN_H(1.0),16/12/25 11:00:00,Annual,Percentage of households,All types with dependent children,Belgium,2019,98.39,,
ESTAT:ISOC_CI_IN_H(1.0),16/12/25 11:00:00,Annual,Percentage of households,All types with dependent children,Belgium,2020,97.89,,
ESTAT:ISOC_CI_IN_H(1.0),16/12/25 11:00:00,Annual,Percentage of households,All types with dependent children,Belgium,2021,98.33,,
ESTAT:ISOC_CI_IN_H(1.0),16/12/25 11:00:00,Annual,Percentage of households,All types with dependent children,Belgium,2022,98.79,,
ESTAT:ISOC_CI_IN_H(1.0),16/12/25 11:00:00,Annual,Percentage of households,All types with dependent children,Belgium,2023,98.93,,
ESTAT:ISOC_CI_IN_H(1.0),16/12/25 11:00:00,Annual,Percentage of households,All types with dependent children,Belgium,2024,99.24,,
ESTAT:ISOC_CI_IN_H(1.0),16/12/25 11:00:00,Annual,Percentage of households,All types with dependent children,Belgium,2025,98.81,,
ESTAT:ISOC_CI_IN_H(1.0),16/12/25 11:00:00,Annual,Percentage of households,All types with dependent children,Bulgaria,2004,13.78,,
ESTAT:ISOC_CI_IN_H(1.0),16/12/25 11:00:00,Annual,Percentage of households,All types with dependent children,Bulgaria,2007,35.67,,
ESTAT:ISOC_CI_IN_H(1.0),16/12/25 11:00:00,Annual,Percentage of households,All types with dependent children,Bulgaria,2008,49.93,,
ESTAT:ISOC_CI_IN_H(1.0),16/12/25 11:00:00,Annual,Percentage of households,All types with dependent children,Bulgaria,2009,59.28,,
ESTAT:ISOC_CI_IN_H(1.0),16/12/25 11:00:00,Annual,Percentage of households,All types with dependent children,Bulgaria,2010,61.70,,
ESTAT:ISOC_CI_IN_H(1.0),16/12/25 11:00:00,Annual,Percentage of households,All types with dependent children,Bulgaria,2011,66.47,,
ESTAT:ISOC_CI_IN_H(1.0),16/12/25 11:00:00,Annual,Percentage of households,All types with dependent children,Bulgaria,2012,75.10,,
ESTAT:ISOC_CI_IN_H(1.0),16/12/25 11:00:00,Annual,Percentage of households,All types with dependent children,Bulgaria,2013,74.85,,
ESTAT:ISOC_CI_IN_H(1.0),16/12/25 11:00:00,Annual,Percentage of households,All types with dependent children,Bulgaria,2014,81.74,,
ESTAT:ISOC_CI_IN_H(1.0),16/12/25 11:00:00,Annual,Percentage of households,All types with dependent children,Bulgaria,2015,85.91,,
ESTAT:ISOC_CI_IN_H(1.0),16/12/25 11:00:00,Annual,Percentage of households,All types with dependent children,Bulgaria,2016,86.14,,
ESTAT:ISOC_CI_IN_H(1.0),16/12/25 11:00:00,Annual,Percentage of households,All types with dependent children,Bulgaria,2017,87.23,,
ESTAT:ISOC_CI_IN_H(1.0),16/12/25 11:00:00,Annual,Percentage of households,All types with dependent children,Bulgaria,2018,89.46,,
ESTAT:ISOC_CI_IN_H(1.0),16/12/25 11:00:00,Annual,Percentage of households,All types with dependent children,Bulgaria,2019,90.53,,
ESTAT:ISOC_CI_IN_H(1.0),16/12/25 11:00:00,Annual,Percentage of households,All types with dependent children,Bulgaria,2020,96.09,,
ESTAT:ISOC_CI_IN_H(1.0),16/12/25 11:00:00,Annual,Percentage of households,All types with dependent children,Bulgaria,2021,96.03,,
ESTAT:ISOC_CI_IN_H(1.0),16/12/25 11:00:00,Annual,Percentage of households,All types with dependent children,Bulgaria,2022,95.99,,
ESTAT:ISOC_CI_IN_H(1.0),16/12/25 11:00:00,Annual,Percentage of households,All types with dependent children,Bulgaria,2023,97.75,,
ESTAT:ISOC_CI_IN_H(1.0),16/12/25 11:00:00,Annual,Percentage of households,All types with dependent children,Bulgaria,2024,98.37,,
ESTAT:ISOC_CI_IN_H(1.0),16/12/25 11:00:00,Annual,Percentage of households,All types with dependent children,Bulgaria,2025,99.61,,
ESTAT:ISOC_CI_IN_H(1.0),16/12/25 11:00:00,Annual,Percentage of households,All types with dependent children,Switzerland,2014,98.79,,
ESTAT:ISOC_CI_IN_H(1.0),16/12/25 11:00:00,Annual,Percentage of households,All types with dependent children,Switzerland,2017,98.84,b,
ESTAT:ISOC_CI_IN_H(1.0),16/12/25 11:00:00,Annual,Percentage of households,All types with dependent children,Switzerland,2019,97.07,,
ESTAT:ISOC_CI_IN_H(1.0),16/12/25 11:00:00,Annual,Percentage of households,All types with dependent children,Switzerland,2021,99.80,,
ESTAT:ISOC_CI_IN_H(1.0),16/12/25 11:00:00,Annual,Percentage of households,All types with dependent children,Switzerland,2023,99.91,,
ESTAT:ISOC_CI_IN_H(1.0),16/12/25 11:00:00,Annual,Percentage of households,All types with dependent children,Switzerland,2025,100.00,,
ESTAT:ISOC_CI_IN_H(1.0),16/12/25 11:00:00,Annual,Percentage of households,All types with dependent children,Cyprus,2004,57.06,,
ESTAT:ISOC_CI_IN_H(1.0),16/12/25 11:00:00,Annual,Percentage of households,All types with dependent children,Cyprus,2005,44.49,,
ESTAT:ISOC_CI_IN_H(1.0),16/12/25 11:00:00,Annual,Percentage of households,All types with dependent children,Cyprus,2006,52.31,,
ESTAT:ISOC_CI_IN_H(1.0),16/12/25 11:00:00,Annual,Percentage of households,All types with dependent children,Cyprus,2007,53.56,,
ESTAT:ISOC_CI_IN_H(1.0),16/12/25 11:00:00,Annual,Percentage of households,All types with dependent children,Cyprus,2008,60.39,,
ESTAT:ISOC_CI_IN_H(1.0),16/12/25 11:00:00,Annual,Percentage of households,All types with dependent children,Cyprus,2009,73.78,,
ESTAT:ISOC_CI_IN_H(1.0),16/12/25 11:00:00,Annual,Percentage of households,All types with dependent children,Cyprus,2010,79.01,,
ESTAT:ISOC_CI_IN_H(1.0),16/12/25 11:00:00,Annual,Percentage of households,All types with dependent children,Cyprus,2011,80.04,,
ESTAT:ISOC_CI_IN_H(1.0),16/12/25 11:00:00,Annual,Percentage of households,All types with dependent children,Cyprus,2012,80.78,,
ESTAT:ISOC_CI_IN_H(1.0),16/12/25 11:00:00,Annual,Percentage of households,All types with dependent children,Cyprus,2013,84.49,,
ESTAT:ISOC_CI_IN_H(1.0),16/12/25 11:00:00,Annual,Percentage of households,All types with dependent children,Cyprus,2014,88.03,,
ESTAT:ISOC_CI_IN_H(1.0),16/12/25 11:00:00,Annual,Percentage of households,All types with dependent children,Cyprus,2015,89.84,,
ESTAT:ISOC_CI_IN_H(1.0),16/12/25 11:00:00,Annual,Percentage of households,All types with dependent children,Cyprus,2016,95.02,,
ESTAT:ISOC_CI_IN_H(1.0),16/12/25 11:00:00,Annual,Percentage of households,All types with dependent children,Cyprus,2017,95.55,,
ESTAT:ISOC_CI_IN_H(1.0),16/12/25 11:00:00,Annual,Percentage of households,All types with dependent children,Cyprus,2018,97.68,,
ESTAT:ISOC_CI_IN_H(1.0),16/12/25 11:00:00,Annual,Percentage of households,All types with dependent children,Cyprus,2019,99.84,,
ESTAT:ISOC_CI_IN_H(1.0),16/12/25 11:00:00,Annual,Percentage of households,All types with dependent children,Cyprus,2020,99.48,,
ESTAT:ISOC_CI_IN_H(1.0),16/12/25 11:00:00,Annual,Percentage of households,All types with dependent children,Cyprus,2021,99.25,,
ESTAT:ISOC_CI_IN_H(1.0),16/12/25 11:00:00,Annual,Percentage of households,All types with dependent children,Cyprus,2022,100.00,,
ESTAT:ISOC_CI_IN_H(1.0),16/12/25 11:00:00,Annual,Percentage of households,All types with dependent children,Cyprus,2023,99.64,,
ESTAT:ISOC_CI_IN_H(1.0),16/12/25 11:00:00,Annual,Percentage of households,All types with dependent children,Cyprus,2024,100.00,,
ESTAT:ISOC_CI_IN_H(1.0),16/12/25 11:00:00,Annual,Percentage of households,All types with dependent children,Cyprus,2025,99.21,,
ESTAT:ISOC_CI_IN_H(1.0),16/12/25 11:00:00,Annual,Percentage of households,All types with dependent children,Czechia,2004,33.19,,
ESTAT:ISOC_CI_IN_H(1.0),16/12/25 11:00:00,Annual,Percentage of households,All types with dependent children,Czechia,2005,32.72,,
ESTAT:ISOC_CI_IN_H(1.0),16/12/25 11:00:00,Annual,Percentage of households,All types with dependent children,Czechia,2006,45.33,,
ESTAT:ISOC_CI_IN_H(1.0),16/12/25 11:00:00,Annual,Percentage of households,All types with dependent children,Czechia,2007,50.37,,
ESTAT:ISOC_CI_IN_H(1.0),16/12/25 11:00:00,Annual,Percentage of households,All types with dependent children,Czechia,2008,62.97,,
ESTAT:ISOC_CI_IN_H(1.0),16/12/25 11:00:00,Annual,Percentage of households,All types with dependent children,Czechia,2009,77.76,,
ESTAT:ISOC_CI_IN_H(1.0),16/12/25 11:00:00,Annual,Percentage of households,All types with dependent children,Czechia,2010,79.77,,
ESTAT:ISOC_CI_IN_H(1.0),16/12/25 11:00:00,Annual,Percentage of households,All types with dependent children,Czechia,2011,84.18,,
ESTAT:ISOC_CI_IN_H(1.0),16/12/25 11:00:00,Annual,Percentage of households,All types with dependent children,Czechia,2012,89.83,,
ESTAT:ISOC_CI_IN_H(1.0),16/12/25 11:00:00,Annual,Percentage of households,All types with dependent children,Czechia,2013,91.51,,
ESTAT:ISOC_CI_IN_H(1.0),16/12/25 11:00:00,Annual,Percentage of households,All types with dependent children,Czechia,2014,92.95,,
ESTAT:ISOC_CI_IN_H(1.0),16/12/25 11:00:00,Annual,Percentage of households,All types with dependent children,Czechia,2015,93.57,,
ESTAT:ISOC_CI_IN_H(1.0),16/12/25 11:00:00,Annual,Percentage of households,All types with dependent children,Czechia,2016,95.32,,
ESTAT:ISOC_CI_IN_H(1.0),16/12/25 11:00:00,Annual,Percentage of households,All types with dependent children,Czechia,2017,95.86,,
ESTAT:ISOC_CI_IN_H(1.0),16/12/25 11:00:00,Annual,Percentage of households,All types with dependent children,Czechia,2018,97.88,,
ESTAT:ISOC_CI_IN_H(1.0),16/12/25 11:00:00,Annual,Percentage of households,All types with dependent children,Czechia,2019,97.23,,
ESTAT:ISOC_CI_IN_H(1.0),16/12/25 11:00:00,Annual,Percentage of households,All types with dependent children,Czechia,2020,98.57,,
ESTAT:ISOC_CI_IN_H(1.0),16/12/25 11:00:00,Annual,Percentage of households,All types with dependent children,Czechia,2021,99.37,,
ESTAT:ISOC_CI_IN_H(1.0),16/12/25 11:00:00,Annual,Percentage of households,All types with dependent children,Czechia,2022,99.66,,
ESTAT:ISOC_CI_IN_H(1.0),16/12/25 11:00:00,Annual,Percentage of households,All types with dependent children,Czechia,2023,98.99,,
ESTAT:ISOC_CI_IN_H(1.0),16/12/25 11:00:00,Annual,Percentage of households,All types with dependent children,Czechia,2024,99.62,,
ESTAT:ISOC_CI_IN_H(1.0),16/12/25 11:00:00,Annual,Percentage of households,All types with dependent children,Czechia,2025,99.36,,
ESTAT:ISOC_CI_IN_H(1.0),16/12/25 11:00:00,Annual,Percentage of households,All types with dependent children,Germany,2002,66.18,,
ESTAT:ISOC_CI_IN_H(1.0),16/12/25 11:00:00,Annual,Percentage of households,All types with dependent children,Germany,2003,76.08,,
ESTAT:ISOC_CI_IN_H(1.0),16/12/25 11:00:00,Annual,Percentage of households,All types with dependent children,Germany,2004,82.48,,
ESTAT:ISOC_CI_IN_H(1.0),16/12/25 11:00:00,Annual,Percentage of households,All types with dependent children,Germany,2005,81.99,,
ESTAT:ISOC_CI_IN_H(1.0),16/12/25 11:00:00,Annual,Percentage of households,All types with dependent children,Germany,2006,87.34,,
ESTAT:ISOC_CI_IN_H(1.0),16/12/25 11:00:00,Annual,Percentage of households,All types with dependent children,Germany,2007,89.88,,
ESTAT:ISOC_CI_IN_H(1.0),16/12/25 11:00:00,Annual,Percentage of households,All types with dependent children,Germany,2008,93.74,,
ESTAT:ISOC_CI_IN_H(1.0),16/12/25 11:00:00,Annual,Percentage of households,All types with dependent children,Germany,2009,95.80,,
ESTAT:ISOC_CI_IN_H(1.0),16/12/25 11:00:00,Annual,Percentage of households,All types with dependent children,Germany,2010,96.87,,
ESTAT:ISOC_CI_IN_H(1.0),16/12/25 11:00:00,Annual,Percentage of households,All types with dependent children,Germany,2011,97.34,,
ESTAT:ISOC_CI_IN_H(1.0),16/12/25 11:00:00,Annual,Percentage of households,All types with dependent children,Germany,2012,98.59,,
ESTAT:ISOC_CI_IN_H(1.0),16/12/25 11:00:00,Annual,Percentage of households,All types with dependent children,Germany,2013,98.79,,
ESTAT:ISOC_CI_IN_H(1.0),16/12/25 11:00:00,Annual,Percentage of households,All types with dependent children,Germany,2014,99.26,,
ESTAT:ISOC_CI_IN_H(1.0),16/12/25 11:00:00,Annual,Percentage of households,All types with dependent children,Germany,2015,99.53,,
ESTAT:ISOC_CI_IN_H(1.0),16/12/25 11:00:00,Annual,Percentage of households,All types with dependent children,Germany,2016,99.55,,
ESTAT:ISOC_CI_IN_H(1.0),16/12/25 11:00:00,Annual,Percentage of households,All types with dependent children,Germany,2017,99.67,,
ESTAT:ISOC_CI_IN_H(1.0),16/12/25 11:00:00,Annual,Percentage of households,All types with dependent children,Germany,2018,99.77,,
ESTAT:ISOC_CI_IN_H(1.0),16/12/25 11:00:00,Annual,Percentage of households,All types with dependent children,Germany,2019,99.66,,
ESTAT:ISOC_CI_IN_H(1.0),16/12/25 11:00:00,Annual,Percentage of households,All types with dependent children,Germany,2020,99.73,,
ESTAT:ISOC_CI_IN_H(1.0),16/12/25 11:00:00,Annual,Percentage of households,All types with dependent children,Germany,2021,98.58,b,
ESTAT:ISOC_CI_IN_H(1.0),16/12/25 11:00:00,Annual,Percentage of households,All types with dependent children,Germany,2022,97.63,,
ESTAT:ISOC_CI_IN_H(1.0),16/12/25 11:00:00,Annual,Percentage of households,All types with dependent children,Germany,2023,97.87,,
ESTAT:ISOC_CI_IN_H(1.0),16/12/25 11:00:00,Annual,Percentage of households,All types with dependent children,Germany,2024,98.12,,
ESTAT:ISOC_CI_IN_H(1.0),16/12/25 11:00:00,Annual,Percentage of households,All types with dependent children,Germany,2025,97.78,,
ESTAT:ISOC_CI_IN_H(1.0),16/12/25 11:00:00,Annual,Percentage of households,All types with dependent children,Denmark,2002,72.23,,
ESTAT:ISOC_CI_IN_H(1.0),16/12/25 11:00:00,Annual,Percentage of households,All types with dependent children,Denmark,2007,,u,
ESTAT:ISOC_CI_IN_H(1.0),16/12/25 11:00:00,Annual,Percentage of households,All types with dependent children,Denmark,2008,,u,
ESTAT:ISOC_CI_IN_H(1.0),16/12/25 11:00:00,Annual,Percentage of households,All types with dependent children,Denmark,2009,95.79,,
ESTAT:ISOC_CI_IN_H(1.0),16/12/25 11:00:00,Annual,Percentage of households,All types with dependent children,Denmark,2010,96.95,,
ESTAT:ISOC_CI_IN_H(1.0),16/12/25 11:00:00,Annual,Percentage of households,All types with dependent children,Denmark,2011,97.19,,
ESTAT:ISOC_CI_IN_H(1.0),16/12/25 11:00:00,Annual,Percentage of households,All types with dependent children,Denmark,2012,99.25,,
ESTAT:ISOC_CI_IN_H(1.0),16/12/25 11:00:00,Annual,Percentage of households,All types with dependent children,Denmark,2013,98.34,,
ESTAT:ISOC_CI_IN_H(1.0),16/12/25 11:00:00,Annual,Percentage of households,All types with dependent children,Denmark,2014,97.50,,
ESTAT:ISOC_CI_IN_H(1.0),16/12/25 11:00:00,Annual,Percentage of households,All types with dependent children,Denmark,2015,97.53,,
ESTAT:ISOC_CI_IN_H(1.0),16/12/25 11:00:00,Annual,Percentage of households,All types with dependent children,Denmark,2016,98.05,,
ESTAT:ISOC_CI_IN_H(1.0),16/12/25 11:00:00,Annual,Percentage of households,All types with dependent children,Denmark,2017,99.89,,
ESTAT:ISOC_CI_IN_H(1.0),16/12/25 11:00:00,Annual,Percentage of households,All types with dependent children,Denmark,2018,97.19,,
ESTAT:ISOC_CI_IN_H(1.0),16/12/25 11:00:00,Annual,Percentage of households,All types with dependent children,Denmark,2019,98.30,,
ESTAT:ISOC_CI_IN_H(1.0),16/12/25 11:00:00,Annual,Percentage of households,All types with dependent children,Denmark,2020,98.22,,
ESTAT:ISOC_CI_IN_H(1.0),16/12/25 11:00:00,Annual,Percentage of households,All types with dependent children,Denmark,2021,98.90,,
ESTAT:ISOC_CI_IN_H(1.0),16/12/25 11:00:00,Annual,Percentage of households,All types with dependent children,Denmark,2022,97.80,,
ESTAT:ISOC_CI_IN_H(1.0),16/12/25 11:00:00,Annual,Percentage of households,All types with dependent children,Denmark,2023,98.70,,
ESTAT:ISOC_CI_IN_H(1.0),16/12/25 11:00:00,Annual,Percentage of households,All types with dependent children,Denmark,2024,99.05,,
ESTAT:ISOC_CI_IN_H(1.0),16/12/25 11:00:00,Annual,Percentage of households,All types with dependent children,Denmark,2025,99.68,,
ESTAT:ISOC_CI_IN_H(1.0),16/12/25 11:00:00,Annual,Percentage of households,All types with dependent children,"Euro area (EA11-1999, EA12-2001, EA13-2007, EA15-2008, EA16-2009, EA17-2011, EA18-2014, EA19-2015, EA20-2023, EA21-2026)",2002,47.17,,
ESTAT:ISOC_CI_IN_H(1.0),16/12/25 11:00:00,Annual,Percentage of households,All types with dependent children,"Euro area (EA11-1999, EA12-2001, EA13-2007, EA15-2008, EA16-2009, EA17-2011, EA18-2014, EA19-2015, EA20-2023, EA21-2026)",2003,51.81,,
ESTAT:ISOC_CI_IN_H(1.0),16/12/25 11:00:00,Annual,Percentage of households,All types with dependent children,"Euro area (EA11-1999, EA12-2001, EA13-2007, EA15-2008, EA16-2009, EA17-2011, EA18-2014, EA19-2015, EA20-2023, EA21-2026)",2005,63.17,,
ESTAT:ISOC_CI_IN_H(1.0),16/12/25 11:00:00,Annual,Percentage of households,All types with dependent children,"Euro area (EA11-1999, EA12-2001, EA13-2007, EA15-2008, EA16-2009, EA17-2011, EA18-2014, EA19-2015, EA20-2023, EA21-2026)",2006,63.23,,
ESTAT:ISOC_CI_IN_H(1.0),16/12/25 11:00:00,Annual,Percentage of households,All types with dependent children,"Euro area (EA11-1999, EA12-2001, EA13-2007, EA15-2008, EA16-2009, EA17-2011, EA18-2014, EA19-2015, EA20-2023, EA21-2026)",2007,70.85,,
ESTAT:ISOC_CI_IN_H(1.0),16/12/25 11:00:00,Annual,Percentage of households,All types with dependent children,"Euro area (EA11-1999, EA12-2001, EA13-2007, EA15-2008, EA16-2009, EA17-2011, EA18-2014, EA19-2015, EA20-2023, EA21-2026)",2008,76.28,,
ESTAT:ISOC_CI_IN_H(1.0),16/12/25 11:00:00,Annual,Percentage of households,All types with dependent children,"Euro area (EA11-1999, EA12-2001, EA13-2007, EA15-2008, EA16-2009, EA17-2011, EA18-2014, EA19-2015, EA20-2023, EA21-2026)",2009,81.60,,
ESTAT:ISOC_CI_IN_H(1.0),16/12/25 11:00:00,Annual,Percentage of households,All types with dependent children,"Euro area (EA11-1999, EA12-2001, EA13-2007, EA15-2008, EA16-2009, EA17-2011, EA18-2014, EA19-2015, EA20-2023, EA21-2026)",2010,85.66,,
ESTAT:ISOC_CI_IN_H(1.0),16/12/25 11:00:00,Annual,Percentage of households,All types with dependent children,"Euro area (EA11-1999, EA12-2001, EA13-2007, EA15-2008, EA16-2009, EA17-2011, EA18-2014, EA19-2015, EA20-2023, EA21-2026)",2011,88.86,,
ESTAT:ISOC_CI_IN_H(1.0),16/12/25 11:00:00,Annual,Percentage of households,All types with dependent children,"Euro area (EA11-1999, EA12-2001, EA13-2007, EA15-2008, EA16-2009, EA17-2011, EA18-2014, EA19-2015, EA20-2023, EA21-2026)",2012,90.21,,
ESTAT:ISOC_CI_IN_H(1.0),16/12/25 11:00:00,Annual,Percentage of households,All types with dependent children,"Euro area (EA11-1999, EA12-2001, EA13-2007, EA15-2008, EA16-2009, EA17-2011, EA18-2014, EA19-2015, EA20-2023, EA21-2026)",2013,92.21,,
ESTAT:ISOC_CI_IN_H(1.0),16/12/25 11:00:00,Annual,Percentage of households,All types with dependent children,"Euro area (EA11-1999, EA12-2001, EA13-2007, EA15-2008, EA16-2009, EA17-2011, EA18-2014, EA19-2015, EA20-2023, EA21-2026)",2014,94.07,,
ESTAT:ISOC_CI_IN_H(1.0),16/12/25 11:00:00,Annual,Percentage of households,All types with dependent children,"Euro area (EA11-1999, EA12-2001, EA13-2007, EA15-2008, EA16-2009, EA17-2011, EA18-2014, EA19-2015, EA20-2023, EA21-2026)",2015,95.09,,
ESTAT:ISOC_CI_IN_H(1.0),16/12/25 11:00:00,Annual,Percentage of households,All types with dependent children,"Euro area (EA11-1999, EA12-2001, EA13-2007, EA15-2008, EA16-2009, EA17-2011, EA18-2014, EA19-2015, EA20-2023, EA21-2026)",2016,96.29,,
ESTAT:ISOC_CI_IN_H(1.0),16/12/25 11:00:00,Annual,Percentage of households,All types with dependent children,"Euro area (EA11-1999, EA12-2001, EA13-2007, EA15-2008, EA16-2009, EA17-2011, EA18-2014, EA19-2015, EA20-2023, EA21-2026)",2017,96.49,,
ESTAT:ISOC_CI_IN_H(1.0),16/12/25 11:00:00,Annual,Percentage of households,All types with dependent children,"Euro area (EA11-1999, EA12-2001, EA13-2007, EA15-2008, EA16-2009, EA17-2011, EA18-2014, EA19-2015, EA20-2023, EA21-2026)",2018,97.51,,
ESTAT:ISOC_CI_IN_H(1.0),16/12/25 11:00:00,Annual,Percentage of households,All types with dependent children,"Euro area (EA11-1999, EA12-2001, EA13-2007, EA15-2008, EA16-2009, EA17-2011, EA18-2014, EA19-2015, EA20-2023, EA21-2026)",2019,98.12,,
ESTAT:ISOC_CI_IN_H(1.0),16/12/25 11:00:00,Annual,Percentage of households,All types with dependent children,"Euro area (EA11-1999, EA12-2001, EA13-2007, EA15-2008, EA16-2009, EA17-2011, EA18-2014, EA19-2015, EA20-2023, EA21-2026)",2020,98.39,e,
ESTAT:ISOC_CI_IN_H(1.0),16/12/25 11:00:00,Annual,Percentage of households,All types with dependent children,"Euro area (EA11-1999, EA12-2001, EA13-2007, EA15-2008, EA16-2009, EA17-2011, EA18-2014, EA19-2015, EA20-2023, EA21-2026)",2021,98.87,b,
ESTAT:ISOC_CI_IN_H(1.0),16/12/25 11:00:00,Annual,Percentage of households,All types with dependent children,"Euro area (EA11-1999, EA12-2001, EA13-2007, EA15-2008, EA16-2009, EA17-2011, EA18-2014, EA19-2015, EA20-2023, EA21-2026)",2022,98.51,,
ESTAT:ISOC_CI_IN_H(1.0),16/12/25 11:00:00,Annual,Percentage of households,All types with dependent children,"Euro area (EA11-1999, EA12-2001, EA13-2007, EA15-2008, EA16-2009, EA17-2011, EA18-2014, EA19-2015, EA20-2023, EA21-2026)",2023,98.76,,
ESTAT:ISOC_CI_IN_H(1.0),16/12/25 11:00:00,Annual,Percentage of households,All types with dependent children,"Euro area (EA11-1999, EA12-2001, EA13-2007, EA15-2008, EA16-2009, EA17-2011, EA18-2014, EA19-2015, EA20-2023, EA21-2026)",2024,98.77,,
ESTAT:ISOC_CI_IN_H(1.0),16/12/25 11:00:00,Annual,Percentage of households,All types with dependent children,"Euro area (EA11-1999, EA12-2001, EA13-2007, EA15-2008, EA16-2009, EA17-2011, EA18-2014, EA19-2015, EA20-2023, EA21-2026)",2025,98.71,,
ESTAT:ISOC_CI_IN_H(1.0),16/12/25 11:00:00,Annual,Percentage of households,All types with dependent children,Estonia,2004,45.63,,
ESTAT:ISOC_CI_IN_H(1.0),16/12/25 11:00:00,Annual,Percentage of households,All types with dependent children,Estonia,2005,,u,
ESTAT:ISOC_CI_IN_H(1.0),16/12/25 11:00:00,Annual,Percentage of households,All types with dependent children,Estonia,2006,69.60,,
ESTAT:ISOC_CI_IN_H(1.0),16/12/25 11:00:00,Annual,Percentage of households,All types with dependent children,Estonia,2007,78.83,,
ESTAT:ISOC_CI_IN_H(1.0),16/12/25 11:00:00,Annual,Percentage of households,All types with dependent children,Estonia,2008,86.94,,
ESTAT:ISOC_CI_IN_H(1.0),16/12/25 11:00:00,Annual,Percentage of households,All types with dependent children,Estonia,2009,90.70,,
ESTAT:ISOC_CI_IN_H(1.0),16/12/25 11:00:00,Annual,Percentage of households,All types with dependent children,Estonia,2010,92.26,,
ESTAT:ISOC_CI_IN_H(1.0),16/12/25 11:00:00,Annual,Percentage of households,All types with dependent children,Estonia,2011,93.57,,
ESTAT:ISOC_CI_IN_H(1.0),16/12/25 11:00:00,Annual,Percentage of households,All types with dependent children,Estonia,2012,96.08,,
ESTAT:ISOC_CI_IN_H(1.0),16/12/25 11:00:00,Annual,Percentage of households,All types with dependent children,Estonia,2013,97.83,,
ESTAT:ISOC_CI_IN_H(1.0),16/12/25 11:00:00,Annual,Percentage of households,All types with dependent children,Estonia,2014,98.30,b,
ESTAT:ISOC_CI_IN_H(1.0),16/12/25 11:00:00,Annual,Percentage of households,All types with dependent children,Estonia,2015,99.34,,
ESTAT:ISOC_CI_IN_H(1.0),16/12/25 11:00:00,Annual,Percentage of households,All types with dependent children,Estonia,2016,99.33,,
ESTAT:ISOC_CI_IN_H(1.0),16/12/25 11:00:00,Annual,Percentage of households,All types with dependent children,Estonia,2017,99.58,,
ESTAT:ISOC_CI_IN_H(1.0),16/12/25 11:00:00,Annual,Percentage of households,All types with dependent children,Estonia,2018,99.20,,
ESTAT:ISOC_CI_IN_H(1.0),16/12/25 11:00:00,Annual,Percentage of households,All types with dependent children,Estonia,2019,99.38,,
ESTAT:ISOC_CI_IN_H(1.0),16/12/25 11:00:00,Annual,Percentage of households,All types with dependent children,Estonia,2020,99.26,,
ESTAT:ISOC_CI_IN_H(1.0),16/12/25 11:00:00,Annual,Percentage of households,All types with dependent children,Estonia,2021,99.41,,
ESTAT:ISOC_CI_IN_H(1.0),16/12/25 11:00:00,Annual,Percentage of households,All types with dependent children,Estonia,2022,99.70,,
ESTAT:ISOC_CI_IN_H(1.0),16/12/25 11:00:00,Annual,Percentage of households,All types with dependent children,Estonia,2023,99.76,,
ESTAT:ISOC_CI_IN_H(1.0),16/12/25 11:00:00,Annual,Percentage of households,All types with dependent children,Estonia,2024,99.62,,
ESTAT:ISOC_CI_IN_H(1.0),16/12/25 11:00:00,Annual,Percentage of households,All types with dependent children,Estonia,2025,99.49,,
ESTAT:ISOC_CI_IN_H(1.0),16/12/25 11:00:00,Annual,Percentage of households,All types with dependent children,Greece,2002,17.75,,
ESTAT:ISOC_CI_IN_H(1.0),16/12/25 11:00:00,Annual,Percentage of households,All types with dependent children,Greece,2003,23.46,,
ESTAT:ISOC_CI_IN_H(1.0),16/12/25 11:00:00,Annual,Percentage of households,All types with dependent children,Greece,2004,23.40,,
ESTAT:ISOC_CI_IN_H(1.0),16/12/25 11:00:00,Annual,Percentage of households,All types with dependent children,Greece,2005,27.34,,
ESTAT:ISOC_CI_IN_H(1.0),16/12/25 11:00:00,Annual,Percentage of households,All types with dependent children,Greece,2006,32.28,,
ESTAT:ISOC_CI_IN_H(1.0),16/12/25 11:00:00,Annual,Percentage of households,All types with dependent children,Greece,2007,36.26,,
ESTAT:ISOC_CI_IN_H(1.0),16/12/25 11:00:00,Annual,Percentage of households,All types with dependent children,Greece,2008,44.77,,
ESTAT:ISOC_CI_IN_H(1.0),16/12/25 11:00:00,Annual,Percentage of households,All types with dependent children,Greece,2009,54.75,,
ESTAT:ISOC_CI_IN_H(1.0),16/12/25 11:00:00,Annual,Percentage of households,All types with dependent children,Greece,2010,65.94,,
ESTAT:ISOC_CI_IN_H(1.0),16/12/25 11:00:00,Annual,Percentage of households,All types with dependent children,Greece,2011,72.89,,
ESTAT:ISOC_CI_IN_H(1.0),16/12/25 11:00:00,Annual,Percentage of households,All types with dependent children,Greece,2012,78.80,,
ESTAT:ISOC_CI_IN_H(1.0),16/12/25 11:00:00,Annual,Percentage of households,All types with dependent children,Greece,2013,80.12,,
ESTAT:ISOC_CI_IN_H(1.0),16/12/25 11:00:00,Annual,Percentage of households,All types with dependent children,Greece,2014,84.37,,
ESTAT:ISOC_CI_IN_H(1.0),16/12/25 11:00:00,Annual,Percentage of households,All types with dependent children,Greece,2015,88.34,,
ESTAT:ISOC_CI_IN_H(1.0),16/12/25 11:00:00,Annual,Percentage of households,All types with dependent children,Greece,2016,88.96,,
ESTAT:ISOC_CI_IN_H(1.0),16/12/25 11:00:00,Annual,Percentage of households,All types with dependent children,Greece,2017,89.50,,
ESTAT:ISOC_CI_IN_H(1.0),16/12/25 11:00:00,Annual,Percentage of households,All types with dependent children,Greece,2018,94.89,,
ESTAT:ISOC_CI_IN_H(1.0),16/12/25 11:00:00,Annual,Percentage of households,All types with dependent children,Greece,2019,94.97,,
ESTAT:ISOC_CI_IN_H(1.0),16/12/25 11:00:00,Annual,Percentage of households,All types with dependent children,Greece,2020,95.83,,
ESTAT:ISOC_CI_IN_H(1.0),16/12/25 11:00:00,Annual,Percentage of households,All types with dependent children,Greece,2021,98.05,,
ESTAT:ISOC_CI_IN_H(1.0),16/12/25 11:00:00,Annual,Percentage of households,All types with dependent children,Greece,2022,97.53,,
ESTAT:ISOC_CI_IN_H(1.0),16/12/25 11:00:00,Annual,Percentage of households,All types with dependent children,Greece,2023,98.81,,
ESTAT:ISOC_CI_IN_H(1.0),16/12/25 11:00:00,Annual,Percentage of households,All types with dependent children,Greece,2024,96.90,,
ESTAT:ISOC_CI_IN_H(1.0),16/12/25 11:00:00,Annual,Percentage of households,All types with dependent children,Greece,2025,99.33,,
ESTAT:ISOC_CI_IN_H(1.0),16/12/25 11:00:00,Annual,Percentage of households,All types with dependent children,Spain,2005,43.95,,
ESTAT:ISOC_CI_IN_H(1.0),16/12/25 11:00:00,Annual,Percentage of households,All types with dependent children,Spain,2006,49.27,,
ESTAT:ISOC_CI_IN_H(1.0),16/12/25 11:00:00,Annual,Percentage of households,All types with dependent children,Spain,2007,55.50,,
ESTAT:ISOC_CI_IN_H(1.0),16/12/25 11:00:00,Annual,Percentage of households,All types with dependent children,Spain,2008,63.39,,
ESTAT:ISOC_CI_IN_H(1.0),16/12/25 11:00:00,Annual,Percentage of households,All types with dependent children,Spain,2009,67.25,,
ESTAT:ISOC_CI_IN_H(1.0),16/12/25 11:00:00,Annual,Percentage of households,All types with dependent children,Spain,2010,73.37,,
ESTAT:ISOC_CI_IN_H(1.0),16/12/25 11:00:00,Annual,Percentage of households,All types with dependent children,Spain,2011,78.62,,
ESTAT:ISOC_CI_IN_H(1.0),16/12/25 11:00:00,Annual,Percentage of households,All types with dependent children,Spain,2012,81.84,,
ESTAT:ISOC_CI_IN_H(1.0),16/12/25 11:00:00,Annual,Percentage of households,All types with dependent children,Spain,2013,84.52,,
ESTAT:ISOC_CI_IN_H(1.0),16/12/25 11:00:00,Annual,Percentage of households,All types with dependent children,Spain,2014,89.40,,
ESTAT:ISOC_CI_IN_H(1.0),16/12/25 11:00:00,Annual,Percentage of households,All types with dependent children,Spain,2015,93.06,,
ESTAT:ISOC_CI_IN_H(1.0),16/12/25 11:00:00,Annual,Percentage of households,All types with dependent children,Spain,2016,95.45,,
ESTAT:ISOC_CI_IN_H(1.0),16/12/25 11:00:00,Annual,Percentage of households,All types with dependent children,Spain,2017,95.13,,
ESTAT:ISOC_CI_IN_H(1.0),16/12/25 11:00:00,Annual,Percentage of households,All types with dependent children,Spain,2018,96.99,,
ESTAT:ISOC_CI_IN_H(1.0),16/12/25 11:00:00,Annual,Percentage of households,All types with dependent children,Spain,2019,99.01,,
ESTAT:ISOC_CI_IN_H(1.0),16/12/25 11:00:00,Annual,Percentage of households,All types with dependent children,Spain,2020,99.79,,
ESTAT:ISOC_CI_IN_H(1.0),16/12/25 11:00:00,Annual,Percentage of households,All types with dependent children,Spain,2021,99.78,,
ESTAT:ISOC_CI_IN_H(1.0),16/12/25 11:00:00,Annual,Percentage of households,All types with dependent children,Spain,2022,99.85,,
ESTAT:ISOC_CI_IN_H(1.0),16/12/25 11:00:00,Annual,Percentage of households,All types with dependent children,Spain,2023,99.76,,
ESTAT:ISOC_CI_IN_H(1.0),16/12/25 11:00:00,Annual,Percentage of households,All types with dependent children,Spain,2024,99.27,,
ESTAT:ISOC_CI_IN_H(1.0),16/12/25 11:00:00,Annual,Percentage of households,All types with dependent children,Spain,2025,99.78,,
ESTAT:ISOC_CI_IN_H(1.0),16/12/25 11:00:00,Annual,Percentage of households,All types with dependent children,European Union - 15 countries (1995-2004),2002,50.63,,
ESTAT:ISOC_CI_IN_H(1.0),16/12/25 11:00:00,Annual,Percentage of households,All types with dependent children,European Union - 15 countries (1995-2004),2003,54.87,,
ESTAT:ISOC_CI_IN_H(1.0),16/12/25 11:00:00,Annual,Percentage of households,All types with dependent children,European Union - 15 countries (1995-2004),2004,63.51,,
ESTAT:ISOC_CI_IN_H(1.0),16/12/25 11:00:00,Annual,Percentage of households,All types with dependent children,European Union - 15 countries (1995-2004),2005,65.95,,
ESTAT:ISOC_CI_IN_H(1.0),16/12/25 11:00:00,Annual,Percentage of households,All types with dependent children,European Union - 15 countries (1995-2004),2006,65.92,,
ESTAT:ISOC_CI_IN_H(1.0),16/12/25 11:00:00,Annual,Percentage of households,All types with dependent children,European Union - 15 countries (1995-2004),2007,72.41,,
ESTAT:ISOC_CI_IN_H(1.0),16/12/25 11:00:00,Annual,Percentage of households,All types with dependent children,European Union - 15 countries (1995-2004),2008,77.91,,
ESTAT:ISOC_CI_IN_H(1.0),16/12/25 11:00:00,Annual,Percentage of households,All types with dependent children,European Union - 15 countries (1995-2004),2009,83.43,,
ESTAT:ISOC_CI_IN_H(1.0),16/12/25 11:00:00,Annual,Percentage of households,All types with dependent children,European Union - 15 countries (1995-2004),2010,86.99,,
ESTAT:ISOC_CI_IN_H(1.0),16/12/25 11:00:00,Annual,Percentage of households,All types with dependent children,European Union - 15 countries (1995-2004),2011,90.09,,
ESTAT:ISOC_CI_IN_H(1.0),16/12/25 11:00:00,Annual,Percentage of households,All types with dependent children,European Union - 15 countries (1995-2004),2012,91.36,,
ESTAT:ISOC_CI_IN_H(1.0),16/12/25 11:00:00,Annual,Percentage of households,All types with dependent children,European Union - 15 countries (1995-2004),2013,92.04,,
ESTAT:ISOC_CI_IN_H(1.0),16/12/25 11:00:00,Annual,Percentage of households,All types with dependent children,European Union - 15 countries (1995-2004),2014,94.65,,
ESTAT:ISOC_CI_IN_H(1.0),16/12/25 11:00:00,Annual,Percentage of households,All types with dependent children,European Union - 15 countries (1995-2004),2015,95.61,,
ESTAT:ISOC_CI_IN_H(1.0),16/12/25 11:00:00,Annual,Percentage of households,All types with dependent children,European Union - 15 countries (1995-2004),2016,96.83,,
ESTAT:ISOC_CI_IN_H(1.0),16/12/25 11:00:00,Annual,Percentage of households,All types with dependent children,European Union - 15 countries (1995-2004),2017,96.90,,
ESTAT:ISOC_CI_IN_H(1.0),16/12/25 11:00:00,Annual,Percentage of households,All types with dependent children,European Union - 15 countries (1995-2004),2018,97.94,,
ESTAT:ISOC_CI_IN_H(1.0),16/12/25 11:00:00,Annual,Percentage of households,All types with dependent children,European Union - 25 countries (2004-2006),2004,54.54,,
ESTAT:ISOC_CI_IN_H(1.0),16/12/25 11:00:00,Annual,Percentage of households,All types with dependent children,European Union - 25 countries (2004-2006),2005,59.87,,
ESTAT:ISOC_CI_IN_H(1.0),16/12/25 11:00:00,Annual,Percentage of households,All types with dependent children,European Union - 25 countries (2004-2006),2006,62.91,,
ESTAT:ISOC_CI_IN_H(1.0),16/12/25 11:00:00,Annual,Percentage of households,All types with dependent children,European Union - 25 countries (2004-2006),2007,69.76,,
ESTAT:ISOC_CI_IN_H(1.0),16/12/25 11:00:00,Annual,Percentage of households,All types with dependent children,European Union - 25 countries (2004-2006),2008,75.91,,
ESTAT:ISOC_CI_IN_H(1.0),16/12/25 11:00:00,Annual,Percentage of households,All types with dependent children,European Union - 25 countries (2004-2006),2009,82.33,,
ESTAT:ISOC_CI_IN_H(1.0),16/12/25 11:00:00,Annual,Percentage of households,All types with dependent children,European Union - 25 countries (2004-2006),2010,86.23,,
ESTAT:ISOC_CI_IN_H(1.0),16/12/25 11:00:00,Annual,Percentage of households,All types with dependent children,European Union - 27 countries (2007-2013),2004,53.71,,
ESTAT:ISOC_CI_IN_H(1.0),16/12/25 11:00:00,Annual,Percentage of households,All types with dependent children,European Union - 27 countries (2007-2013),2005,59.87,,
ESTAT:ISOC_CI_IN_H(1.0),16/12/25 11:00:00,Annual,Percentage of households,All types with dependent children,European Union - 27 countries (2007-2013),2006,60.57,,
ESTAT:ISOC_CI_IN_H(1.0),16/12/25 11:00:00,Annual,Percentage of households,All types with dependent children,European Union - 27 countries (2007-2013),2007,67.09,,
ESTAT:ISOC_CI_IN_H(1.0),16/12/25 11:00:00,Annual,Percentage of households,All types with dependent children,European Union - 27 countries (2007-2013),2008,73.65,,
ESTAT:ISOC_CI_IN_H(1.0),16/12/25 11:00:00,Annual,Percentage of households,All types with dependent children,European Union - 27 countries (2007-2013),2009,80.33,,
ESTAT:ISOC_CI_IN_H(1.0),16/12/25 11:00:00,Annual,Percentage of households,All types with dependent children,European Union - 27 countries (2007-2013),2010,84.25,,
ESTAT:ISOC_CI_IN_H(1.0),16/12/25 11:00:00,Annual,Percentage of households,All types with dependent children,European Union - 27 countries (2007-2013),2011,87.80,,
ESTAT:ISOC_CI_IN_H(1.0),16/12/25 11:00:00,Annual,Percentage of households,All types with dependent children,European Union - 27 countries (2007-2013),2012,89.86,,
ESTAT:ISOC_CI_IN_H(1.0),16/12/25 11:00:00,Annual,Percentage of households,All types with dependent children,European Union - 27 countries (2007-2013),2013,90.85,,
ESTAT:ISOC_CI_IN_H(1.0),16/12/25 11:00:00,Annual,Percentage of households,All types with dependent children,European Union - 27 countries (2007-2013),2014,93.56,,
ESTAT:ISOC_CI_IN_H(1.0),16/12/25 11:00:00,Annual,Percentage of households,All types with dependent children,European Union - 27 countries (2007-2013),2015,94.71,,
ESTAT:ISOC_CI_IN_H(1.0),16/12/25 11:00:00,Annual,Percentage of households,All types with dependent children,European Union - 27 countries (2007-2013),2016,96.21,,
ESTAT:ISOC_CI_IN_H(1.0),16/12/25 11:00:00,Annual,Percentage of households,All types with dependent children,European Union - 27 countries (2007-2013),2017,96.64,,
ESTAT:ISOC_CI_IN_H(1.0),16/12/25 11:00:00,Annual,Percentage of households,All types with dependent children,European Union - 27 countries (2007-2013),2018,97.63,,
ESTAT:ISOC_CI_IN_H(1.0),16/12/25 11:00:00,Annual,Percentage of households,All types with dependent children,European Union - 27 countries (from 2020),2007,65.84,,
ESTAT:ISOC_CI_IN_H(1.0),16/12/25 11:00:00,Annual,Percentage of households,All types with dependent children,European Union - 27 countries (from 2020),2008,72.40,,
ESTAT:ISOC_CI_IN_H(1.0),16/12/25 11:00:00,Annual,Percentage of households,All types with dependent children,European Union - 27 countries (from 2020),2009,78.95,,
ESTAT:ISOC_CI_IN_H(1.0),16/12/25 11:00:00,Annual,Percentage of households,All types with dependent children,European Union - 27 countries (from 2020),2010,83.19,,
ESTAT:ISOC_CI_IN_H(1.0),16/12/25 11:00:00,Annual,Percentage of households,All types with dependent children,European Union - 27 countries (from 2020),2011,86.84,,
ESTAT:ISOC_CI_IN_H(1.0),16/12/25 11:00:00,Annual,Percentage of households,All types with dependent children,European Union - 27 countries (from 2020),2012,89.07,,
ESTAT:ISOC_CI_IN_H(1.0),16/12/25 11:00:00,Annual,Percentage of households,All types with dependent children,European Union - 27 countries (from 2020),2013,91.05,,
ESTAT:ISOC_CI_IN_H(1.0),16/12/25 11:00:00,Annual,Percentage of households,All types with dependent children,European Union - 27 countries (from 2020),2014,93.00,,
ESTAT:ISOC_CI_IN_H(1.0),16/12/25 11:00:00,Annual,Percentage of households,All types with dependent children,European Union - 27 countries (from 2020),2015,94.25,,
ESTAT:ISOC_CI_IN_H(1.0),16/12/25 11:00:00,Annual,Percentage of households,All types with dependent children,European Union - 27 countries (from 2020),2016,95.77,,
ESTAT:ISOC_CI_IN_H(1.0),16/12/25 11:00:00,Annual,Percentage of households,All types with dependent children,European Union - 27 countries (from 2020),2017,96.35,,
ESTAT:ISOC_CI_IN_H(1.0),16/12/25 11:00:00,Annual,Percentage of households,All types with dependent children,European Union - 27 countries (from 2020),2018,97.29,,
ESTAT:ISOC_CI_IN_H(1.0),16/12/25 11:00:00,Annual,Percentage of households,All types with dependent children,European Union - 27 countries (from 2020),2019,97.93,,
ESTAT:ISOC_CI_IN_H(1.0),16/12/25 11:00:00,Annual,Percentage of households,All types with dependent children,European Union - 27 countries (from 2020),2020,98.38,e,
ESTAT:ISOC_CI_IN_H(1.0),16/12/25 11:00:00,Annual,Percentage of households,All types with dependent children,European Union - 27 countries (from 2020),2021,98.88,b,
ESTAT:ISOC_CI_IN_H(1.0),16/12/25 11:00:00,Annual,Percentage of households,All types with dependent children,European Union - 27 countries (from 2020),2022,98.58,,
ESTAT:ISOC_CI_IN_H(1.0),16/12/25 11:00:00,Annual,Percentage of households,All types with dependent children,European Union - 27 countries (from 2020),2023,98.85,,
ESTAT:ISOC_CI_IN_H(1.0),16/12/25 11:00:00,Annual,Percentage of households,All types with dependent children,European Union - 27 countries (from 2020),2024,98.88,,
ESTAT:ISOC_CI_IN_H(1.0),16/12/25 11:00:00,Annual,Percentage of households,All types with dependent children,European Union - 27 countries (from 2020),2025,98.84,,
ESTAT:ISOC_CI_IN_H(1.0),16/12/25 11:00:00,Annual,Percentage of households,All types with dependent children,European Union - 28 countries (2013-2020),2007,67.04,,
ESTAT:ISOC_CI_IN_H(1.0),16/12/25 11:00:00,Annual,Percentage of households,All types with dependent children,European Union - 28 countries (2013-2020),2008,73.55,,
ESTAT:ISOC_CI_IN_H(1.0),16/12/25 11:00:00,Annual,Percentage of households,All types with dependent children,European Union - 28 countries (2013-2020),2009,80.25,,
ESTAT:ISOC_CI_IN_H(1.0),16/12/25 11:00:00,Annual,Percentage of households,All types with dependent children,European Union - 28 countries (2013-2020),2010,84.21,,
ESTAT:ISOC_CI_IN_H(1.0),16/12/25 11:00:00,Annual,Percentage of households,All types with dependent children,European Union - 28 countries (2013-2020),2011,87.78,,
ESTAT:ISOC_CI_IN_H(1.0),16/12/25 11:00:00,Annual,Percentage of households,All types with dependent children,European Union - 28 countries (2013-2020),2012,89.86,,
ESTAT:ISOC_CI_IN_H(1.0),16/12/25 11:00:00,Annual,Percentage of households,All types with dependent children,European Union - 28 countries (2013-2020),2013,90.86,,
ESTAT:ISOC_CI_IN_H(1.0),16/12/25 11:00:00,Annual,Percentage of households,All types with dependent children,European Union - 28 countries (2013-2020),2014,93.51,,
ESTAT:ISOC_CI_IN_H(1.0),16/12/25 11:00:00,Annual,Percentage of households,All types with dependent children,European Union - 28 countries (2013-2020),2015,94.69,,
ESTAT:ISOC_CI_IN_H(1.0),16/12/25 11:00:00,Annual,Percentage of households,All types with dependent children,European Union - 28 countries (2013-2020),2016,96.21,,
ESTAT:ISOC_CI_IN_H(1.0),16/12/25 11:00:00,Annual,Percentage of households,All types with dependent children,European Union - 28 countries (2013-2020),2017,96.63,,
ESTAT:ISOC_CI_IN_H(1.0),16/12/25 11:00:00,Annual,Percentage of households,All types with dependent children,European Union - 28 countries (2013-2020),2018,97.63,,
ESTAT:ISOC_CI_IN_H(1.0),16/12/25 11:00:00,Annual,Percentage of households,All types with dependent children,European Union - 28 countries (2013-2020),2019,98.18,,
ESTAT:ISOC_CI_IN_H(1.0),16/12/25 11:00:00,Annual,Percentage of households,All types with dependent children,Finland,2002,68.44,,
ESTAT:ISOC_CI_IN_H(1.0),16/12/25 11:00:00,Annual,Percentage of households,All types with dependent children,Finland,2003,71.12,,
ESTAT:ISOC_CI_IN_H(1.0),16/12/25 11:00:00,Annual,Percentage of households,All types with dependent children,Finland,2004,76.63,,
ESTAT:ISOC_CI_IN_H(1.0),16/12/25 11:00:00,Annual,Percentage of households,All types with dependent children,Finland,2005,78.67,,
ESTAT:ISOC_CI_IN_H(1.0),16/12/25 11:00:00,Annual,Percentage of households,All types with dependent children,Finland,2006,89.36,,
ESTAT:ISOC_CI_IN_H(1.0),16/12/25 11:00:00,Annual,Percentage of households,All types with dependent children,Finland,2007,91.91,,
ESTAT:ISOC_CI_IN_H(1.0),16/12/25 11:00:00,Annual,Percentage of households,All types with dependent children,Finland,2008,96.10,,
ESTAT:ISOC_CI_IN_H(1.0),16/12/25 11:00:00,Annual,Percentage of households,All types with dependent children,Finland,2009,98.05,,
ESTAT:ISOC_CI_IN_H(1.0),16/12/25 11:00:00,Annual,Percentage of households,All types with dependent children,Finland,2010,98.65,,
ESTAT:ISOC_CI_IN_H(1.0),16/12/25 11:00:00,Annual,Percentage of households,All types with dependent children,Finland,2011,99.39,,
ESTAT:ISOC_CI_IN_H(1.0),16/12/25 11:00:00,Annual,Percentage of households,All types with dependent children,Finland,2012,99.56,,
ESTAT:ISOC_CI_IN_H(1.0),16/12/25 11:00:00,Annual,Percentage of households,All types with dependent children,Finland,2013,99.91,,
ESTAT:ISOC_CI_IN_H(1.0),16/12/25 11:00:00,Annual,Percentage of households,All types with dependent children,Finland,2014,99.55,,
ESTAT:ISOC_CI_IN_H(1.0),16/12/25 11:00:00,Annual,Percentage of households,All types with dependent children,Finland,2015,99.92,,
ESTAT:ISOC_CI_IN_H(1.0),16/12/25 11:00:00,Annual,Percentage of households,All types with dependent children,Finland,2016,99.35,,
ESTAT:ISOC_CI_IN_H(1.0),16/12/25 11:00:00,Annual,Percentage of households,All types with dependent children,Finland,2017,99.65,,
ESTAT:ISOC_CI_IN_H(1.0),16/12/25 11:00:00,Annual,Percentage of households,All types with dependent children,Finland,2018,98.98,,
ESTAT:ISOC_CI_IN_H(1.0),16/12/25 11:00:00,Annual,Percentage of households,All types with dependent children,Finland,2019,100.00,,
ESTAT:ISOC_CI_IN_H(1.0),16/12/25 11:00:00,Annual,Percentage of households,All types with dependent children,Finland,2020,100.00,,
ESTAT:ISOC_CI_IN_H(1.0),16/12/25 11:00:00,Annual,Percentage of households,All types with dependent children,Finland,2021,100.00,,
ESTAT:ISOC_CI_IN_H(1.0),16/12/25 11:00:00,Annual,Percentage of households,All types with dependent children,Finland,2022,99.85,,
ESTAT:ISOC_CI_IN_H(1.0),16/12/25 11:00:00,Annual,Percentage of households,All types with dependent children,Finland,2023,99.65,,
ESTAT:ISOC_CI_IN_H(1.0),16/12/25 11:00:00,Annual,Percentage of households,All types with dependent children,Finland,2024,99.90,,
ESTAT:ISOC_CI_IN_H(1.0),16/12/25 11:00:00,Annual,Percentage of households,All types with dependent children,Finland,2025,99.72,,
ESTAT:ISOC_CI_IN_H(1.0),16/12/25 11:00:00,Annual,Percentage of households,All types with dependent children,France,2002,33.59,,
ESTAT:ISOC_CI_IN_H(1.0),16/12/25 11:00:00,Annual,Percentage of households,All types with dependent children,France,2003,41.07,,
ESTAT:ISOC_CI_IN_H(1.0),16/12/25 11:00:00,Annual,Percentage of households,All types with dependent children,France,2006,54.25,,
ESTAT:ISOC_CI_IN_H(1.0),16/12/25 11:00:00,Annual,Percentage of households,All types with dependent children,France,2007,71.65,,
ESTAT:ISOC_CI_IN_H(1.0),16/12/25 11:00:00,Annual,Percentage of households,All types with dependent children,France,2008,77.27,,
ESTAT:ISOC_CI_IN_H(1.0),16/12/25 11:00:00,Annual,Percentage of households,All types with dependent children,France,2009,85.99,,
ESTAT:ISOC_CI_IN_H(1.0),16/12/25 11:00:00,Annual,Percentage of households,All types with dependent children,France,2010,89.80,,
ESTAT:ISOC_CI_IN_H(1.0),16/12/25 11:00:00,Annual,Percentage of households,All types with dependent children,France,2011,93.50,,
ESTAT:ISOC_CI_IN_H(1.0),16/12/25 11:00:00,Annual,Percentage of households,All types with dependent children,France,2012,94.51,,
ESTAT:ISOC_CI_IN_H(1.0),16/12/25 11:00:00,Annual,Percentage of households,All types with dependent children,France,2013,95.32,,
ESTAT:ISOC_CI_IN_H(1.0),16/12/25 11:00:00,Annual,Percentage of households,All types with dependent children,France,2014,96.28,,
ESTAT:ISOC_CI_IN_H(1.0),16/12/25 11:00:00,Annual,Percentage of households,All types with dependent children,France,2015,95.56,,
ESTAT:ISOC_CI_IN_H(1.0),16/12/25 11:00:00,Annual,Percentage of households,All types with dependent children,France,2016,96.68,,
ESTAT:ISOC_CI_IN_H(1.0),16/12/25 11:00:00,Annual,Percentage of households,All types with dependent children,France,2017,95.62,,
ESTAT:ISOC_CI_IN_H(1.0),16/12/25 11:00:00,Annual,Percentage of households,All types with dependent children,France,2018,97.27,,
ESTAT:ISOC_CI_IN_H(1.0),16/12/25 11:00:00,Annual,Percentage of households,All types with dependent children,France,2019,97.57,,
ESTAT:ISOC_CI_IN_H(1.0),16/12/25 11:00:00,Annual,Percentage of households,All types with dependent children,France,2021,98.86,,
ESTAT:ISOC_CI_IN_H(1.0),16/12/25 11:00:00,Annual,Percentage of households,All types with dependent children,France,2022,98.04,,
ESTAT:ISOC_CI_IN_H(1.0),16/12/25 11:00:00,Annual,Percentage of households,All types with dependent children,France,2023,98.69,,
ESTAT:ISOC_CI_IN_H(1.0),16/12/25 11:00:00,Annual,Percentage of households,All types with dependent children,France,2024,98.68,,
ESTAT:ISOC_CI_IN_H(1.0),16/12/25 11:00:00,Annual,Percentage of households,All types with dependent children,France,2025,98.42,,
ESTAT:ISOC_CI_IN_H(1.0),16/12/25 11:00:00,Annual,Percentage of households,All types with dependent children,Croatia,2007,60.04,,
ESTAT:ISOC_CI_IN_H(1.0),16/12/25 11:00:00,Annual,Percentage of households,All types with dependent children,Croatia,2008,61.97,,
ESTAT:ISOC_CI_IN_H(1.0),16/12/25 11:00:00,Annual,Percentage of households,All types with dependent children,Croatia,2009,69.41,,
ESTAT:ISOC_CI_IN_H(1.0),16/12/25 11:00:00,Annual,Percentage of households,All types with dependent children,Croatia,2010,79.58,,
ESTAT:ISOC_CI_IN_H(1.0),16/12/25 11:00:00,Annual,Percentage of households,All types with dependent children,Croatia,2011,85.36,,
ESTAT:ISOC_CI_IN_H(1.0),16/12/25 11:00:00,Annual,Percentage of households,All types with dependent children,Croatia,2012,90.51,,
ESTAT:ISOC_CI_IN_H(1.0),16/12/25 11:00:00,Annual,Percentage of households,All types with dependent children,Croatia,2013,92.72,,
ESTAT:ISOC_CI_IN_H(1.0),16/12/25 11:00:00,Annual,Percentage of households,All types with dependent children,Croatia,2014,87.80,,
ESTAT:ISOC_CI_IN_H(1.0),16/12/25 11:00:00,Annual,Percentage of households,All types with dependent children,Croatia,2015,92.87,,
ESTAT:ISOC_CI_IN_H(1.0),16/12/25 11:00:00,Annual,Percentage of households,All types with dependent children,Croatia,2016,96.81,,
ESTAT:ISOC_CI_IN_H(1.0),16/12/25 11:00:00,Annual,Percentage of households,All types with dependent children,Croatia,2017,95.10,,
ESTAT:ISOC_CI_IN_H(1.0),16/12/25 11:00:00,Annual,Percentage of households,All types with dependent children,Croatia,2018,97.61,,
ESTAT:ISOC_CI_IN_H(1.0),16/12/25 11:00:00,Annual,Percentage of households,All types with dependent children,Croatia,2019,97.39,,
ESTAT:ISOC_CI_IN_H(1.0),16/12/25 11:00:00,Annual,Percentage of households,All types with dependent children,Croatia,2020,98.22,,
ESTAT:ISOC_CI_IN_H(1.0),16/12/25 11:00:00,Annual,Percentage of households,All types with dependent children,Croatia,2021,98.97,,
ESTAT:ISOC_CI_IN_H(1.0),16/12/25 11:00:00,Annual,Percentage of households,All types with dependent children,Croatia,2022,98.88,,
ESTAT:ISOC_CI_IN_H(1.0),16/12/25 11:00:00,Annual,Percentage of households,All types with dependent children,Croatia,2023,99.69,,
ESTAT:ISOC_CI_IN_H(1.0),16/12/25 11:00:00,Annual,Percentage of households,All types with dependent children,Croatia,2024,98.58,,
ESTAT:ISOC_CI_IN_H(1.0),16/12/25 11:00:00,Annual,Percentage of households,All types with dependent children,Croatia,2025,97.62,,
ESTAT:ISOC_CI_IN_H(1.0),16/12/25 11:00:00,Annual,Percentage of households,All types with dependent children,Hungary,2004,25.19,,
ESTAT:ISOC_CI_IN_H(1.0),16/12/25 11:00:00,Annual,Percentage of households,All types with dependent children,Hungary,2005,29.08,,
ESTAT:ISOC_CI_IN_H(1.0),16/12/25 11:00:00,Annual,Percentage of households,All types with dependent children,Hungary,2006,40.66,,
ESTAT:ISOC_CI_IN_H(1.0),16/12/25 11:00:00,Annual,Percentage of households,All types with dependent children,Hungary,2007,49.93,,
ESTAT:ISOC_CI_IN_H(1.0),16/12/25 11:00:00,Annual,Percentage of households,All types with dependent children,Hungary,2008,63.27,,
ESTAT:ISOC_CI_IN_H(1.0),16/12/25 11:00:00,Annual,Percentage of households,All types with dependent children,Hungary,2009,71.59,,
ESTAT:ISOC_CI_IN_H(1.0),16/12/25 11:00:00,Annual,Percentage of households,All types with dependent children,Hungary,2010,75.95,,
ESTAT:ISOC_CI_IN_H(1.0),16/12/25 11:00:00,Annual,Percentage of households,All types with dependent children,Hungary,2011,80.76,,
ESTAT:ISOC_CI_IN_H(1.0),16/12/25 11:00:00,Annual,Percentage of households,All types with dependent children,Hungary,2012,85.31,,
ESTAT:ISOC_CI_IN_H(1.0),16/12/25 11:00:00,Annual,Percentage of households,All types with dependent children,Hungary,2013,88.67,,
ESTAT:ISOC_CI_IN_H(1.0),16/12/25 11:00:00,Annual,Percentage of households,All types with dependent children,Hungary,2014,91.25,,
ESTAT:ISOC_CI_IN_H(1.0),16/12/25 11:00:00,Annual,Percentage of households,All types with dependent children,Hungary,2015,92.03,,
ESTAT:ISOC_CI_IN_H(1.0),16/12/25 11:00:00,Annual,Percentage of households,All types with dependent children,Hungary,2016,93.92,,
ESTAT:ISOC_CI_IN_H(1.0),16/12/25 11:00:00,Annual,Percentage of households,All types with dependent children,Hungary,2017,94.78,,
ESTAT:ISOC_CI_IN_H(1.0),16/12/25 11:00:00,Annual,Percentage of households,All types with dependent children,Hungary,2018,95.64,,
ESTAT:ISOC_CI_IN_H(1.0),16/12/25 11:00:00,Annual,Percentage of households,All types with dependent children,Hungary,2019,97.66,,
ESTAT:ISOC_CI_IN_H(1.0),16/12/25 11:00:00,Annual,Percentage of households,All types with dependent children,Hungary,2020,98.03,,
ESTAT:ISOC_CI_IN_H(1.0),16/12/25 11:00:00,Annual,Percentage of households,All types with dependent children,Hungary,2021,98.95,,
ESTAT:ISOC_CI_IN_H(1.0),16/12/25 11:00:00,Annual,Percentage of households,All types with dependent children,Hungary,2022,99.29,,
ESTAT:ISOC_CI_IN_H(1.0),16/12/25 11:00:00,Annual,Percentage of households,All types with dependent children,Hungary,2023,99.22,,
ESTAT:ISOC_CI_IN_H(1.0),16/12/25 11:00:00,Annual,Percentage of households,All types with dependent children,Hungary,2024,99.43,,
ESTAT:ISOC_CI_IN_H(1.0),16/12/25 11:00:00,Annual,Percentage of households,All types with dependent children,Hungary,2025,98.48,,
ESTAT:ISOC_CI_IN_H(1.0),16/12/25 11:00:00,Annual,Percentage of households,All types with dependent children,Ireland,2003,49.04,,
ESTAT:ISOC_CI_IN_H(1.0),16/12/25 11:00:00,Annual,Percentage of households,All types with dependent children,Ireland,2004,50.73,,
ESTAT:ISOC_CI_IN_H(1.0),16/12/25 11:00:00,Annual,Percentage of households,All types with dependent children,Ireland,2005,57.84,,
ESTAT:ISOC_CI_IN_H(1.0),16/12/25 11:00:00,Annual,Percentage of households,All types with dependent children,Ireland,2006,60.95,,
ESTAT:ISOC_CI_IN_H(1.0),16/12/25 11:00:00,Annual,Percentage of households,All types with dependent children,Ireland,2007,70.17,,
ESTAT:ISOC_CI_IN_H(1.0),16/12/25 11:00:00,Annual,Percentage of households,All types with dependent children,Ireland,2008,76.29,,
ESTAT:ISOC_CI_IN_H(1.0),16/12/25 11:00:00,Annual,Percentage of households,All types with dependent children,Ireland,2009,79.96,,
ESTAT:ISOC_CI_IN_H(1.0),16/12/25 11:00:00,Annual,Percentage of households,All types with dependent children,Ireland,2010,84.30,,
ESTAT:ISOC_CI_IN_H(1.0),16/12/25 11:00:00,Annual,Percentage of households,All types with dependent children,Ireland,2011,90.86,,
ESTAT:ISOC_CI_IN_H(1.0),16/12/25 11:00:00,Annual,Percentage of households,All types with dependent children,Ireland,2012,93.31,,
ESTAT:ISOC_CI_IN_H(1.0),16/12/25 11:00:00,Annual,Percentage of households,All types with dependent children,Ireland,2013,93.33,,
ESTAT:ISOC_CI_IN_H(1.0),16/12/25 11:00:00,Annual,Percentage of households,All types with dependent children,Ireland,2014,94.76,,
ESTAT:ISOC_CI_IN_H(1.0),16/12/25 11:00:00,Annual,Percentage of households,All types with dependent children,Ireland,2015,95.92,,
ESTAT:ISOC_CI_IN_H(1.0),16/12/25 11:00:00,Annual,Percentage of households,All types with dependent children,Ireland,2016,97.17,,
ESTAT:ISOC_CI_IN_H(1.0),16/12/25 11:00:00,Annual,Percentage of households,All types with dependent children,Ireland,2017,98.01,,
ESTAT:ISOC_CI_IN_H(1.0),16/12/25 11:00:00,Annual,Percentage of households,All types with dependent children,Ireland,2018,98.98,,
ESTAT:ISOC_CI_IN_H(1.0),16/12/25 11:00:00,Annual,Percentage of households,All types with dependent children,Ireland,2019,98.38,,
ESTAT:ISOC_CI_IN_H(1.0),16/12/25 11:00:00,Annual,Percentage of households,All types with dependent children,Ireland,2020,95.07,,
ESTAT:ISOC_CI_IN_H(1.0),16/12/25 11:00:00,Annual,Percentage of households,All types with dependent children,Ireland,2021,98.84,b,
ESTAT:ISOC_CI_IN_H(1.0),16/12/25 11:00:00,Annual,Percentage of households,All types with dependent children,Ireland,2022,,u,
ESTAT:ISOC_CI_IN_H(1.0),16/12/25 11:00:00,Annual,Percentage of households,All types with dependent children,Ireland,2023,99.27,,
ESTAT:ISOC_CI_IN_H(1.0),16/12/25 11:00:00,Annual,Percentage of households,All types with dependent children,Ireland,2024,97.55,,
ESTAT:ISOC_CI_IN_H(1.0),16/12/25 11:00:00,Annual,Percentage of households,All types with dependent children,Ireland,2025,99.63,,
ESTAT:ISOC_CI_IN_H(1.0),16/12/25 11:00:00,Annual,Percentage of households,All types with dependent children,Iceland,2004,90.75,,
ESTAT:ISOC_CI_IN_H(1.0),16/12/25 11:00:00,Annual,Percentage of households,All types with dependent children,Iceland,2005,93.93,,
ESTAT:ISOC_CI_IN_H(1.0),16/12/25 11:00:00,Annual,Percentage of households,All types with dependent children,Iceland,2006,94.96,,
ESTAT:ISOC_CI_IN_H(1.0),16/12/25 11:00:00,Annual,Percentage of households,All types with dependent children,Iceland,2007,93.59,,
ESTAT:ISOC_CI_IN_H(1.0),16/12/25 11:00:00,Annual,Percentage of households,All types with dependent children,Iceland,2008,96.20,,
ESTAT:ISOC_CI_IN_H(1.0),16/12/25 11:00:00,Annual,Percentage of households,All types with dependent children,Iceland,2009,97.03,,
ESTAT:ISOC_CI_IN_H(1.0),16/12/25 11:00:00,Annual,Percentage of households,All types with dependent children,Iceland,2010,99.68,,
ESTAT:ISOC_CI_IN_H(1.0),16/12/25 11:00:00,Annual,Percentage of households,All types with dependent children,Iceland,2011,99.10,,
ESTAT:ISOC_CI_IN_H(1.0),16/12/25 11:00:00,Annual,Percentage of households,All types with dependent children,Iceland,2012,99.27,,
ESTAT:ISOC_CI_IN_H(1.0),16/12/25 11:00:00,Annual,Percentage of households,All types with dependent children,Iceland,2013,99.85,,
ESTAT:ISOC_CI_IN_H(1.0),16/12/25 11:00:00,Annual,Percentage of households,All types with dependent children,Iceland,2014,99.75,,
ESTAT:ISOC_CI_IN_H(1.0),16/12/25 11:00:00,Annual,Percentage of households,All types with dependent children,Iceland,2017,99.71,,
ESTAT:ISOC_CI_IN_H(1.0),16/12/25 11:00:00,Annual,Percentage of households,All types with dependent children,Iceland,2018,99.88,,
ESTAT:ISOC_CI_IN_H(1.0),16/12/25 11:00:00,Annual,Percentage of households,All types with dependent children,Iceland,2019,100.00,,
ESTAT:ISOC_CI_IN_H(1.0),16/12/25 11:00:00,Annual,Percentage of households,All types with dependent children,Iceland,2020,99.58,,
ESTAT:ISOC_CI_IN_H(1.0),16/12/25 11:00:00,Annual,Percentage of households,All types with dependent children,Iceland,2021,,u,
ESTAT:ISOC_CI_IN_H(1.0),16/12/25 11:00:00,Annual,Percentage of households,All types with dependent children,Italy,2002,43.31,,
ESTAT:ISOC_CI_IN_H(1.0),16/12/25 11:00:00,Annual,Percentage of households,All types with dependent children,Italy,2003,37.72,,
ESTAT:ISOC_CI_IN_H(1.0),16/12/25 11:00:00,Annual,Percentage of households,All types with dependent children,Italy,2004,42.63,,
ESTAT:ISOC_CI_IN_H(1.0),16/12/25 11:00:00,Annual,Percentage of households,All types with dependent children,Italy,2005,50.63,,
ESTAT:ISOC_CI_IN_H(1.0),16/12/25 11:00:00,Annual,Percentage of households,All types with dependent children,Italy,2006,51.03,,
ESTAT:ISOC_CI_IN_H(1.0),16/12/25 11:00:00,Annual,Percentage of households,All types with dependent children,Italy,2007,54.96,,
ESTAT:ISOC_CI_IN_H(1.0),16/12/25 11:00:00,Annual,Percentage of households,All types with dependent children,Italy,2008,59.98,,
ESTAT:ISOC_CI_IN_H(1.0),16/12/25 11:00:00,Annual,Percentage of households,All types with dependent children,Italy,2009,67.47,,
ESTAT:ISOC_CI_IN_H(1.0),16/12/25 11:00:00,Annual,Percentage of households,All types with dependent children,Italy,2010,74.06,,
ESTAT:ISOC_CI_IN_H(1.0),16/12/25 11:00:00,Annual,Percentage of households,All types with dependent children,Italy,2011,78.46,,
ESTAT:ISOC_CI_IN_H(1.0),16/12/25 11:00:00,Annual,Percentage of households,All types with dependent children,Italy,2012,77.93,,
ESTAT:ISOC_CI_IN_H(1.0),16/12/25 11:00:00,Annual,Percentage of households,All types with dependent children,Italy,2013,84.76,,
ESTAT:ISOC_CI_IN_H(1.0),16/12/25 11:00:00,Annual,Percentage of households,All types with dependent children,Italy,2014,88.19,,
ESTAT:ISOC_CI_IN_H(1.0),16/12/25 11:00:00,Annual,Percentage of households,All types with dependent children,Italy,2015,90.10,,
ESTAT:ISOC_CI_IN_H(1.0),16/12/25 11:00:00,Annual,Percentage of households,All types with dependent children,Italy,2016,92.37,,
ESTAT:ISOC_CI_IN_H(1.0),16/12/25 11:00:00,Annual,Percentage of households,All types with dependent children,Italy,2017,93.78,,
ESTAT:ISOC_CI_IN_H(1.0),16/12/25 11:00:00,Annual,Percentage of households,All types with dependent children,Italy,2018,95.08,,
ESTAT:ISOC_CI_IN_H(1.0),16/12/25 11:00:00,Annual,Percentage of households,All types with dependent children,Italy,2019,96.11,,
ESTAT:ISOC_CI_IN_H(1.0),16/12/25 11:00:00,Annual,Percentage of households,All types with dependent children,Italy,2020,97.61,,
ESTAT:ISOC_CI_IN_H(1.0),16/12/25 11:00:00,Annual,Percentage of households,All types with dependent children,Italy,2021,98.56,,
ESTAT:ISOC_CI_IN_H(1.0),16/12/25 11:00:00,Annual,Percentage of households,All types with dependent children,Italy,2022,98.62,,
ESTAT:ISOC_CI_IN_H(1.0),16/12/25 11:00:00,Annual,Percentage of households,All types with dependent children,Italy,2023,98.63,,
ESTAT:ISOC_CI_IN_H(1.0),16/12/25 11:00:00,Annual,Percentage of households,All types with dependent children,Italy,2024,99.03,,
ESTAT:ISOC_CI_IN_H(1.0),16/12/25 11:00:00,Annual,Percentage of households,All types with dependent children,Italy,2025,98.63,,
ESTAT:ISOC_CI_IN_H(1.0),16/12/25 11:00:00,Annual,Percentage of households,All types with dependent children,Lithuania,2004,17.59,,
ESTAT:ISOC_CI_IN_H(1.0),16/12/25 11:00:00,Annual,Percentage of households,All types with dependent children,Lithuania,2005,22.28,,
ESTAT:ISOC_CI_IN_H(1.0),16/12/25 11:00:00,Annual,Percentage of households,All types with dependent children,Lithuania,2006,52.15,,
ESTAT:ISOC_CI_IN_H(1.0),16/12/25 11:00:00,Annual,Percentage of households,All types with dependent children,Lithuania,2007,69.50,,
ESTAT:ISOC_CI_IN_H(1.0),16/12/25 11:00:00,Annual,Percentage of households,All types with dependent children,Lithuania,2008,76.91,,
ESTAT:ISOC_CI_IN_H(1.0),16/12/25 11:00:00,Annual,Percentage of households,All types with dependent children,Lithuania,2009,84.24,,
ESTAT:ISOC_CI_IN_H(1.0),16/12/25 11:00:00,Annual,Percentage of households,All types with dependent children,Lithuania,2010,83.91,,
ESTAT:ISOC_CI_IN_H(1.0),16/12/25 11:00:00,Annual,Percentage of households,All types with dependent children,Lithuania,2011,86.81,,
ESTAT:ISOC_CI_IN_H(1.0),16/12/25 11:00:00,Annual,Percentage of households,All types with dependent children,Lithuania,2012,89.00,,
ESTAT:ISOC_CI_IN_H(1.0),16/12/25 11:00:00,Annual,Percentage of households,All types with dependent children,Lithuania,2013,91.55,,
ESTAT:ISOC_CI_IN_H(1.0),16/12/25 11:00:00,Annual,Percentage of households,All types with dependent children,Lithuania,2014,93.26,,
ESTAT:ISOC_CI_IN_H(1.0),16/12/25 11:00:00,Annual,Percentage of households,All types with dependent children,Lithuania,2015,95.36,,
ESTAT:ISOC_CI_IN_H(1.0),16/12/25 11:00:00,Annual,Percentage of households,All types with dependent children,Lithuania,2016,97.37,,
ESTAT:ISOC_CI_IN_H(1.0),16/12/25 11:00:00,Annual,Percentage of households,All types with dependent children,Lithuania,2017,96.65,,
ESTAT:ISOC_CI_IN_H(1.0),16/12/25 11:00:00,Annual,Percentage of households,All types with dependent children,Lithuania,2018,97.10,,
ESTAT:ISOC_CI_IN_H(1.0),16/12/25 11:00:00,Annual,Percentage of households,All types with dependent children,Lithuania,2019,98.95,,
ESTAT:ISOC_CI_IN_H(1.0),16/12/25 11:00:00,Annual,Percentage of households,All types with dependent children,Lithuania,2020,99.02,,
ESTAT:ISOC_CI_IN_H(1.0),16/12/25 11:00:00,Annual,Percentage of households,All types with dependent children,Lithuania,2021,98.97,,
ESTAT:ISOC_CI_IN_H(1.0),16/12/25 11:00:00,Annual,Percentage of households,All types with dependent children,Lithuania,2022,99.74,,
ESTAT:ISOC_CI_IN_H(1.0),16/12/25 11:00:00,Annual,Percentage of households,All types with dependent children,Lithuania,2023,99.74,,
ESTAT:ISOC_CI_IN_H(1.0),16/12/25 11:00:00,Annual,Percentage of households,All types with dependent children,Lithuania,2024,99.60,,
ESTAT:ISOC_CI_IN_H(1.0),16/12/25 11:00:00,Annual,Percentage of households,All types with dependent children,Lithuania,2025,99.30,,
ESTAT:ISOC_CI_IN_H(1.0),16/12/25 11:00:00,Annual,Percentage of households,All types with dependent children,Luxembourg,2002,57.67,,
ESTAT:ISOC_CI_IN_H(1.0),16/12/25 11:00:00,Annual,Percentage of households,All types with dependent children,Luxembourg,2003,64.98,,
ESTAT:ISOC_CI_IN_H(1.0),16/12/25 11:00:00,Annual,Percentage of households,All types with dependent children,Luxembourg,2004,66.03,,
ESTAT:ISOC_CI_IN_H(1.0),16/12/25 11:00:00,Annual,Percentage of households,All types with dependent children,Luxembourg,2005,77.69,,
ESTAT:ISOC_CI_IN_H(1.0),16/12/25 11:00:00,Annual,Percentage of households,All types with dependent children,Luxembourg,2006,85.34,,
ESTAT:ISOC_CI_IN_H(1.0),16/12/25 11:00:00,Annual,Percentage of households,All types with dependent children,Luxembourg,2007,88.50,,
ESTAT:ISOC_CI_IN_H(1.0),16/12/25 11:00:00,Annual,Percentage of households,All types with dependent children,Luxembourg,2008,91.24,,
ESTAT:ISOC_CI_IN_H(1.0),16/12/25 11:00:00,Annual,Percentage of households,All types with dependent children,Luxembourg,2009,96.22,,
ESTAT:ISOC_CI_IN_H(1.0),16/12/25 11:00:00,Annual,Percentage of households,All types with dependent children,Luxembourg,2010,98.37,,
ESTAT:ISOC_CI_IN_H(1.0),16/12/25 11:00:00,Annual,Percentage of households,All types with dependent children,Luxembourg,2011,98.42,,
ESTAT:ISOC_CI_IN_H(1.0),16/12/25 11:00:00,Annual,Percentage of households,All types with dependent children,Luxembourg,2012,98.24,,
ESTAT:ISOC_CI_IN_H(1.0),16/12/25 11:00:00,Annual,Percentage of households,All types with dependent children,Luxembourg,2013,99.64,,
ESTAT:ISOC_CI_IN_H(1.0),16/12/25 11:00:00,Annual,Percentage of households,All types with dependent children,Luxembourg,2014,99.14,,
ESTAT:ISOC_CI_IN_H(1.0),16/12/25 11:00:00,Annual,Percentage of households,All types with dependent children,Luxembourg,2015,99.61,,
ESTAT:ISOC_CI_IN_H(1.0),16/12/25 11:00:00,Annual,Percentage of households,All types with dependent children,Luxembourg,2016,99.46,,
ESTAT:ISOC_CI_IN_H(1.0),16/12/25 11:00:00,Annual,Percentage of households,All types with dependent children,Luxembourg,2017,99.81,,
ESTAT:ISOC_CI_IN_H(1.0),16/12/25 11:00:00,Annual,Percentage of households,All types with dependent children,Luxembourg,2018,94.46,b,
ESTAT:ISOC_CI_IN_H(1.0),16/12/25 11:00:00,Annual,Percentage of households,All types with dependent children,Luxembourg,2019,98.33,,
ESTAT:ISOC_CI_IN_H(1.0),16/12/25 11:00:00,Annual,Percentage of households,All types with dependent children,Luxembourg,2020,98.24,,
ESTAT:ISOC_CI_IN_H(1.0),16/12/25 11:00:00,Annual,Percentage of households,All types with dependent children,Luxembourg,2021,100.00,,
ESTAT:ISOC_CI_IN_H(1.0),16/12/25 11:00:00,Annual,Percentage of households,All types with dependent children,Luxembourg,2022,99.51,,
ESTAT:ISOC_CI_IN_H(1.0),16/12/25 11:00:00,Annual,Percentage of households,All types with dependent children,Luxembourg,2023,99.90,,
ESTAT:ISOC_CI_IN_H(1.0),16/12/25 11:00:00,Annual,Percentage of households,All types with dependent children,Luxembourg,2024,100.00,,
ESTAT:ISOC_CI_IN_H(1.0),16/12/25 11:00:00,Annual,Percentage of households,All types with dependent children,Luxembourg,2025,100.00,,
ESTAT:ISOC_CI_IN_H(1.0),16/12/25 11:00:00,Annual,Percentage of households,All types with dependent children,Latvia,2004,22.33,,
ESTAT:ISOC_CI_IN_H(1.0),16/12/25 11:00:00,Annual,Percentage of households,All types with dependent children,Latvia,2005,42.51,,
ESTAT:ISOC_CI_IN_H(1.0),16/12/25 11:00:00,Annual,Percentage of households,All types with dependent children,Latvia,2006,61.62,,
ESTAT:ISOC_CI_IN_H(1.0),16/12/25 11:00:00,Annual,Percentage of households,All types with dependent children,Latvia,2007,71.58,,
ESTAT:ISOC_CI_IN_H(1.0),16/12/25 11:00:00,Annual,Percentage of households,All types with dependent children,Latvia,2008,72.57,,
ESTAT:ISOC_CI_IN_H(1.0),16/12/25 11:00:00,Annual,Percentage of households,All types with dependent children,Latvia,2009,80.14,,
ESTAT:ISOC_CI_IN_H(1.0),16/12/25 11:00:00,Annual,Percentage of households,All types with dependent children,Latvia,2010,81.88,,
ESTAT:ISOC_CI_IN_H(1.0),16/12/25 11:00:00,Annual,Percentage of households,All types with dependent children,Latvia,2011,86.73,,
ESTAT:ISOC_CI_IN_H(1.0),16/12/25 11:00:00,Annual,Percentage of households,All types with dependent children,Latvia,2012,90.76,,
ESTAT:ISOC_CI_IN_H(1.0),16/12/25 11:00:00,Annual,Percentage of households,All types with dependent children,Latvia,2013,93.39,,
ESTAT:ISOC_CI_IN_H(1.0),16/12/25 11:00:00,Annual,Percentage of households,All types with dependent children,Latvia,2014,94.42,,
ESTAT:ISOC_CI_IN_H(1.0),16/12/25 11:00:00,Annual,Percentage of households,All types with dependent children,Latvia,2015,93.60,,
ESTAT:ISOC_CI_IN_H(1.0),16/12/25 11:00:00,Annual,Percentage of households,All types with dependent children,Latvia,2016,94.52,b,
ESTAT:ISOC_CI_IN_H(1.0),16/12/25 11:00:00,Annual,Percentage of households,All types with dependent children,Latvia,2017,96.13,,
ESTAT:ISOC_CI_IN_H(1.0),16/12/25 11:00:00,Annual,Percentage of households,All types with dependent children,Latvia,2018,98.07,,
ESTAT:ISOC_CI_IN_H(1.0),16/12/25 11:00:00,Annual,Percentage of households,All types with dependent children,Latvia,2019,98.15,,
ESTAT:ISOC_CI_IN_H(1.0),16/12/25 11:00:00,Annual,Percentage of households,All types with dependent children,Latvia,2020,98.75,,
ESTAT:ISOC_CI_IN_H(1.0),16/12/25 11:00:00,Annual,Percentage of households,All types with dependent children,Latvia,2021,98.63,,
ESTAT:ISOC_CI_IN_H(1.0),16/12/25 11:00:00,Annual,Percentage of households,All types with dependent children,Latvia,2022,99.20,,
ESTAT:ISOC_CI_IN_H(1.0),16/12/25 11:00:00,Annual,Percentage of households,All types with dependent children,Latvia,2023,99.44,,
ESTAT:ISOC_CI_IN_H(1.0),16/12/25 11:00:00,Annual,Percentage of households,All types with dependent children,Latvia,2024,99.50,,
ESTAT:ISOC_CI_IN_H(1.0),16/12/25 11:00:00,Annual,Percentage of households,All types with dependent children,Latvia,2025,98.61,,
ESTAT:ISOC_CI_IN_H(1.0),16/12/25 11:00:00,Annual,Percentage of households,All types with dependent children,Montenegro,2012,66.82,,
ESTAT:ISOC_CI_IN_H(1.0),16/12/25 11:00:00,Annual,Percentage of households,All types with dependent children,Montenegro,2017,87.17,,
ESTAT:ISOC_CI_IN_H(1.0),16/12/25 11:00:00,Annual,Percentage of households,All types with dependent children,Montenegro,2018,89.99,,
ESTAT:ISOC_CI_IN_H(1.0),16/12/25 11:00:00,Annual,Percentage of households,All types with dependent children,Montenegro,2019,94.25,,
ESTAT:ISOC_CI_IN_H(1.0),16/12/25 11:00:00,Annual,Percentage of households,All types with dependent children,Montenegro,2020,94.33,,
ESTAT:ISOC_CI_IN_H(1.0),16/12/25 11:00:00,Annual,Percentage of households,All types with dependent children,Montenegro,2021,96.93,,
ESTAT:ISOC_CI_IN_H(1.0),16/12/25 11:00:00,Annual,Percentage of households,All types with dependent children,Montenegro,2022,95.31,,
ESTAT:ISOC_CI_IN_H(1.0),16/12/25 11:00:00,Annual,Percentage of households,All types with dependent children,Montenegro,2023,97.32,,
ESTAT:ISOC_CI_IN_H(1.0),16/12/25 11:00:00,Annual,Percentage of households,All types with dependent children,Montenegro,2024,97.78,,
ESTAT:ISOC_CI_IN_H(1.0),16/12/25 11:00:00,Annual,Percentage of households,All types with dependent children,Montenegro,2025,94.33,,
ESTAT:ISOC_CI_IN_H(1.0),16/12/25 11:00:00,Annual,Percentage of households,All types with dependent children,North Macedonia,2004,,u,
ESTAT:ISOC_CI_IN_H(1.0),16/12/25 11:00:00,Annual,Percentage of households,All types with dependent children,North Macedonia,2006,16.46,,
ESTAT:ISOC_CI_IN_H(1.0),16/12/25 11:00:00,Annual,Percentage of households,All types with dependent children,North Macedonia,2008,30.88,,
ESTAT:ISOC_CI_IN_H(1.0),16/12/25 11:00:00,Annual,Percentage of households,All types with dependent children,North Macedonia,2009,46.68,,
ESTAT:ISOC_CI_IN_H(1.0),16/12/25 11:00:00,Annual,Percentage of households,All types with dependent children,North Macedonia,2010,57.26,,
ESTAT:ISOC_CI_IN_H(1.0),16/12/25 11:00:00,Annual,Percentage of households,All types with dependent children,North Macedonia,2012,69.13,,
ESTAT:ISOC_CI_IN_H(1.0),16/12/25 11:00:00,Annual,Percentage of households,All types with dependent children,North Macedonia,2013,79.22,,
ESTAT:ISOC_CI_IN_H(1.0),16/12/25 11:00:00,Annual,Percentage of households,All types with dependent children,North Macedonia,2014,84.82,,
ESTAT:ISOC_CI_IN_H(1.0),16/12/25 11:00:00,Annual,Percentage of households,All types with dependent children,North Macedonia,2015,86.77,,
ESTAT:ISOC_CI_IN_H(1.0),16/12/25 11:00:00,Annual,Percentage of households,All types with dependent children,North Macedonia,2016,86.88,,
ESTAT:ISOC_CI_IN_H(1.0),16/12/25 11:00:00,Annual,Percentage of households,All types with dependent children,North Macedonia,2017,89.96,,
ESTAT:ISOC_CI_IN_H(1.0),16/12/25 11:00:00,Annual,Percentage of households,All types with dependent children,North Macedonia,2018,95.53,,
ESTAT:ISOC_CI_IN_H(1.0),16/12/25 11:00:00,Annual,Percentage of households,All types with dependent children,North Macedonia,2019,97.18,,
ESTAT:ISOC_CI_IN_H(1.0),16/12/25 11:00:00,Annual,Percentage of households,All types with dependent children,North Macedonia,2020,96.67,,
ESTAT:ISOC_CI_IN_H(1.0),16/12/25 11:00:00,Annual,Percentage of households,All types with dependent children,North Macedonia,2021,96.96,,
ESTAT:ISOC_CI_IN_H(1.0),16/12/25 11:00:00,Annual,Percentage of households,All types with dependent children,North Macedonia,2024,98.52,,
ESTAT:ISOC_CI_IN_H(1.0),16/12/25 11:00:00,Annual,Percentage of households,All types with dependent children,North Macedonia,2025,98.30,,
ESTAT:ISOC_CI_IN_H(1.0),16/12/25 11:00:00,Annual,Percentage of households,All types with dependent children,Malta,2005,59.97,,
ESTAT:ISOC_CI_IN_H(1.0),16/12/25 11:00:00,Annual,Percentage of households,All types with dependent children,Malta,2006,51.07,,
ESTAT:ISOC_CI_IN_H(1.0),16/12/25 11:00:00,Annual,Percentage of households,All types with dependent children,Malta,2007,,u,
ESTAT:ISOC_CI_IN_H(1.0),16/12/25 11:00:00,Annual,Percentage of households,All types with dependent children,Malta,2008,,u,
ESTAT:ISOC_CI_IN_H(1.0),16/12/25 11:00:00,Annual,Percentage of households,All types with dependent children,Malta,2009,88.38,,
ESTAT:ISOC_CI_IN_H(1.0),16/12/25 11:00:00,Annual,Percentage of households,All types with dependent children,Malta,2010,94.56,,
ESTAT:ISOC_CI_IN_H(1.0),16/12/25 11:00:00,Annual,Percentage of households,All types with dependent children,Malta,2011,91.64,,
ESTAT:ISOC_CI_IN_H(1.0),16/12/25 11:00:00,Annual,Percentage of households,All types with dependent children,Malta,2012,93.92,,
ESTAT:ISOC_CI_IN_H(1.0),16/12/25 11:00:00,Annual,Percentage of households,All types with dependent children,Malta,2013,94.44,,
ESTAT:ISOC_CI_IN_H(1.0),16/12/25 11:00:00,Annual,Percentage of households,All types with dependent children,Malta,2014,98.26,,
ESTAT:ISOC_CI_IN_H(1.0),16/12/25 11:00:00,Annual,Percentage of households,All types with dependent children,Malta,2015,95.49,,
ESTAT:ISOC_CI_IN_H(1.0),16/12/25 11:00:00,Annual,Percentage of households,All types with dependent children,Malta,2016,98.25,,
ESTAT:ISOC_CI_IN_H(1.0),16/12/25 11:00:00,Annual,Percentage of households,All types with dependent children,Malta,2017,98.62,,
ESTAT:ISOC_CI_IN_H(1.0),16/12/25 11:00:00,Annual,Percentage of households,All types with dependent children,Malta,2018,98.76,,
ESTAT:ISOC_CI_IN_H(1.0),16/12/25 11:00:00,Annual,Percentage of households,All types with dependent children,Malta,2019,96.94,,
ESTAT:ISOC_CI_IN_H(1.0),16/12/25 11:00:00,Annual,Percentage of households,All types with dependent children,Malta,2020,97.95,,
ESTAT:ISOC_CI_IN_H(1.0),16/12/25 11:00:00,Annual,Percentage of households,All types with dependent children,Malta,2021,98.81,,
ESTAT:ISOC_CI_IN_H(1.0),16/12/25 11:00:00,Annual,Percentage of households,All types with dependent children,Malta,2022,100.00,,
ESTAT:ISOC_CI_IN_H(1.0),16/12/25 11:00:00,Annual,Percentage of households,All types with dependent children,Malta,2023,99.76,,
ESTAT:ISOC_CI_IN_H(1.0),16/12/25 11:00:00,Annual,Percentage of households,All types with dependent children,Malta,2024,99.83,,
ESTAT:ISOC_CI_IN_H(1.0),16/12/25 11:00:00,Annual,Percentage of households,All types with dependent children,Malta,2025,99.11,,
ESTAT:ISOC_CI_IN_H(1.0),16/12/25 11:00:00,Annual,Percentage of households,All types with dependent children,Netherlands,2005,91.45,,
ESTAT:ISOC_CI_IN_H(1.0),16/12/25 11:00:00,Annual,Percentage of households,All types with dependent children,Netherlands,2006,,u,
ESTAT:ISOC_CI_IN_H(1.0),16/12/25 11:00:00,Annual,Percentage of households,All types with dependent children,Netherlands,2007,96.36,,
ESTAT:ISOC_CI_IN_H(1.0),16/12/25 11:00:00,Annual,Percentage of households,All types with dependent children,Netherlands,2008,97.71,,
ESTAT:ISOC_CI_IN_H(1.0),16/12/25 11:00:00,Annual,Percentage of households,All types with dependent children,Netherlands,2009,98.99,,
ESTAT:ISOC_CI_IN_H(1.0),16/12/25 11:00:00,Annual,Percentage of households,All types with dependent children,Netherlands,2010,99.25,,
ESTAT:ISOC_CI_IN_H(1.0),16/12/25 11:00:00,Annual,Percentage of households,All types with dependent children,Netherlands,2011,99.94,,
ESTAT:ISOC_CI_IN_H(1.0),16/12/25 11:00:00,Annual,Percentage of households,All types with dependent children,Netherlands,2012,98.87,,
ESTAT:ISOC_CI_IN_H(1.0),16/12/25 11:00:00,Annual,Percentage of households,All types with dependent children,Netherlands,2013,99.80,,
ESTAT:ISOC_CI_IN_H(1.0),16/12/25 11:00:00,Annual,Percentage of households,All types with dependent children,Netherlands,2014,99.29,,
ESTAT:ISOC_CI_IN_H(1.0),16/12/25 11:00:00,Annual,Percentage of households,All types with dependent children,Netherlands,2015,98.58,,
ESTAT:ISOC_CI_IN_H(1.0),16/12/25 11:00:00,Annual,Percentage of households,All types with dependent children,Netherlands,2016,99.46,,
ESTAT:ISOC_CI_IN_H(1.0),16/12/25 11:00:00,Annual,Percentage of households,All types with dependent children,Netherlands,2017,99.98,,
ESTAT:ISOC_CI_IN_H(1.0),16/12/25 11:00:00,Annual,Percentage of households,All types with dependent children,Netherlands,2018,99.39,,
ESTAT:ISOC_CI_IN_H(1.0),16/12/25 11:00:00,Annual,Percentage of households,All types with dependent children,Netherlands,2019,99.84,,
ESTAT:ISOC_CI_IN_H(1.0),16/12/25 11:00:00,Annual,Percentage of households,All types with dependent children,Netherlands,2020,98.97,,
ESTAT:ISOC_CI_IN_H(1.0),16/12/25 11:00:00,Annual,Percentage of households,All types with dependent children,Netherlands,2021,99.43,,
ESTAT:ISOC_CI_IN_H(1.0),16/12/25 11:00:00,Annual,Percentage of households,All types with dependent children,Netherlands,2022,98.67,,
ESTAT:ISOC_CI_IN_H(1.0),16/12/25 11:00:00,Annual,Percentage of households,All types with dependent children,Netherlands,2023,99.26,,
ESTAT:ISOC_CI_IN_H(1.0),16/12/25 11:00:00,Annual,Percentage of households,All types with dependent children,Netherlands,2024,99.65,,
ESTAT:ISOC_CI_IN_H(1.0),16/12/25 11:00:00,Annual,Percentage of households,All types with dependent children,Netherlands,2025,99.74,,
ESTAT:ISOC_CI_IN_H(1.0),16/12/25 11:00:00,Annual,Percentage of households,All types with dependent children,Norway,2003,79.44,,
ESTAT:ISOC_CI_IN_H(1.0),16/12/25 11:00:00,Annual,Percentage of households,All types with dependent children,Norway,2004,84.05,,
ESTAT:ISOC_CI_IN_H(1.0),16/12/25 11:00:00,Annual,Percentage of households,All types with dependent children,Norway,2005,87.00,,
ESTAT:ISOC_CI_IN_H(1.0),16/12/25 11:00:00,Annual,Percentage of households,All types with dependent children,Norway,2006,90.94,,
ESTAT:ISOC_CI_IN_H(1.0),16/12/25 11:00:00,Annual,Percentage of households,All types with dependent children,Norway,2007,93.47,,
ESTAT:ISOC_CI_IN_H(1.0),16/12/25 11:00:00,Annual,Percentage of households,All types with dependent children,Norway,2008,97.83,,
ESTAT:ISOC_CI_IN_H(1.0),16/12/25 11:00:00,Annual,Percentage of households,All types with dependent children,Norway,2009,98.81,,
ESTAT:ISOC_CI_IN_H(1.0),16/12/25 11:00:00,Annual,Percentage of households,All types with dependent children,Norway,2010,98.50,,
ESTAT:ISOC_CI_IN_H(1.0),16/12/25 11:00:00,Annual,Percentage of households,All types with dependent children,Norway,2011,99.63,,
ESTAT:ISOC_CI_IN_H(1.0),16/12/25 11:00:00,Annual,Percentage of households,All types with dependent children,Norway,2012,99.82,,
ESTAT:ISOC_CI_IN_H(1.0),16/12/25 11:00:00,Annual,Percentage of households,All types with dependent children,Norway,2013,99.08,,
ESTAT:ISOC_CI_IN_H(1.0),16/12/25 11:00:00,Annual,Percentage of households,All types with dependent children,Norway,2014,99.44,,
ESTAT:ISOC_CI_IN_H(1.0),16/12/25 11:00:00,Annual,Percentage of households,All types with dependent children,Norway,2015,98.68,,
ESTAT:ISOC_CI_IN_H(1.0),16/12/25 11:00:00,Annual,Percentage of households,All types with dependent children,Norway,2016,99.81,,
ESTAT:ISOC_CI_IN_H(1.0),16/12/25 11:00:00,Annual,Percentage of households,All types with dependent children,Norway,2017,100.00,,
ESTAT:ISOC_CI_IN_H(1.0),16/12/25 11:00:00,Annual,Percentage of households,All types with dependent children,Norway,2018,99.70,,
ESTAT:ISOC_CI_IN_H(1.0),16/12/25 11:00:00,Annual,Percentage of households,All types with dependent children,Norway,2019,99.81,,
ESTAT:ISOC_CI_IN_H(1.0),16/12/25 11:00:00,Annual,Percentage of households,All types with dependent children,Norway,2020,100.00,,
ESTAT:ISOC_CI_IN_H(1.0),16/12/25 11:00:00,Annual,Percentage of households,All types with dependent children,Norway,2021,99.53,,
ESTAT:ISOC_CI_IN_H(1.0),16/12/25 11:00:00,Annual,Percentage of households,All types with dependent children,Norway,2022,100.00,,
ESTAT:ISOC_CI_IN_H(1.0),16/12/25 11:00:00,Annual,Percentage of households,All types with dependent children,Norway,2023,99.01,,
ESTAT:ISOC_CI_IN_H(1.0),16/12/25 11:00:00,Annual,Percentage of households,All types with dependent children,Norway,2024,98.53,,
ESTAT:ISOC_CI_IN_H(1.0),16/12/25 11:00:00,Annual,Percentage of households,All types with dependent children,Norway,2025,99.19,,
ESTAT:ISOC_CI_IN_H(1.0),16/12/25 11:00:00,Annual,Percentage of households,All types with dependent children,Poland,2004,34.09,,
ESTAT:ISOC_CI_IN_H(1.0),16/12/25 11:00:00,Annual,Percentage of households,All types with dependent children,Poland,2005,38.21,,
ESTAT:ISOC_CI_IN_H(1.0),16/12/25 11:00:00,Annual,Percentage of households,All types with dependent children,Poland,2006,47.35,,
ESTAT:ISOC_CI_IN_H(1.0),16/12/25 11:00:00,Annual,Percentage of households,All types with dependent children,Poland,2007,,u,
ESTAT:ISOC_CI_IN_H(1.0),16/12/25 11:00:00,Annual,Percentage of households,All types with dependent children,Poland,2008,61.43,,
ESTAT:ISOC_CI_IN_H(1.0),16/12/25 11:00:00,Annual,Percentage of households,All types with dependent children,Poland,2009,75.33,,
ESTAT:ISOC_CI_IN_H(1.0),16/12/25 11:00:00,Annual,Percentage of households,All types with dependent children,Poland,2010,82.90,,
ESTAT:ISOC_CI_IN_H(1.0),16/12/25 11:00:00,Annual,Percentage of households,All types with dependent children,Poland,2011,88.31,,
ESTAT:ISOC_CI_IN_H(1.0),16/12/25 11:00:00,Annual,Percentage of households,All types with dependent children,Poland,2012,91.53,,
ESTAT:ISOC_CI_IN_H(1.0),16/12/25 11:00:00,Annual,Percentage of households,All types with dependent children,Poland,2013,93.07,,
ESTAT:ISOC_CI_IN_H(1.0),16/12/25 11:00:00,Annual,Percentage of households,All types with dependent children,Poland,2014,94.00,,
ESTAT:ISOC_CI_IN_H(1.0),16/12/25 11:00:00,Annual,Percentage of households,All types with dependent children,Poland,2015,94.98,,
ESTAT:ISOC_CI_IN_H(1.0),16/12/25 11:00:00,Annual,Percentage of households,All types with dependent children,Poland,2016,97.74,,
ESTAT:ISOC_CI_IN_H(1.0),16/12/25 11:00:00,Annual,Percentage of households,All types with dependent children,Poland,2017,98.79,,
ESTAT:ISOC_CI_IN_H(1.0),16/12/25 11:00:00,Annual,Percentage of households,All types with dependent children,Poland,2018,99.19,,
ESTAT:ISOC_CI_IN_H(1.0),16/12/25 11:00:00,Annual,Percentage of households,All types with dependent children,Poland,2019,99.34,,
ESTAT:ISOC_CI_IN_H(1.0),16/12/25 11:00:00,Annual,Percentage of households,All types with dependent children,Poland,2020,99.51,,
ESTAT:ISOC_CI_IN_H(1.0),16/12/25 11:00:00,Annual,Percentage of households,All types with dependent children,Poland,2021,99.68,,
ESTAT:ISOC_CI_IN_H(1.0),16/12/25 11:00:00,Annual,Percentage of households,All types with dependent children,Poland,2022,99.92,,
ESTAT:ISOC_CI_IN_H(1.0),16/12/25 11:00:00,Annual,Percentage of households,All types with dependent children,Poland,2023,99.78,,
ESTAT:ISOC_CI_IN_H(1.0),16/12/25 11:00:00,Annual,Percentage of households,All types with dependent children,Poland,2024,99.95,,
ESTAT:ISOC_CI_IN_H(1.0),16/12/25 11:00:00,Annual,Percentage of households,All types with dependent children,Poland,2025,100.00,,
ESTAT:ISOC_CI_IN_H(1.0),16/12/25 11:00:00,Annual,Percentage of households,All types with dependent children,Portugal,2003,31.06,,
ESTAT:ISOC_CI_IN_H(1.0),16/12/25 11:00:00,Annual,Percentage of households,All types with dependent children,Portugal,2004,38.53,,
ESTAT:ISOC_CI_IN_H(1.0),16/12/25 11:00:00,Annual,Percentage of households,All types with dependent children,Portugal,2005,43.78,,
ESTAT:ISOC_CI_IN_H(1.0),16/12/25 11:00:00,Annual,Percentage of households,All types with dependent children,Portugal,2006,46.55,,
ESTAT:ISOC_CI_IN_H(1.0),16/12/25 11:00:00,Annual,Percentage of households,All types with dependent children,Portugal,2007,54.17,,
ESTAT:ISOC_CI_IN_H(1.0),16/12/25 11:00:00,Annual,Percentage of households,All types with dependent children,Portugal,2008,66.80,,
ESTAT:ISOC_CI_IN_H(1.0),16/12/25 11:00:00,Annual,Percentage of households,All types with dependent children,Portugal,2009,72.26,,
ESTAT:ISOC_CI_IN_H(1.0),16/12/25 11:00:00,Annual,Percentage of households,All types with dependent children,Portugal,2010,80.26,,
ESTAT:ISOC_CI_IN_H(1.0),16/12/25 11:00:00,Annual,Percentage of households,All types with dependent children,Portugal,2011,82.98,,
ESTAT:ISOC_CI_IN_H(1.0),16/12/25 11:00:00,Annual,Percentage of households,All types with dependent children,Portugal,2012,85.13,,
ESTAT:ISOC_CI_IN_H(1.0),16/12/25 11:00:00,Annual,Percentage of households,All types with dependent children,Portugal,2013,85.86,,
ESTAT:ISOC_CI_IN_H(1.0),16/12/25 11:00:00,Annual,Percentage of households,All types with dependent children,Portugal,2014,88.02,,
ESTAT:ISOC_CI_IN_H(1.0),16/12/25 11:00:00,Annual,Percentage of households,All types with dependent children,Portugal,2015,91.88,,
ESTAT:ISOC_CI_IN_H(1.0),16/12/25 11:00:00,Annual,Percentage of households,All types with dependent children,Portugal,2016,95.53,,
ESTAT:ISOC_CI_IN_H(1.0),16/12/25 11:00:00,Annual,Percentage of households,All types with dependent children,Portugal,2017,96.49,,
ESTAT:ISOC_CI_IN_H(1.0),16/12/25 11:00:00,Annual,Percentage of households,All types with dependent children,Portugal,2018,96.24,,
ESTAT:ISOC_CI_IN_H(1.0),16/12/25 11:00:00,Annual,Percentage of households,All types with dependent children,Portugal,2019,96.32,,
ESTAT:ISOC_CI_IN_H(1.0),16/12/25 11:00:00,Annual,Percentage of households,All types with dependent children,Portugal,2020,98.24,,
ESTAT:ISOC_CI_IN_H(1.0),16/12/25 11:00:00,Annual,Percentage of households,All types with dependent children,Portugal,2021,98.22,,
ESTAT:ISOC_CI_IN_H(1.0),16/12/25 11:00:00,Annual,Percentage of households,All types with dependent children,Portugal,2022,99.23,,
ESTAT:ISOC_CI_IN_H(1.0),16/12/25 11:00:00,Annual,Percentage of households,All types with dependent children,Portugal,2023,98.46,,
ESTAT:ISOC_CI_IN_H(1.0),16/12/25 11:00:00,Annual,Percentage of households,All types with dependent children,Portugal,2024,99.06,,
ESTAT:ISOC_CI_IN_H(1.0),16/12/25 11:00:00,Annual,Percentage of households,All types with dependent children,Portugal,2025,99.20,,
ESTAT:ISOC_CI_IN_H(1.0),16/12/25 11:00:00,Annual,Percentage of households,All types with dependent children,Romania,2006,17.16,,
ESTAT:ISOC_CI_IN_H(1.0),16/12/25 11:00:00,Annual,Percentage of households,All types with dependent children,Romania,2007,25.54,,
ESTAT:ISOC_CI_IN_H(1.0),16/12/25 11:00:00,Annual,Percentage of households,All types with dependent children,Romania,2008,35.30,,
ESTAT:ISOC_CI_IN_H(1.0),16/12/25 11:00:00,Annual,Percentage of households,All types with dependent children,Romania,2009,45.97,,
ESTAT:ISOC_CI_IN_H(1.0),16/12/25 11:00:00,Annual,Percentage of households,All types with dependent children,Romania,2010,50.45,,
ESTAT:ISOC_CI_IN_H(1.0),16/12/25 11:00:00,Annual,Percentage of households,All types with dependent children,Romania,2011,58.53,,
ESTAT:ISOC_CI_IN_H(1.0),16/12/25 11:00:00,Annual,Percentage of households,All types with dependent children,Romania,2012,62.86,,
ESTAT:ISOC_CI_IN_H(1.0),16/12/25 11:00:00,Annual,Percentage of households,All types with dependent children,Romania,2013,67.41,,
ESTAT:ISOC_CI_IN_H(1.0),16/12/25 11:00:00,Annual,Percentage of households,All types with dependent children,Romania,2014,74.61,b,
ESTAT:ISOC_CI_IN_H(1.0),16/12/25 11:00:00,Annual,Percentage of households,All types with dependent children,Romania,2015,79.69,,
ESTAT:ISOC_CI_IN_H(1.0),16/12/25 11:00:00,Annual,Percentage of households,All types with dependent children,Romania,2016,85.23,,
ESTAT:ISOC_CI_IN_H(1.0),16/12/25 11:00:00,Annual,Percentage of households,All types with dependent children,Romania,2017,90.65,,
ESTAT:ISOC_CI_IN_H(1.0),16/12/25 11:00:00,Annual,Percentage of households,All types with dependent children,Romania,2018,92.37,,
ESTAT:ISOC_CI_IN_H(1.0),16/12/25 11:00:00,Annual,Percentage of households,All types with dependent children,Romania,2019,94.42,,
ESTAT:ISOC_CI_IN_H(1.0),16/12/25 11:00:00,Annual,Percentage of households,All types with dependent children,Romania,2020,96.26,,
ESTAT:ISOC_CI_IN_H(1.0),16/12/25 11:00:00,Annual,Percentage of households,All types with dependent children,Romania,2021,98.60,,
ESTAT:ISOC_CI_IN_H(1.0),16/12/25 11:00:00,Annual,Percentage of households,All types with dependent children,Romania,2022,97.23,,
ESTAT:ISOC_CI_IN_H(1.0),16/12/25 11:00:00,Annual,Percentage of households,All types with dependent children,Romania,2023,98.81,,
ESTAT:ISOC_CI_IN_H(1.0),16/12/25 11:00:00,Annual,Percentage of households,All types with dependent children,Romania,2024,98.87,,
ESTAT:ISOC_CI_IN_H(1.0),16/12/25 11:00:00,Annual,Percentage of households,All types with dependent children,Romania,2025,98.88,,
ESTAT:ISOC_CI_IN_H(1.0),16/12/25 11:00:00,Annual,Percentage of households,All types with dependent children,Serbia,2015,88.44,,
ESTAT:ISOC_CI_IN_H(1.0),16/12/25 11:00:00,Annual,Percentage of households,All types with dependent children,Serbia,2017,91.61,,
ESTAT:ISOC_CI_IN_H(1.0),16/12/25 11:00:00,Annual,Percentage of households,All types with dependent children,Serbia,2018,88.64,,
ESTAT:ISOC_CI_IN_H(1.0),16/12/25 11:00:00,Annual,Percentage of households,All types with dependent children,Serbia,2019,95.31,,
ESTAT:ISOC_CI_IN_H(1.0),16/12/25 11:00:00,Annual,Percentage of households,All types with dependent children,Serbia,2020,95.64,,
ESTAT:ISOC_CI_IN_H(1.0),16/12/25 11:00:00,Annual,Percentage of households,All types with dependent children,Serbia,2021,95.13,,
ESTAT:ISOC_CI_IN_H(1.0),16/12/25 11:00:00,Annual,Percentage of households,All types with dependent children,Serbia,2022,98.46,,
ESTAT:ISOC_CI_IN_H(1.0),16/12/25 11:00:00,Annual,Percentage of households,All types with dependent children,Serbia,2023,98.84,,
ESTAT:ISOC_CI_IN_H(1.0),16/12/25 11:00:00,Annual,Percentage of households,All types with dependent children,Serbia,2024,97.81,,
ESTAT:ISOC_CI_IN_H(1.0),16/12/25 11:00:00,Annual,Percentage of households,All types with dependent children,Serbia,2025,98.04,,
ESTAT:ISOC_CI_IN_H(1.0),16/12/25 11:00:00,Annual,Percentage of households,All types with dependent children,Sweden,2005,88.76,,
ESTAT:ISOC_CI_IN_H(1.0),16/12/25 11:00:00,Annual,Percentage of households,All types with dependent children,Sweden,2006,92.65,,
ESTAT:ISOC_CI_IN_H(1.0),16/12/25 11:00:00,Annual,Percentage of households,All types with dependent children,Sweden,2007,92.48,,
ESTAT:ISOC_CI_IN_H(1.0),16/12/25 11:00:00,Annual,Percentage of households,All types with dependent children,Sweden,2008,95.21,,
ESTAT:ISOC_CI_IN_H(1.0),16/12/25 11:00:00,Annual,Percentage of households,All types with dependent children,Sweden,2009,96.85,,
ESTAT:ISOC_CI_IN_H(1.0),16/12/25 11:00:00,Annual,Percentage of households,All types with dependent children,Sweden,2010,97.72,,
ESTAT:ISOC_CI_IN_H(1.0),16/12/25 11:00:00,Annual,Percentage of households,All types with dependent children,Sweden,2011,98.75,,
ESTAT:ISOC_CI_IN_H(1.0),16/12/25 11:00:00,Annual,Percentage of households,All types with dependent children,Sweden,2012,99.51,,
ESTAT:ISOC_CI_IN_H(1.0),16/12/25 11:00:00,Annual,Percentage of households,All types with dependent children,Sweden,2013,99.48,,
ESTAT:ISOC_CI_IN_H(1.0),16/12/25 11:00:00,Annual,Percentage of households,All types with dependent children,Sweden,2014,98.30,,
ESTAT:ISOC_CI_IN_H(1.0),16/12/25 11:00:00,Annual,Percentage of households,All types with dependent children,Sweden,2015,97.90,,
ESTAT:ISOC_CI_IN_H(1.0),16/12/25 11:00:00,Annual,Percentage of households,All types with dependent children,Sweden,2016,97.79,b,
ESTAT:ISOC_CI_IN_H(1.0),16/12/25 11:00:00,Annual,Percentage of households,All types with dependent children,Sweden,2017,98.28,,
ESTAT:ISOC_CI_IN_H(1.0),16/12/25 11:00:00,Annual,Percentage of households,All types with dependent children,Sweden,2018,98.18,,
ESTAT:ISOC_CI_IN_H(1.0),16/12/25 11:00:00,Annual,Percentage of households,All types with dependent children,Sweden,2019,98.74,,
ESTAT:ISOC_CI_IN_H(1.0),16/12/25 11:00:00,Annual,Percentage of households,All types with dependent children,Sweden,2020,98.64,,
ESTAT:ISOC_CI_IN_H(1.0),16/12/25 11:00:00,Annual,Percentage of households,All types with dependent children,Sweden,2021,96.72,,
ESTAT:ISOC_CI_IN_H(1.0),16/12/25 11:00:00,Annual,Percentage of households,All types with dependent children,Sweden,2022,98.27,,
ESTAT:ISOC_CI_IN_H(1.0),16/12/25 11:00:00,Annual,Percentage of households,All types with dependent children,Sweden,2023,98.30,,
ESTAT:ISOC_CI_IN_H(1.0),16/12/25 11:00:00,Annual,Percentage of households,All types with dependent children,Sweden,2024,97.00,,
ESTAT:ISOC_CI_IN_H(1.0),16/12/25 11:00:00,Annual,Percentage of households,All types with dependent children,Sweden,2025,98.48,,
ESTAT:ISOC_CI_IN_H(1.0),16/12/25 11:00:00,Annual,Percentage of households,All types with dependent children,Slovenia,2004,,u,
ESTAT:ISOC_CI_IN_H(1.0),16/12/25 11:00:00,Annual,Percentage of households,All types with dependent children,Slovenia,2005,,u,
ESTAT:ISOC_CI_IN_H(1.0),16/12/25 11:00:00,Annual,Percentage of households,All types with dependent children,Slovenia,2006,75.32,,
ESTAT:ISOC_CI_IN_H(1.0),16/12/25 11:00:00,Annual,Percentage of households,All types with dependent children,Slovenia,2007,76.59,,
ESTAT:ISOC_CI_IN_H(1.0),16/12/25 11:00:00,Annual,Percentage of households,All types with dependent children,Slovenia,2008,84.83,,
ESTAT:ISOC_CI_IN_H(1.0),16/12/25 11:00:00,Annual,Percentage of households,All types with dependent children,Slovenia,2009,85.27,,
ESTAT:ISOC_CI_IN_H(1.0),16/12/25 11:00:00,Annual,Percentage of households,All types with dependent children,Slovenia,2010,92.08,,
ESTAT:ISOC_CI_IN_H(1.0),16/12/25 11:00:00,Annual,Percentage of households,All types with dependent children,Slovenia,2011,93.24,,
ESTAT:ISOC_CI_IN_H(1.0),16/12/25 11:00:00,Annual,Percentage of households,All types with dependent children,Slovenia,2012,95.00,,
ESTAT:ISOC_CI_IN_H(1.0),16/12/25 11:00:00,Annual,Percentage of households,All types with dependent children,Slovenia,2013,95.76,,
ESTAT:ISOC_CI_IN_H(1.0),16/12/25 11:00:00,Annual,Percentage of households,All types with dependent children,Slovenia,2014,96.71,,
ESTAT:ISOC_CI_IN_H(1.0),16/12/25 11:00:00,Annual,Percentage of households,All types with dependent children,Slovenia,2015,97.22,,
ESTAT:ISOC_CI_IN_H(1.0),16/12/25 11:00:00,Annual,Percentage of households,All types with dependent children,Slovenia,2016,96.98,,
ESTAT:ISOC_CI_IN_H(1.0),16/12/25 11:00:00,Annual,Percentage of households,All types with dependent children,Slovenia,2017,98.48,,
ESTAT:ISOC_CI_IN_H(1.0),16/12/25 11:00:00,Annual,Percentage of households,All types with dependent children,Slovenia,2018,98.55,,
ESTAT:ISOC_CI_IN_H(1.0),16/12/25 11:00:00,Annual,Percentage of households,All types with dependent children,Slovenia,2019,98.25,,
ESTAT:ISOC_CI_IN_H(1.0),16/12/25 11:00:00,Annual,Percentage of households,All types with dependent children,Slovenia,2020,98.84,,
ESTAT:ISOC_CI_IN_H(1.0),16/12/25 11:00:00,Annual,Percentage of households,All types with dependent children,Slovenia,2021,98.26,,
ESTAT:ISOC_CI_IN_H(1.0),16/12/25 11:00:00,Annual,Percentage of households,All types with dependent children,Slovenia,2022,99.74,,
ESTAT:ISOC_CI_IN_H(1.0),16/12/25 11:00:00,Annual,Percentage of households,All types with dependent children,Slovenia,2023,99.59,,
ESTAT:ISOC_CI_IN_H(1.0),16/12/25 11:00:00,Annual,Percentage of households,All types with dependent children,Slovenia,2024,100.00,,
ESTAT:ISOC_CI_IN_H(1.0),16/12/25 11:00:00,Annual,Percentage of households,All types with dependent children,Slovenia,2025,99.93,,
ESTAT:ISOC_CI_IN_H(1.0),16/12/25 11:00:00,Annual,Percentage of households,All types with dependent children,Slovakia,2004,29.21,,
ESTAT:ISOC_CI_IN_H(1.0),16/12/25 11:00:00,Annual,Percentage of households,All types with dependent children,Slovakia,2005,31.62,,
ESTAT:ISOC_CI_IN_H(1.0),16/12/25 11:00:00,Annual,Percentage of households,All types with dependent children,Slovakia,2006,33.79,,
ESTAT:ISOC_CI_IN_H(1.0),16/12/25 11:00:00,Annual,Percentage of households,All types with dependent children,Slovakia,2007,60.62,,
ESTAT:ISOC_CI_IN_H(1.0),16/12/25 11:00:00,Annual,Percentage of households,All types with dependent children,Slovakia,2008,74.84,,
ESTAT:ISOC_CI_IN_H(1.0),16/12/25 11:00:00,Annual,Percentage of households,All types with dependent children,Slovakia,2009,80.90,,
ESTAT:ISOC_CI_IN_H(1.0),16/12/25 11:00:00,Annual,Percentage of households,All types with dependent children,Slovakia,2010,85.79,,
ESTAT:ISOC_CI_IN_H(1.0),16/12/25 11:00:00,Annual,Percentage of households,All types with dependent children,Slovakia,2011,88.34,,
ESTAT:ISOC_CI_IN_H(1.0),16/12/25 11:00:00,Annual,Percentage of households,All types with dependent children,Slovakia,2012,92.33,,
ESTAT:ISOC_CI_IN_H(1.0),16/12/25 11:00:00,Annual,Percentage of households,All types with dependent children,Slovakia,2013,93.89,,
ESTAT:ISOC_CI_IN_H(1.0),16/12/25 11:00:00,Annual,Percentage of households,All types with dependent children,Slovakia,2014,96.11,,
ESTAT:ISOC_CI_IN_H(1.0),16/12/25 11:00:00,Annual,Percentage of households,All types with dependent children,Slovakia,2015,95.88,,
ESTAT:ISOC_CI_IN_H(1.0),16/12/25 11:00:00,Annual,Percentage of households,All types with dependent children,Slovakia,2016,95.82,,
ESTAT:ISOC_CI_IN_H(1.0),16/12/25 11:00:00,Annual,Percentage of households,All types with dependent children,Slovakia,2017,96.98,,
ESTAT:ISOC_CI_IN_H(1.0),16/12/25 11:00:00,Annual,Percentage of households,All types with dependent children,Slovakia,2018,94.56,,
ESTAT:ISOC_CI_IN_H(1.0),16/12/25 11:00:00,Annual,Percentage of households,All types with dependent children,Slovakia,2019,96.25,,
ESTAT:ISOC_CI_IN_H(1.0),16/12/25 11:00:00,Annual,Percentage of households,All types with dependent children,Slovakia,2020,91.53,,
ESTAT:ISOC_CI_IN_H(1.0),16/12/25 11:00:00,Annual,Percentage of households,All types with dependent children,Slovakia,2021,97.17,,
ESTAT:ISOC_CI_IN_H(1.0),16/12/25 11:00:00,Annual,Percentage of households,All types with dependent children,Slovakia,2022,98.95,,
ESTAT:ISOC_CI_IN_H(1.0),16/12/25 11:00:00,Annual,Percentage of households,All types with dependent children,Slovakia,2023,98.43,,
ESTAT:ISOC_CI_IN_H(1.0),16/12/25 11:00:00,Annual,Percentage of households,All types with dependent children,Slovakia,2024,98.67,,
ESTAT:ISOC_CI_IN_H(1.0),16/12/25 11:00:00,Annual,Percentage of households,All types with dependent children,Slovakia,2025,98.66,,
ESTAT:ISOC_CI_IN_H(1.0),16/12/25 11:00:00,Annual,Percentage of households,All types with dependent children,Türkiye,2004,7.45,,
ESTAT:ISOC_CI_IN_H(1.0),16/12/25 11:00:00,Annual,Percentage of households,All types with dependent children,Türkiye,2007,19.88,,
ESTAT:ISOC_CI_IN_H(1.0),16/12/25 11:00:00,Annual,Percentage of households,All types with dependent children,Türkiye,2008,25.13,,
ESTAT:ISOC_CI_IN_H(1.0),16/12/25 11:00:00,Annual,Percentage of households,All types with dependent children,Türkiye,2009,30.22,,
ESTAT:ISOC_CI_IN_H(1.0),16/12/25 11:00:00,Annual,Percentage of households,All types with dependent children,Türkiye,2010,42.50,,
ESTAT:ISOC_CI_IN_H(1.0),16/12/25 11:00:00,Annual,Percentage of households,All types with dependent children,Türkiye,2012,48.39,,
ESTAT:ISOC_CI_IN_H(1.0),16/12/25 11:00:00,Annual,Percentage of households,All types with dependent children,Türkiye,2013,51.73,,
ESTAT:ISOC_CI_IN_H(1.0),16/12/25 11:00:00,Annual,Percentage of households,All types with dependent children,Türkiye,2020,97.64,,
ESTAT:ISOC_CI_IN_H(1.0),16/12/25 11:00:00,Annual,Percentage of households,All types with dependent children,Türkiye,2021,99.02,,
ESTAT:ISOC_CI_IN_H(1.0),16/12/25 11:00:00,Annual,Percentage of households,All types with dependent children,Türkiye,2022,99.32,,
ESTAT:ISOC_CI_IN_H(1.0),16/12/25 11:00:00,Annual,Percentage of households,All types with dependent children,Türkiye,2023,99.68,,
ESTAT:ISOC_CI_IN_H(1.0),16/12/25 11:00:00,Annual,Percentage of households,All types with dependent children,Türkiye,2024,99.78,,
ESTAT:ISOC_CI_IN_H(1.0),16/12/25 11:00:00,Annual,Percentage of households,All types with dependent children,Türkiye,2025,99.83,,
ESTAT:ISOC_CI_IN_H(1.0),16/12/25 11:00:00,Annual,Percentage of households,All types with dependent children,United Kingdom,2002,63.12,,
ESTAT:ISOC_CI_IN_H(1.0),16/12/25 11:00:00,Annual,Percentage of households,All types with dependent children,United Kingdom,2003,68.13,,
ESTAT:ISOC_CI_IN_H(1.0),16/12/25 11:00:00,Annual,Percentage of households,All types with dependent children,United Kingdom,2004,71.21,,
ESTAT:ISOC_CI_IN_H(1.0),16/12/25 11:00:00,Annual,Percentage of households,All types with dependent children,United Kingdom,2005,72.98,,
ESTAT:ISOC_CI_IN_H(1.0),16/12/25 11:00:00,Annual,Percentage of households,All types with dependent children,United Kingdom,2006,76.68,,
ESTAT:ISOC_CI_IN_H(1.0),16/12/25 11:00:00,Annual,Percentage of households,All types with dependent children,United Kingdom,2007,75.95,,
ESTAT:ISOC_CI_IN_H(1.0),16/12/25 11:00:00,Annual,Percentage of households,All types with dependent children,United Kingdom,2008,82.28,,
ESTAT:ISOC_CI_IN_H(1.0),16/12/25 11:00:00,Annual,Percentage of households,All types with dependent children,United Kingdom,2009,89.77,,
ESTAT:ISOC_CI_IN_H(1.0),16/12/25 11:00:00,Annual,Percentage of households,All types with dependent children,United Kingdom,2010,91.11,,
ESTAT:ISOC_CI_IN_H(1.0),16/12/25 11:00:00,Annual,Percentage of households,All types with dependent children,United Kingdom,2011,94.38,,
ESTAT:ISOC_CI_IN_H(1.0),16/12/25 11:00:00,Annual,Percentage of households,All types with dependent children,United Kingdom,2012,95.26,,
ESTAT:ISOC_CI_IN_H(1.0),16/12/25 11:00:00,Annual,Percentage of households,All types with dependent children,United Kingdom,2013,89.46,,
ESTAT:ISOC_CI_IN_H(1.0),16/12/25 11:00:00,Annual,Percentage of households,All types with dependent children,United Kingdom,2014,96.64,,
ESTAT:ISOC_CI_IN_H(1.0),16/12/25 11:00:00,Annual,Percentage of households,All types with dependent children,United Kingdom,2015,97.72,,
ESTAT:ISOC_CI_IN_H(1.0),16/12/25 11:00:00,Annual,Percentage of households,All types with dependent children,United Kingdom,2016,99.12,,
ESTAT:ISOC_CI_IN_H(1.0),16/12/25 11:00:00,Annual,Percentage of households,All types with dependent children,United Kingdom,2017,98.43,,
ESTAT:ISOC_CI_IN_H(1.0),16/12/25 11:00:00,Annual,Percentage of households,All types with dependent children,United Kingdom,2018,99.79,,
ESTAT:ISOC_CI_IN_H(1.0),16/12/25 11:00:00,Annual,Percentage of households,All types with dependent children,United Kingdom,2019,99.73,,
ESTAT:ISOC_CI_IN_H(1.0),16/12/25 11:00:00,Annual,Percentage of households,All types with dependent children,United Kingdom,2020,99.90,,
ESTAT:ISOC_CI_IN_H(1.0),16/12/25 11:00:00,Annual,Percentage of households,All types with dependent children,Kosovo*,2017,89.79,,
ESTAT:ISOC_CI_IN_H(1.0),16/12/25 11:00:00,Annual,Percentage of households,All types with dependent children,Kosovo*,2018,94.00,,
ESTAT:ISOC_CI_IN_H(1.0),16/12/25 11:00:00,Annual,Percentage of households,All types with dependent children,Kosovo*,2019,93.92,,
ESTAT:ISOC_CI_IN_H(1.0),16/12/25 11:00:00,Annual,Percentage of households,All types with dependent children,Kosovo*,2020,97.67,,
ESTAT:ISOC_CI_IN_H(1.0),16/12/25 11:00:00,Annual,Percentage of households,All types with dependent children,Kosovo*,2024,99.66,,
ESTAT:ISOC_CI_IN_H(1.0),16/12/25 11:00:00,Annual,Percentage of households,All types without dependent children,Albania,2018,79.88,,
ESTAT:ISOC_CI_IN_H(1.0),16/12/25 11:00:00,Annual,Percentage of households,All types without dependent children,Albania,2020,83.33,,
ESTAT:ISOC_CI_IN_H(1.0),16/12/25 11:00:00,Annual,Percentage of households,All types without dependent children,Albania,2021,88.03,,
ESTAT:ISOC_CI_IN_H(1.0),16/12/25 11:00:00,Annual,Percentage of households,All types without dependent children,Albania,2022,97.34,,
ESTAT:ISOC_CI_IN_H(1.0),16/12/25 11:00:00,Annual,Percentage of households,All types without dependent children,Albania,2023,96.25,,
ESTAT:ISOC_CI_IN_H(1.0),16/12/25 11:00:00,Annual,Percentage of households,All types without dependent children,Albania,2024,97.25,,
ESTAT:ISOC_CI_IN_H(1.0),16/12/25 11:00:00,Annual,Percentage of households,All types without dependent children,Austria,2002,26.21,,
ESTAT:ISOC_CI_IN_H(1.0),16/12/25 11:00:00,Annual,Percentage of households,All types without dependent children,Austria,2003,32.50,,
ESTAT:ISOC_CI_IN_H(1.0),16/12/25 11:00:00,Annual,Percentage of households,All types without dependent children,Austria,2004,38.10,,
ESTAT:ISOC_CI_IN_H(1.0),16/12/25 11:00:00,Annual,Percentage of households,All types without dependent children,Austria,2005,40.15,,
ESTAT:ISOC_CI_IN_H(1.0),16/12/25 11:00:00,Annual,Percentage of households,All types without dependent children,Austria,2006,46.38,,
ESTAT:ISOC_CI_IN_H(1.0),16/12/25 11:00:00,Annual,Percentage of households,All types without dependent children,Austria,2007,53.17,,
ESTAT:ISOC_CI_IN_H(1.0),16/12/25 11:00:00,Annual,Percentage of households,All types without dependent children,Austria,2008,63.43,,
ESTAT:ISOC_CI_IN_H(1.0),16/12/25 11:00:00,Annual,Percentage of households,All types without dependent children,Austria,2009,62.36,,
ESTAT:ISOC_CI_IN_H(1.0),16/12/25 11:00:00,Annual,Percentage of households,All types without dependent children,Austria,2010,65.82,,
ESTAT:ISOC_CI_IN_H(1.0),16/12/25 11:00:00,Annual,Percentage of households,All types without dependent children,Austria,2011,69.13,,
ESTAT:ISOC_CI_IN_H(1.0),16/12/25 11:00:00,Annual,Percentage of households,All types without dependent children,Austria,2012,73.92,,
ESTAT:ISOC_CI_IN_H(1.0),16/12/25 11:00:00,Annual,Percentage of households,All types without dependent children,Austria,2013,75.38,,
ESTAT:ISOC_CI_IN_H(1.0),16/12/25 11:00:00,Annual,Percentage of households,All types without dependent children,Austria,2014,75.58,,
ESTAT:ISOC_CI_IN_H(1.0),16/12/25 11:00:00,Annual,Percentage of households,All types without dependent children,Austria,2015,77.67,,
ESTAT:ISOC_CI_IN_H(1.0),16/12/25 11:00:00,Annual,Percentage of households,All types without dependent children,Austria,2016,81.06,,
ESTAT:ISOC_CI_IN_H(1.0),16/12/25 11:00:00,Annual,Percentage of households,All types without dependent children,Austria,2017,85.69,,
ESTAT:ISOC_CI_IN_H(1.0),16/12/25 11:00:00,Annual,Percentage of households,All types without dependent children,Austria,2018,85.47,,
ESTAT:ISOC_CI_IN_H(1.0),16/12/25 11:00:00,Annual,Percentage of households,All types without dependent children,Austria,2019,87.23,,
ESTAT:ISOC_CI_IN_H(1.0),16/12/25 11:00:00,Annual,Percentage of households,All types without dependent children,Austria,2020,88.02,,
ESTAT:ISOC_CI_IN_H(1.0),16/12/25 11:00:00,Annual,Percentage of households,All types without dependent children,Austria,2021,93.45,,
ESTAT:ISOC_CI_IN_H(1.0),16/12/25 11:00:00,Annual,Percentage of households,All types without dependent children,Austria,2022,91.00,,
ESTAT:ISOC_CI_IN_H(1.0),16/12/25 11:00:00,Annual,Percentage of households,All types without dependent children,Austria,2023,93.24,,
ESTAT:ISOC_CI_IN_H(1.0),16/12/25 11:00:00,Annual,Percentage of households,All types without dependent children,Austria,2024,93.40,,
ESTAT:ISOC_CI_IN_H(1.0),16/12/25 11:00:00,Annual,Percentage of households,All types without dependent children,Austria,2025,93.93,,
ESTAT:ISOC_CI_IN_H(1.0),16/12/25 11:00:00,Annual,Percentage of households,All types without dependent children,Bosnia and Herzegovina,2018,61.30,,
ESTAT:ISOC_CI_IN_H(1.0),16/12/25 11:00:00,Annual,Percentage of households,All types without dependent children,Bosnia and Herzegovina,2019,68.10,,
ESTAT:ISOC_CI_IN_H(1.0),16/12/25 11:00:00,Annual,Percentage of households,All types without dependent children,Bosnia and Herzegovina,2020,65.52,,
ESTAT:ISOC_CI_IN_H(1.0),16/12/25 11:00:00,Annual,Percentage of households,All types without dependent children,Bosnia and Herzegovina,2021,67.13,,
ESTAT:ISOC_CI_IN_H(1.0),16/12/25 11:00:00,Annual,Percentage of households,All types without dependent children,Bosnia and Herzegovina,2023,75.17,,
ESTAT:ISOC_CI_IN_H(1.0),16/12/25 11:00:00,Annual,Percentage of households,All types without dependent children,Bosnia and Herzegovina,2024,76.93,,
ESTAT:ISOC_CI_IN_H(1.0),16/12/25 11:00:00,Annual,Percentage of households,All types without dependent children,Bosnia and Herzegovina,2025,83.22,,
ESTAT:ISOC_CI_IN_H(1.0),16/12/25 11:00:00,Annual,Percentage of households,All types without dependent children,Belgium,2005,42.78,,
ESTAT:ISOC_CI_IN_H(1.0),16/12/25 11:00:00,Annual,Percentage of households,All types without dependent children,Belgium,2006,47.05,,
ESTAT:ISOC_CI_IN_H(1.0),16/12/25 11:00:00,Annual,Percentage of households,All types without dependent children,Belgium,2007,53.43,,
ESTAT:ISOC_CI_IN_H(1.0),16/12/25 11:00:00,Annual,Percentage of households,All types without dependent children,Belgium,2008,57.19,,
ESTAT:ISOC_CI_IN_H(1.0),16/12/25 11:00:00,Annual,Percentage of households,All types without dependent children,Belgium,2009,61.09,,
ESTAT:ISOC_CI_IN_H(1.0),16/12/25 11:00:00,Annual,Percentage of households,All types without dependent children,Belgium,2010,66.55,,
ESTAT:ISOC_CI_IN_H(1.0),16/12/25 11:00:00,Annual,Percentage of households,All types without dependent children,Belgium,2011,70.89,,
ESTAT:ISOC_CI_IN_H(1.0),16/12/25 11:00:00,Annual,Percentage of households,All types without dependent children,Belgium,2012,72.00,,
ESTAT:ISOC_CI_IN_H(1.0),16/12/25 11:00:00,Annual,Percentage of households,All types without dependent children,Belgium,2013,75.11,,
ESTAT:ISOC_CI_IN_H(1.0),16/12/25 11:00:00,Annual,Percentage of households,All types without dependent children,Belgium,2014,78.42,,
ESTAT:ISOC_CI_IN_H(1.0),16/12/25 11:00:00,Annual,Percentage of households,All types without dependent children,Belgium,2015,76.96,,
ESTAT:ISOC_CI_IN_H(1.0),16/12/25 11:00:00,Annual,Percentage of households,All types without dependent children,Belgium,2016,80.97,,
ESTAT:ISOC_CI_IN_H(1.0),16/12/25 11:00:00,Annual,Percentage of households,All types without dependent children,Belgium,2017,82.07,,
ESTAT:ISOC_CI_IN_H(1.0),16/12/25 11:00:00,Annual,Percentage of households,All types without dependent children,Belgium,2018,83.59,,
ESTAT:ISOC_CI_IN_H(1.0),16/12/25 11:00:00,Annual,Percentage of households,All types without dependent children,Belgium,2019,86.59,,
ESTAT:ISOC_CI_IN_H(1.0),16/12/25 11:00:00,Annual,Percentage of households,All types without dependent children,Belgium,2020,88.27,,
ESTAT:ISOC_CI_IN_H(1.0),16/12/25 11:00:00,Annual,Percentage of households,All types without dependent children,Belgium,2021,89.82,,
ESTAT:ISOC_CI_IN_H(1.0),16/12/25 11:00:00,Annual,Percentage of households,All types without dependent children,Belgium,2022,92.93,,
ESTAT:ISOC_CI_IN_H(1.0),16/12/25 11:00:00,Annual,Percentage of households,All types without dependent children,Belgium,2023,93.00,,
ESTAT:ISOC_CI_IN_H(1.0),16/12/25 11:00:00,Annual,Percentage of households,All types without dependent children,Belgium,2024,93.04,,
ESTAT:ISOC_CI_IN_H(1.0),16/12/25 11:00:00,Annual,Percentage of households,All types without dependent children,Belgium,2025,91.22,,
ESTAT:ISOC_CI_IN_H(1.0),16/12/25 11:00:00,Annual,Percentage of households,All types without dependent children,Bulgaria,2004,7.98,,
ESTAT:ISOC_CI_IN_H(1.0),16/12/25 11:00:00,Annual,Percentage of households,All types without dependent children,Bulgaria,2007,16.19,,
ESTAT:ISOC_CI_IN_H(1.0),16/12/25 11:00:00,Annual,Percentage of households,All types without dependent children,Bulgaria,2008,21.14,,
ESTAT:ISOC_CI_IN_H(1.0),16/12/25 11:00:00,Annual,Percentage of households,All types without dependent children,Bulgaria,2009,24.99,,
ESTAT:ISOC_CI_IN_H(1.0),16/12/25 11:00:00,Annual,Percentage of households,All types without dependent children,Bulgaria,2010,28.71,,
ESTAT:ISOC_CI_IN_H(1.0),16/12/25 11:00:00,Annual,Percentage of households,All types without dependent children,Bulgaria,2011,40.05,,
ESTAT:ISOC_CI_IN_H(1.0),16/12/25 11:00:00,Annual,Percentage of households,All types without dependent children,Bulgaria,2012,43.47,,
ESTAT:ISOC_CI_IN_H(1.0),16/12/25 11:00:00,Annual,Percentage of households,All types without dependent children,Bulgaria,2013,47.51,,
ESTAT:ISOC_CI_IN_H(1.0),16/12/25 11:00:00,Annual,Percentage of households,All types without dependent children,Bulgaria,2014,49.21,,
ESTAT:ISOC_CI_IN_H(1.0),16/12/25 11:00:00,Annual,Percentage of households,All types without dependent children,Bulgaria,2015,51.78,,
ESTAT:ISOC_CI_IN_H(1.0),16/12/25 11:00:00,Annual,Percentage of households,All types without dependent children,Bulgaria,2016,57.52,,
ESTAT:ISOC_CI_IN_H(1.0),16/12/25 11:00:00,Annual,Percentage of households,All types without dependent children,Bulgaria,2017,61.96,,
ESTAT:ISOC_CI_IN_H(1.0),16/12/25 11:00:00,Annual,Percentage of households,All types without dependent children,Bulgaria,2018,66.40,,
ESTAT:ISOC_CI_IN_H(1.0),16/12/25 11:00:00,Annual,Percentage of households,All types without dependent children,Bulgaria,2019,70.05,,
ESTAT:ISOC_CI_IN_H(1.0),16/12/25 11:00:00,Annual,Percentage of households,All types without dependent children,Bulgaria,2020,75.55,,
ESTAT:ISOC_CI_IN_H(1.0),16/12/25 11:00:00,Annual,Percentage of households,All types without dependent children,Bulgaria,2021,79.25,,
ESTAT:ISOC_CI_IN_H(1.0),16/12/25 11:00:00,Annual,Percentage of households,All types without dependent children,Bulgaria,2022,84.39,,
ESTAT:ISOC_CI_IN_H(1.0),16/12/25 11:00:00,Annual,Percentage of households,All types without dependent children,Bulgaria,2023,87.05,,
ESTAT:ISOC_CI_IN_H(1.0),16/12/25 11:00:00,Annual,Percentage of households,All types without dependent children,Bulgaria,2024,89.85,,
ESTAT:ISOC_CI_IN_H(1.0),16/12/25 11:00:00,Annual,Percentage of households,All types without dependent children,Bulgaria,2025,91.95,,
ESTAT:ISOC_CI_IN_H(1.0),16/12/25 11:00:00,Annual,Percentage of households,All types without dependent children,Switzerland,2014,88.02,,
ESTAT:ISOC_CI_IN_H(1.0),16/12/25 11:00:00,Annual,Percentage of households,All types without dependent children,Switzerland,2017,91.59,b,
ESTAT:ISOC_CI_IN_H(1.0),16/12/25 11:00:00,Annual,Percentage of households,All types without dependent children,Switzerland,2019,95.07,,
ESTAT:ISOC_CI_IN_H(1.0),16/12/25 11:00:00,Annual,Percentage of households,All types without dependent children,Switzerland,2021,98.34,,
ESTAT:ISOC_CI_IN_H(1.0),16/12/25 11:00:00,Annual,Percentage of households,All types without dependent children,Switzerland,2023,99.59,,
ESTAT:ISOC_CI_IN_H(1.0),16/12/25 11:00:00,Annual,Percentage of households,All types without dependent children,Switzerland,2025,98.70,,
ESTAT:ISOC_CI_IN_H(1.0),16/12/25 11:00:00,Annual,Percentage of households,All types without dependent children,Cyprus,2004,48.77,,
ESTAT:ISOC_CI_IN_H(1.0),16/12/25 11:00:00,Annual,Percentage of households,All types without dependent children,Cyprus,2005,24.37,,
ESTAT:ISOC_CI_IN_H(1.0),16/12/25 11:00:00,Annual,Percentage of households,All types without dependent children,Cyprus,2006,27.87,,
ESTAT:ISOC_CI_IN_H(1.0),16/12/25 11:00:00,Annual,Percentage of households,All types without dependent children,Cyprus,2007,31.26,,
ESTAT:ISOC_CI_IN_H(1.0),16/12/25 11:00:00,Annual,Percentage of households,All types without dependent children,Cyprus,2008,33.34,,
ESTAT:ISOC_CI_IN_H(1.0),16/12/25 11:00:00,Annual,Percentage of households,All types without dependent children,Cyprus,2009,41.80,,
ESTAT:ISOC_CI_IN_H(1.0),16/12/25 11:00:00,Annual,Percentage of households,All types without dependent children,Cyprus,2010,41.19,,
ESTAT:ISOC_CI_IN_H(1.0),16/12/25 11:00:00,Annual,Percentage of households,All types without dependent children,Cyprus,2011,47.27,,
ESTAT:ISOC_CI_IN_H(1.0),16/12/25 11:00:00,Annual,Percentage of households,All types without dependent children,Cyprus,2012,52.26,,
ESTAT:ISOC_CI_IN_H(1.0),16/12/25 11:00:00,Annual,Percentage of households,All types without dependent children,Cyprus,2013,55.68,,
ESTAT:ISOC_CI_IN_H(1.0),16/12/25 11:00:00,Annual,Percentage of households,All types without dependent children,Cyprus,2014,59.10,,
ESTAT:ISOC_CI_IN_H(1.0),16/12/25 11:00:00,Annual,Percentage of households,All types without dependent children,Cyprus,2015,63.73,,
ESTAT:ISOC_CI_IN_H(1.0),16/12/25 11:00:00,Annual,Percentage of households,All types without dependent children,Cyprus,2016,66.34,,
ESTAT:ISOC_CI_IN_H(1.0),16/12/25 11:00:00,Annual,Percentage of households,All types without dependent children,Cyprus,2017,73.19,,
ESTAT:ISOC_CI_IN_H(1.0),16/12/25 11:00:00,Annual,Percentage of households,All types without dependent children,Cyprus,2018,80.88,,
ESTAT:ISOC_CI_IN_H(1.0),16/12/25 11:00:00,Annual,Percentage of households,All types without dependent children,Cyprus,2019,85.32,,
ESTAT:ISOC_CI_IN_H(1.0),16/12/25 11:00:00,Annual,Percentage of households,All types without dependent children,Cyprus,2020,89.86,,
ESTAT:ISOC_CI_IN_H(1.0),16/12/25 11:00:00,Annual,Percentage of households,All types without dependent children,Cyprus,2021,91.23,,
ESTAT:ISOC_CI_IN_H(1.0),16/12/25 11:00:00,Annual,Percentage of households,All types without dependent children,Cyprus,2022,92.26,,
ESTAT:ISOC_CI_IN_H(1.0),16/12/25 11:00:00,Annual,Percentage of households,All types without dependent children,Cyprus,2023,89.91,,
ESTAT:ISOC_CI_IN_H(1.0),16/12/25 11:00:00,Annual,Percentage of households,All types without dependent children,Cyprus,2024,92.95,,
ESTAT:ISOC_CI_IN_H(1.0),16/12/25 11:00:00,Annual,Percentage of households,All types without dependent children,Cyprus,2025,96.77,,
ESTAT:ISOC_CI_IN_H(1.0),16/12/25 11:00:00,Annual,Percentage of households,All types without dependent children,Czechia,2004,11.27,,
ESTAT:ISOC_CI_IN_H(1.0),16/12/25 11:00:00,Annual,Percentage of households,All types without dependent children,Czechia,2005,11.00,,
ESTAT:ISOC_CI_IN_H(1.0),16/12/25 11:00:00,Annual,Percentage of households,All types without dependent children,Czechia,2006,18.64,,
ESTAT:ISOC_CI_IN_H(1.0),16/12/25 11:00:00,Annual,Percentage of households,All types without dependent children,Czechia,2007,28.99,,
ESTAT:ISOC_CI_IN_H(1.0),16/12/25 11:00:00,Annual,Percentage of households,All types without dependent children,Czechia,2008,39.35,,
ESTAT:ISOC_CI_IN_H(1.0),16/12/25 11:00:00,Annual,Percentage of households,All types without dependent children,Czechia,2009,40.72,,
ESTAT:ISOC_CI_IN_H(1.0),16/12/25 11:00:00,Annual,Percentage of households,All types without dependent children,Czechia,2010,52.58,,
ESTAT:ISOC_CI_IN_H(1.0),16/12/25 11:00:00,Annual,Percentage of households,All types without dependent children,Czechia,2011,59.11,,
ESTAT:ISOC_CI_IN_H(1.0),16/12/25 11:00:00,Annual,Percentage of households,All types without dependent children,Czechia,2012,65.07,,
ESTAT:ISOC_CI_IN_H(1.0),16/12/25 11:00:00,Annual,Percentage of households,All types without dependent children,Czechia,2013,64.31,,
ESTAT:ISOC_CI_IN_H(1.0),16/12/25 11:00:00,Annual,Percentage of households,All types without dependent children,Czechia,2014,71.88,,
ESTAT:ISOC_CI_IN_H(1.0),16/12/25 11:00:00,Annual,Percentage of households,All types without dependent children,Czechia,2015,72.63,,
ESTAT:ISOC_CI_IN_H(1.0),16/12/25 11:00:00,Annual,Percentage of households,All types without dependent children,Czechia,2016,75.85,,
ESTAT:ISOC_CI_IN_H(1.0),16/12/25 11:00:00,Annual,Percentage of households,All types without dependent children,Czechia,2017,78.15,,
ESTAT:ISOC_CI_IN_H(1.0),16/12/25 11:00:00,Annual,Percentage of households,All types without dependent children,Czechia,2018,81.29,,
ESTAT:ISOC_CI_IN_H(1.0),16/12/25 11:00:00,Annual,Percentage of households,All types without dependent children,Czechia,2019,82.80,,
ESTAT:ISOC_CI_IN_H(1.0),16/12/25 11:00:00,Annual,Percentage of households,All types without dependent children,Czechia,2020,83.67,,
ESTAT:ISOC_CI_IN_H(1.0),16/12/25 11:00:00,Annual,Percentage of households,All types without dependent children,Czechia,2021,85.23,,
ESTAT:ISOC_CI_IN_H(1.0),16/12/25 11:00:00,Annual,Percentage of households,All types without dependent children,Czechia,2022,88.18,,
ESTAT:ISOC_CI_IN_H(1.0),16/12/25 11:00:00,Annual,Percentage of households,All types without dependent children,Czechia,2023,90.25,,
ESTAT:ISOC_CI_IN_H(1.0),16/12/25 11:00:00,Annual,Percentage of households,All types without dependent children,Czechia,2024,92.49,,
ESTAT:ISOC_CI_IN_H(1.0),16/12/25 11:00:00,Annual,Percentage of households,All types without dependent children,Czechia,2025,93.95,,
ESTAT:ISOC_CI_IN_H(1.0),16/12/25 11:00:00,Annual,Percentage of households,All types without dependent children,Germany,2002,37.76,,
ESTAT:ISOC_CI_IN_H(1.0),16/12/25 11:00:00,Annual,Percentage of households,All types without dependent children,Germany,2003,44.99,,
ESTAT:ISOC_CI_IN_H(1.0),16/12/25 11:00:00,Annual,Percentage of households,All types without dependent children,Germany,2004,52.78,,
ESTAT:ISOC_CI_IN_H(1.0),16/12/25 11:00:00,Annual,Percentage of households,All types without dependent children,Germany,2005,55.85,,
ESTAT:ISOC_CI_IN_H(1.0),16/12/25 11:00:00,Annual,Percentage of households,All types without dependent children,Germany,2006,61.16,,
ESTAT:ISOC_CI_IN_H(1.0),16/12/25 11:00:00,Annual,Percentage of households,All types without dependent children,Germany,2007,65.27,,
ESTAT:ISOC_CI_IN_H(1.0),16/12/25 11:00:00,Annual,Percentage of households,All types without dependent children,Germany,2008,69.70,,
ESTAT:ISOC_CI_IN_H(1.0),16/12/25 11:00:00,Annual,Percentage of households,All types without dependent children,Germany,2009,74.62,,
ESTAT:ISOC_CI_IN_H(1.0),16/12/25 11:00:00,Annual,Percentage of households,All types without dependent children,Germany,2010,78.74,,
ESTAT:ISOC_CI_IN_H(1.0),16/12/25 11:00:00,Annual,Percentage of households,All types without dependent children,Germany,2011,79.62,,
ESTAT:ISOC_CI_IN_H(1.0),16/12/25 11:00:00,Annual,Percentage of households,All types without dependent children,Germany,2012,82.14,,
ESTAT:ISOC_CI_IN_H(1.0),16/12/25 11:00:00,Annual,Percentage of households,All types without dependent children,Germany,2013,84.94,,
ESTAT:ISOC_CI_IN_H(1.0),16/12/25 11:00:00,Annual,Percentage of households,All types without dependent children,Germany,2014,86.90,,
ESTAT:ISOC_CI_IN_H(1.0),16/12/25 11:00:00,Annual,Percentage of households,All types without dependent children,Germany,2015,87.87,,
ESTAT:ISOC_CI_IN_H(1.0),16/12/25 11:00:00,Annual,Percentage of households,All types without dependent children,Germany,2016,90.23,,
ESTAT:ISOC_CI_IN_H(1.0),16/12/25 11:00:00,Annual,Percentage of households,All types without dependent children,Germany,2017,91.07,,
ESTAT:ISOC_CI_IN_H(1.0),16/12/25 11:00:00,Annual,Percentage of households,All types without dependent children,Germany,2018,92.95,,
ESTAT:ISOC_CI_IN_H(1.0),16/12/25 11:00:00,Annual,Percentage of households,All types without dependent children,Germany,2019,93.56,,
ESTAT:ISOC_CI_IN_H(1.0),16/12/25 11:00:00,Annual,Percentage of households,All types without dependent children,Germany,2020,94.73,,
ESTAT:ISOC_CI_IN_H(1.0),16/12/25 11:00:00,Annual,Percentage of households,All types without dependent children,Germany,2021,90.03,b,
ESTAT:ISOC_CI_IN_H(1.0),16/12/25 11:00:00,Annual,Percentage of households,All types without dependent children,Germany,2022,89.68,,
ESTAT:ISOC_CI_IN_H(1.0),16/12/25 11:00:00,Annual,Percentage of households,All types without dependent children,Germany,2023,89.93,,
ESTAT:ISOC_CI_IN_H(1.0),16/12/25 11:00:00,Annual,Percentage of households,All types without dependent children,Germany,2024,91.15,,
ESTAT:ISOC_CI_IN_H(1.0),16/12/25 11:00:00,Annual,Percentage of households,All types without dependent children,Germany,2025,92.46,,
ESTAT:ISOC_CI_IN_H(1.0),16/12/25 11:00:00,Annual,Percentage of households,All types without dependent children,Denmark,2007,72.85,,
ESTAT:ISOC_CI_IN_H(1.0),16/12/25 11:00:00,Annual,Percentage of households,All types without dependent children,Denmark,2008,76.42,,
ESTAT:ISOC_CI_IN_H(1.0),16/12/25 11:00:00,Annual,Percentage of households,All types without dependent children,Denmark,2009,78.32,,
ESTAT:ISOC_CI_IN_H(1.0),16/12/25 11:00:00,Annual,Percentage of households,All types without dependent children,Denmark,2010,82.71,,
ESTAT:ISOC_CI_IN_H(1.0),16/12/25 11:00:00,Annual,Percentage of households,All types without dependent children,Denmark,2011,87.80,,
ESTAT:ISOC_CI_IN_H(1.0),16/12/25 11:00:00,Annual,Percentage of households,All types without dependent children,Denmark,2012,89.62,,
ESTAT:ISOC_CI_IN_H(1.0),16/12/25 11:00:00,Annual,Percentage of households,All types without dependent children,Denmark,2013,90.35,,
ESTAT:ISOC_CI_IN_H(1.0),16/12/25 11:00:00,Annual,Percentage of households,All types without dependent children,Denmark,2014,91.65,,
ESTAT:ISOC_CI_IN_H(1.0),16/12/25 11:00:00,Annual,Percentage of households,All types without dependent children,Denmark,2015,89.89,,
ESTAT:ISOC_CI_IN_H(1.0),16/12/25 11:00:00,Annual,Percentage of households,All types without dependent children,Denmark,2016,93.14,,
ESTAT:ISOC_CI_IN_H(1.0),16/12/25 11:00:00,Annual,Percentage of households,All types without dependent children,Denmark,2017,96.11,,
ESTAT:ISOC_CI_IN_H(1.0),16/12/25 11:00:00,Annual,Percentage of households,All types without dependent children,Denmark,2018,91.28,,
ESTAT:ISOC_CI_IN_H(1.0),16/12/25 11:00:00,Annual,Percentage of households,All types without dependent children,Denmark,2019,94.55,,
ESTAT:ISOC_CI_IN_H(1.0),16/12/25 11:00:00,Annual,Percentage of households,All types without dependent children,Denmark,2020,94.34,,
ESTAT:ISOC_CI_IN_H(1.0),16/12/25 11:00:00,Annual,Percentage of households,All types without dependent children,Denmark,2021,95.30,,
ESTAT:ISOC_CI_IN_H(1.0),16/12/25 11:00:00,Annual,Percentage of households,All types without dependent children,Denmark,2022,94.35,,
ESTAT:ISOC_CI_IN_H(1.0),16/12/25 11:00:00,Annual,Percentage of households,All types without dependent children,Denmark,2023,95.34,,
ESTAT:ISOC_CI_IN_H(1.0),16/12/25 11:00:00,Annual,Percentage of households,All types without dependent children,Denmark,2024,96.30,,
ESTAT:ISOC_CI_IN_H(1.0),16/12/25 11:00:00,Annual,Percentage of households,All types without dependent children,Denmark,2025,96.80,,
ESTAT:ISOC_CI_IN_H(1.0),16/12/25 11:00:00,Annual,Percentage of households,All types without dependent children,"Euro area (EA11-1999, EA12-2001, EA13-2007, EA15-2008, EA16-2009, EA17-2011, EA18-2014, EA19-2015, EA20-2023, EA21-2026)",2005,45.15,,
ESTAT:ISOC_CI_IN_H(1.0),16/12/25 11:00:00,Annual,Percentage of households,All types without dependent children,"Euro area (EA11-1999, EA12-2001, EA13-2007, EA15-2008, EA16-2009, EA17-2011, EA18-2014, EA19-2015, EA20-2023, EA21-2026)",2006,45.53,,
ESTAT:ISOC_CI_IN_H(1.0),16/12/25 11:00:00,Annual,Percentage of households,All types without dependent children,"Euro area (EA11-1999, EA12-2001, EA13-2007, EA15-2008, EA16-2009, EA17-2011, EA18-2014, EA19-2015, EA20-2023, EA21-2026)",2007,51.40,,
ESTAT:ISOC_CI_IN_H(1.0),16/12/25 11:00:00,Annual,Percentage of households,All types without dependent children,"Euro area (EA11-1999, EA12-2001, EA13-2007, EA15-2008, EA16-2009, EA17-2011, EA18-2014, EA19-2015, EA20-2023, EA21-2026)",2008,56.14,,
ESTAT:ISOC_CI_IN_H(1.0),16/12/25 11:00:00,Annual,Percentage of households,All types without dependent children,"Euro area (EA11-1999, EA12-2001, EA13-2007, EA15-2008, EA16-2009, EA17-2011, EA18-2014, EA19-2015, EA20-2023, EA21-2026)",2009,61.03,,
ESTAT:ISOC_CI_IN_H(1.0),16/12/25 11:00:00,Annual,Percentage of households,All types without dependent children,"Euro area (EA11-1999, EA12-2001, EA13-2007, EA15-2008, EA16-2009, EA17-2011, EA18-2014, EA19-2015, EA20-2023, EA21-2026)",2010,65.60,,
ESTAT:ISOC_CI_IN_H(1.0),16/12/25 11:00:00,Annual,Percentage of households,All types without dependent children,"Euro area (EA11-1999, EA12-2001, EA13-2007, EA15-2008, EA16-2009, EA17-2011, EA18-2014, EA19-2015, EA20-2023, EA21-2026)",2011,67.96,,
ESTAT:ISOC_CI_IN_H(1.0),16/12/25 11:00:00,Annual,Percentage of households,All types without dependent children,"Euro area (EA11-1999, EA12-2001, EA13-2007, EA15-2008, EA16-2009, EA17-2011, EA18-2014, EA19-2015, EA20-2023, EA21-2026)",2012,71.17,,
ESTAT:ISOC_CI_IN_H(1.0),16/12/25 11:00:00,Annual,Percentage of households,All types without dependent children,"Euro area (EA11-1999, EA12-2001, EA13-2007, EA15-2008, EA16-2009, EA17-2011, EA18-2014, EA19-2015, EA20-2023, EA21-2026)",2013,74.38,,
ESTAT:ISOC_CI_IN_H(1.0),16/12/25 11:00:00,Annual,Percentage of households,All types without dependent children,"Euro area (EA11-1999, EA12-2001, EA13-2007, EA15-2008, EA16-2009, EA17-2011, EA18-2014, EA19-2015, EA20-2023, EA21-2026)",2014,76.95,,
ESTAT:ISOC_CI_IN_H(1.0),16/12/25 11:00:00,Annual,Percentage of households,All types without dependent children,"Euro area (EA11-1999, EA12-2001, EA13-2007, EA15-2008, EA16-2009, EA17-2011, EA18-2014, EA19-2015, EA20-2023, EA21-2026)",2015,78.57,,
ESTAT:ISOC_CI_IN_H(1.0),16/12/25 11:00:00,Annual,Percentage of households,All types without dependent children,"Euro area (EA11-1999, EA12-2001, EA13-2007, EA15-2008, EA16-2009, EA17-2011, EA18-2014, EA19-2015, EA20-2023, EA21-2026)",2016,81.67,,
ESTAT:ISOC_CI_IN_H(1.0),16/12/25 11:00:00,Annual,Percentage of households,All types without dependent children,"Euro area (EA11-1999, EA12-2001, EA13-2007, EA15-2008, EA16-2009, EA17-2011, EA18-2014, EA19-2015, EA20-2023, EA21-2026)",2017,83.49,,
ESTAT:ISOC_CI_IN_H(1.0),16/12/25 11:00:00,Annual,Percentage of households,All types without dependent children,"Euro area (EA11-1999, EA12-2001, EA13-2007, EA15-2008, EA16-2009, EA17-2011, EA18-2014, EA19-2015, EA20-2023, EA21-2026)",2018,86.02,,
ESTAT:ISOC_CI_IN_H(1.0),16/12/25 11:00:00,Annual,Percentage of households,All types without dependent children,"Euro area (EA11-1999, EA12-2001, EA13-2007, EA15-2008, EA16-2009, EA17-2011, EA18-2014, EA19-2015, EA20-2023, EA21-2026)",2019,87.93,,
ESTAT:ISOC_CI_IN_H(1.0),16/12/25 11:00:00,Annual,Percentage of households,All types without dependent children,"Euro area (EA11-1999, EA12-2001, EA13-2007, EA15-2008, EA16-2009, EA17-2011, EA18-2014, EA19-2015, EA20-2023, EA21-2026)",2020,89.85,e,
ESTAT:ISOC_CI_IN_H(1.0),16/12/25 11:00:00,Annual,Percentage of households,All types without dependent children,"Euro area (EA11-1999, EA12-2001, EA13-2007, EA15-2008, EA16-2009, EA17-2011, EA18-2014, EA19-2015, EA20-2023, EA21-2026)",2021,90.71,b,
ESTAT:ISOC_CI_IN_H(1.0),16/12/25 11:00:00,Annual,Percentage of households,All types without dependent children,"Euro area (EA11-1999, EA12-2001, EA13-2007, EA15-2008, EA16-2009, EA17-2011, EA18-2014, EA19-2015, EA20-2023, EA21-2026)",2022,90.75,,
ESTAT:ISOC_CI_IN_H(1.0),16/12/25 11:00:00,Annual,Percentage of households,All types without dependent children,"Euro area (EA11-1999, EA12-2001, EA13-2007, EA15-2008, EA16-2009, EA17-2011, EA18-2014, EA19-2015, EA20-2023, EA21-2026)",2023,91.34,,
ESTAT:ISOC_CI_IN_H(1.0),16/12/25 11:00:00,Annual,Percentage of households,All types without dependent children,"Euro area (EA11-1999, EA12-2001, EA13-2007, EA15-2008, EA16-2009, EA17-2011, EA18-2014, EA19-2015, EA20-2023, EA21-2026)",2024,92.46,,
ESTAT:ISOC_CI_IN_H(1.0),16/12/25 11:00:00,Annual,Percentage of households,All types without dependent children,"Euro area (EA11-1999, EA12-2001, EA13-2007, EA15-2008, EA16-2009, EA17-2011, EA18-2014, EA19-2015, EA20-2023, EA21-2026)",2025,93.22,,
ESTAT:ISOC_CI_IN_H(1.0),16/12/25 11:00:00,Annual,Percentage of households,All types without dependent children,Estonia,2004,16.79,,
ESTAT:ISOC_CI_IN_H(1.0),16/12/25 11:00:00,Annual,Percentage of households,All types without dependent children,Estonia,2005,30.77,,
ESTAT:ISOC_CI_IN_H(1.0),16/12/25 11:00:00,Annual,Percentage of households,All types without dependent children,Estonia,2006,35.91,,
ESTAT:ISOC_CI_IN_H(1.0),16/12/25 11:00:00,Annual,Percentage of households,All types without dependent children,Estonia,2007,42.64,,
ESTAT:ISOC_CI_IN_H(1.0),16/12/25 11:00:00,Annual,Percentage of households,All types without dependent children,Estonia,2008,46.35,,
ESTAT:ISOC_CI_IN_H(1.0),16/12/25 11:00:00,Annual,Percentage of households,All types without dependent children,Estonia,2009,50.75,,
ESTAT:ISOC_CI_IN_H(1.0),16/12/25 11:00:00,Annual,Percentage of households,All types without dependent children,Estonia,2010,57.55,,
ESTAT:ISOC_CI_IN_H(1.0),16/12/25 11:00:00,Annual,Percentage of households,All types without dependent children,Estonia,2011,61.01,,
ESTAT:ISOC_CI_IN_H(1.0),16/12/25 11:00:00,Annual,Percentage of households,All types without dependent children,Estonia,2012,65.86,,
ESTAT:ISOC_CI_IN_H(1.0),16/12/25 11:00:00,Annual,Percentage of households,All types without dependent children,Estonia,2013,72.33,,
ESTAT:ISOC_CI_IN_H(1.0),16/12/25 11:00:00,Annual,Percentage of households,All types without dependent children,Estonia,2014,77.66,b,
ESTAT:ISOC_CI_IN_H(1.0),16/12/25 11:00:00,Annual,Percentage of households,All types without dependent children,Estonia,2015,83.45,,
ESTAT:ISOC_CI_IN_H(1.0),16/12/25 11:00:00,Annual,Percentage of households,All types without dependent children,Estonia,2016,81.28,,
ESTAT:ISOC_CI_IN_H(1.0),16/12/25 11:00:00,Annual,Percentage of households,All types without dependent children,Estonia,2017,84.11,,
ESTAT:ISOC_CI_IN_H(1.0),16/12/25 11:00:00,Annual,Percentage of households,All types without dependent children,Estonia,2018,87.04,,
ESTAT:ISOC_CI_IN_H(1.0),16/12/25 11:00:00,Annual,Percentage of households,All types without dependent children,Estonia,2019,86.90,,
ESTAT:ISOC_CI_IN_H(1.0),16/12/25 11:00:00,Annual,Percentage of households,All types without dependent children,Estonia,2020,86.53,,
ESTAT:ISOC_CI_IN_H(1.0),16/12/25 11:00:00,Annual,Percentage of households,All types without dependent children,Estonia,2021,88.86,,
ESTAT:ISOC_CI_IN_H(1.0),16/12/25 11:00:00,Annual,Percentage of households,All types without dependent children,Estonia,2022,89.85,,
ESTAT:ISOC_CI_IN_H(1.0),16/12/25 11:00:00,Annual,Percentage of households,All types without dependent children,Estonia,2023,90.88,,
ESTAT:ISOC_CI_IN_H(1.0),16/12/25 11:00:00,Annual,Percentage of households,All types without dependent children,Estonia,2024,90.51,,
ESTAT:ISOC_CI_IN_H(1.0),16/12/25 11:00:00,Annual,Percentage of households,All types without dependent children,Estonia,2025,93.99,,
ESTAT:ISOC_CI_IN_H(1.0),16/12/25 11:00:00,Annual,Percentage of households,All types without dependent children,Greece,2002,8.25,,
ESTAT:ISOC_CI_IN_H(1.0),16/12/25 11:00:00,Annual,Percentage of households,All types without dependent children,Greece,2003,11.03,,
ESTAT:ISOC_CI_IN_H(1.0),16/12/25 11:00:00,Annual,Percentage of households,All types without dependent children,Greece,2004,11.66,,
ESTAT:ISOC_CI_IN_H(1.0),16/12/25 11:00:00,Annual,Percentage of households,All types without dependent children,Greece,2005,19.51,,
ESTAT:ISOC_CI_IN_H(1.0),16/12/25 11:00:00,Annual,Percentage of households,All types without dependent children,Greece,2006,20.08,,
ESTAT:ISOC_CI_IN_H(1.0),16/12/25 11:00:00,Annual,Percentage of households,All types without dependent children,Greece,2007,21.44,,
ESTAT:ISOC_CI_IN_H(1.0),16/12/25 11:00:00,Annual,Percentage of households,All types without dependent children,Greece,2008,26.14,,
ESTAT:ISOC_CI_IN_H(1.0),16/12/25 11:00:00,Annual,Percentage of households,All types without dependent children,Greece,2009,32.25,,
ESTAT:ISOC_CI_IN_H(1.0),16/12/25 11:00:00,Annual,Percentage of households,All types without dependent children,Greece,2010,39.33,,
ESTAT:ISOC_CI_IN_H(1.0),16/12/25 11:00:00,Annual,Percentage of households,All types without dependent children,Greece,2011,41.83,,
ESTAT:ISOC_CI_IN_H(1.0),16/12/25 11:00:00,Annual,Percentage of households,All types without dependent children,Greece,2012,45.78,,
ESTAT:ISOC_CI_IN_H(1.0),16/12/25 11:00:00,Annual,Percentage of households,All types without dependent children,Greece,2013,49.23,,
ESTAT:ISOC_CI_IN_H(1.0),16/12/25 11:00:00,Annual,Percentage of households,All types without dependent children,Greece,2014,59.24,,
ESTAT:ISOC_CI_IN_H(1.0),16/12/25 11:00:00,Annual,Percentage of households,All types without dependent children,Greece,2015,62.27,,
ESTAT:ISOC_CI_IN_H(1.0),16/12/25 11:00:00,Annual,Percentage of households,All types without dependent children,Greece,2016,62.98,,
ESTAT:ISOC_CI_IN_H(1.0),16/12/25 11:00:00,Annual,Percentage of households,All types without dependent children,Greece,2017,65.17,,
ESTAT:ISOC_CI_IN_H(1.0),16/12/25 11:00:00,Annual,Percentage of households,All types without dependent children,Greece,2018,70.57,,
ESTAT:ISOC_CI_IN_H(1.0),16/12/25 11:00:00,Annual,Percentage of households,All types without dependent children,Greece,2019,73.22,,
ESTAT:ISOC_CI_IN_H(1.0),16/12/25 11:00:00,Annual,Percentage of households,All types without dependent children,Greece,2020,75.66,,
ESTAT:ISOC_CI_IN_H(1.0),16/12/25 11:00:00,Annual,Percentage of households,All types without dependent children,Greece,2021,80.78,,
ESTAT:ISOC_CI_IN_H(1.0),16/12/25 11:00:00,Annual,Percentage of households,All types without dependent children,Greece,2022,82.19,,
ESTAT:ISOC_CI_IN_H(1.0),16/12/25 11:00:00,Annual,Percentage of households,All types without dependent children,Greece,2023,84.15,,
ESTAT:ISOC_CI_IN_H(1.0),16/12/25 11:00:00,Annual,Percentage of households,All types without dependent children,Greece,2024,84.50,,
ESTAT:ISOC_CI_IN_H(1.0),16/12/25 11:00:00,Annual,Percentage of households,All types without dependent children,Greece,2025,86.30,,
ESTAT:ISOC_CI_IN_H(1.0),16/12/25 11:00:00,Annual,Percentage of households,All types without dependent children,Spain,2005,31.56,,
ESTAT:ISOC_CI_IN_H(1.0),16/12/25 11:00:00,Annual,Percentage of households,All types without dependent children,Spain,2006,33.09,,
ESTAT:ISOC_CI_IN_H(1.0),16/12/25 11:00:00,Annual,Percentage of households,All types without dependent children,Spain,2007,38.11,,
ESTAT:ISOC_CI_IN_H(1.0),16/12/25 11:00:00,Annual,Percentage of households,All types without dependent children,Spain,2008,43.79,,
ESTAT:ISOC_CI_IN_H(1.0),16/12/25 11:00:00,Annual,Percentage of households,All types without dependent children,Spain,2009,46.67,,
ESTAT:ISOC_CI_IN_H(1.0),16/12/25 11:00:00,Annual,Percentage of households,All types without dependent children,Spain,2010,51.16,,
ESTAT:ISOC_CI_IN_H(1.0),16/12/25 11:00:00,Annual,Percentage of households,All types without dependent children,Spain,2011,56.09,,
ESTAT:ISOC_CI_IN_H(1.0),16/12/25 11:00:00,Annual,Percentage of households,All types without dependent children,Spain,2012,60.25,,
ESTAT:ISOC_CI_IN_H(1.0),16/12/25 11:00:00,Annual,Percentage of households,All types without dependent children,Spain,2013,63.49,,
ESTAT:ISOC_CI_IN_H(1.0),16/12/25 11:00:00,Annual,Percentage of households,All types without dependent children,Spain,2014,68.18,,
ESTAT:ISOC_CI_IN_H(1.0),16/12/25 11:00:00,Annual,Percentage of households,All types without dependent children,Spain,2015,72.74,,
ESTAT:ISOC_CI_IN_H(1.0),16/12/25 11:00:00,Annual,Percentage of households,All types without dependent children,Spain,2016,76.33,,
ESTAT:ISOC_CI_IN_H(1.0),16/12/25 11:00:00,Annual,Percentage of households,All types without dependent children,Spain,2017,78.62,,
ESTAT:ISOC_CI_IN_H(1.0),16/12/25 11:00:00,Annual,Percentage of households,All types without dependent children,Spain,2018,82.10,,
ESTAT:ISOC_CI_IN_H(1.0),16/12/25 11:00:00,Annual,Percentage of households,All types without dependent children,Spain,2019,88.48,,
ESTAT:ISOC_CI_IN_H(1.0),16/12/25 11:00:00,Annual,Percentage of households,All types without dependent children,Spain,2020,93.69,,
ESTAT:ISOC_CI_IN_H(1.0),16/12/25 11:00:00,Annual,Percentage of households,All types without dependent children,Spain,2021,94.50,,
ESTAT:ISOC_CI_IN_H(1.0),16/12/25 11:00:00,Annual,Percentage of households,All types without dependent children,Spain,2022,94.74,,
ESTAT:ISOC_CI_IN_H(1.0),16/12/25 11:00:00,Annual,Percentage of households,All types without dependent children,Spain,2023,95.29,,
ESTAT:ISOC_CI_IN_H(1.0),16/12/25 11:00:00,Annual,Percentage of households,All types without dependent children,Spain,2024,95.98,,
ESTAT:ISOC_CI_IN_H(1.0),16/12/25 11:00:00,Annual,Percentage of households,All types without dependent children,Spain,2025,96.64,,
ESTAT:ISOC_CI_IN_H(1.0),16/12/25 11:00:00,Annual,Percentage of households,All types without dependent children,European Union - 15 countries (1995-2004),2003,39.60,,
ESTAT:ISOC_CI_IN_H(1.0),16/12/25 11:00:00,Annual,Percentage of households,All types without dependent children,European Union - 15 countries (1995-2004),2004,43.49,,
ESTAT:ISOC_CI_IN_H(1.0),16/12/25 11:00:00,Annual,Percentage of households,All types without dependent children,European Union - 15 countries (1995-2004),2005,47.44,,
ESTAT:ISOC_CI_IN_H(1.0),16/12/25 11:00:00,Annual,Percentage of households,All types without dependent children,European Union - 15 countries (1995-2004),2006,48.03,,
ESTAT:ISOC_CI_IN_H(1.0),16/12/25 11:00:00,Annual,Percentage of households,All types without dependent children,European Union - 15 countries (1995-2004),2007,54.10,,
ESTAT:ISOC_CI_IN_H(1.0),16/12/25 11:00:00,Annual,Percentage of households,All types without dependent children,European Union - 15 countries (1995-2004),2008,58.80,,
ESTAT:ISOC_CI_IN_H(1.0),16/12/25 11:00:00,Annual,Percentage of households,All types without dependent children,European Union - 15 countries (1995-2004),2009,63.62,,
ESTAT:ISOC_CI_IN_H(1.0),16/12/25 11:00:00,Annual,Percentage of households,All types without dependent children,European Union - 15 countries (1995-2004),2010,67.92,,
ESTAT:ISOC_CI_IN_H(1.0),16/12/25 11:00:00,Annual,Percentage of households,All types without dependent children,European Union - 15 countries (1995-2004),2011,70.37,,
ESTAT:ISOC_CI_IN_H(1.0),16/12/25 11:00:00,Annual,Percentage of households,All types without dependent children,European Union - 15 countries (1995-2004),2012,73.83,,
ESTAT:ISOC_CI_IN_H(1.0),16/12/25 11:00:00,Annual,Percentage of households,All types without dependent children,European Union - 15 countries (1995-2004),2013,77.15,,
ESTAT:ISOC_CI_IN_H(1.0),16/12/25 11:00:00,Annual,Percentage of households,All types without dependent children,European Union - 15 countries (1995-2004),2014,79.27,,
ESTAT:ISOC_CI_IN_H(1.0),16/12/25 11:00:00,Annual,Percentage of households,All types without dependent children,European Union - 15 countries (1995-2004),2015,80.89,,
ESTAT:ISOC_CI_IN_H(1.0),16/12/25 11:00:00,Annual,Percentage of households,All types without dependent children,European Union - 15 countries (1995-2004),2016,83.97,,
ESTAT:ISOC_CI_IN_H(1.0),16/12/25 11:00:00,Annual,Percentage of households,All types without dependent children,European Union - 15 countries (1995-2004),2017,85.61,,
ESTAT:ISOC_CI_IN_H(1.0),16/12/25 11:00:00,Annual,Percentage of households,All types without dependent children,European Union - 15 countries (1995-2004),2018,87.55,,
ESTAT:ISOC_CI_IN_H(1.0),16/12/25 11:00:00,Annual,Percentage of households,All types without dependent children,European Union - 25 countries (2004-2006),2004,38.16,,
ESTAT:ISOC_CI_IN_H(1.0),16/12/25 11:00:00,Annual,Percentage of households,All types without dependent children,European Union - 25 countries (2004-2006),2005,43.27,,
ESTAT:ISOC_CI_IN_H(1.0),16/12/25 11:00:00,Annual,Percentage of households,All types without dependent children,European Union - 25 countries (2004-2006),2006,45.16,,
ESTAT:ISOC_CI_IN_H(1.0),16/12/25 11:00:00,Annual,Percentage of households,All types without dependent children,European Union - 25 countries (2004-2006),2007,51.35,,
ESTAT:ISOC_CI_IN_H(1.0),16/12/25 11:00:00,Annual,Percentage of households,All types without dependent children,European Union - 25 countries (2004-2006),2008,56.32,,
ESTAT:ISOC_CI_IN_H(1.0),16/12/25 11:00:00,Annual,Percentage of households,All types without dependent children,European Union - 25 countries (2004-2006),2009,61.57,,
ESTAT:ISOC_CI_IN_H(1.0),16/12/25 11:00:00,Annual,Percentage of households,All types without dependent children,European Union - 25 countries (2004-2006),2010,65.94,,
ESTAT:ISOC_CI_IN_H(1.0),16/12/25 11:00:00,Annual,Percentage of households,All types without dependent children,European Union - 27 countries (2007-2013),2004,37.42,,
ESTAT:ISOC_CI_IN_H(1.0),16/12/25 11:00:00,Annual,Percentage of households,All types without dependent children,European Union - 27 countries (2007-2013),2005,43.27,,
ESTAT:ISOC_CI_IN_H(1.0),16/12/25 11:00:00,Annual,Percentage of households,All types without dependent children,European Union - 27 countries (2007-2013),2006,44.07,,
ESTAT:ISOC_CI_IN_H(1.0),16/12/25 11:00:00,Annual,Percentage of households,All types without dependent children,European Union - 27 countries (2007-2013),2007,49.77,,
ESTAT:ISOC_CI_IN_H(1.0),16/12/25 11:00:00,Annual,Percentage of households,All types without dependent children,European Union - 27 countries (2007-2013),2008,54.73,,
ESTAT:ISOC_CI_IN_H(1.0),16/12/25 11:00:00,Annual,Percentage of households,All types without dependent children,European Union - 27 countries (2007-2013),2009,60.03,,
ESTAT:ISOC_CI_IN_H(1.0),16/12/25 11:00:00,Annual,Percentage of households,All types without dependent children,European Union - 27 countries (2007-2013),2010,64.38,,
ESTAT:ISOC_CI_IN_H(1.0),16/12/25 11:00:00,Annual,Percentage of households,All types without dependent children,European Union - 27 countries (2007-2013),2011,67.27,,
ESTAT:ISOC_CI_IN_H(1.0),16/12/25 11:00:00,Annual,Percentage of households,All types without dependent children,European Union - 27 countries (2007-2013),2012,70.91,,
ESTAT:ISOC_CI_IN_H(1.0),16/12/25 11:00:00,Annual,Percentage of households,All types without dependent children,European Union - 27 countries (2007-2013),2013,74.05,,
ESTAT:ISOC_CI_IN_H(1.0),16/12/25 11:00:00,Annual,Percentage of households,All types without dependent children,European Union - 27 countries (2007-2013),2014,76.39,,
ESTAT:ISOC_CI_IN_H(1.0),16/12/25 11:00:00,Annual,Percentage of households,All types without dependent children,European Union - 27 countries (2007-2013),2015,78.26,,
ESTAT:ISOC_CI_IN_H(1.0),16/12/25 11:00:00,Annual,Percentage of households,All types without dependent children,European Union - 27 countries (2007-2013),2016,81.59,,
ESTAT:ISOC_CI_IN_H(1.0),16/12/25 11:00:00,Annual,Percentage of households,All types without dependent children,European Union - 27 countries (2007-2013),2017,83.40,,
ESTAT:ISOC_CI_IN_H(1.0),16/12/25 11:00:00,Annual,Percentage of households,All types without dependent children,European Union - 27 countries (2007-2013),2018,85.68,,
ESTAT:ISOC_CI_IN_H(1.0),16/12/25 11:00:00,Annual,Percentage of households,All types without dependent children,European Union - 27 countries (from 2020),2007,47.76,,
ESTAT:ISOC_CI_IN_H(1.0),16/12/25 11:00:00,Annual,Percentage of households,All types without dependent children,European Union - 27 countries (from 2020),2008,52.86,,
ESTAT:ISOC_CI_IN_H(1.0),16/12/25 11:00:00,Annual,Percentage of households,All types without dependent children,European Union - 27 countries (from 2020),2009,58.24,,
ESTAT:ISOC_CI_IN_H(1.0),16/12/25 11:00:00,Annual,Percentage of households,All types without dependent children,European Union - 27 countries (from 2020),2010,62.77,,
ESTAT:ISOC_CI_IN_H(1.0),16/12/25 11:00:00,Annual,Percentage of households,All types without dependent children,European Union - 27 countries (from 2020),2011,65.70,,
ESTAT:ISOC_CI_IN_H(1.0),16/12/25 11:00:00,Annual,Percentage of households,All types without dependent children,European Union - 27 countries (from 2020),2012,69.08,,
ESTAT:ISOC_CI_IN_H(1.0),16/12/25 11:00:00,Annual,Percentage of households,All types without dependent children,European Union - 27 countries (from 2020),2013,71.97,,
ESTAT:ISOC_CI_IN_H(1.0),16/12/25 11:00:00,Annual,Percentage of households,All types without dependent children,European Union - 27 countries (from 2020),2014,74.67,,
ESTAT:ISOC_CI_IN_H(1.0),16/12/25 11:00:00,Annual,Percentage of households,All types without dependent children,European Union - 27 countries (from 2020),2015,76.72,,
ESTAT:ISOC_CI_IN_H(1.0),16/12/25 11:00:00,Annual,Percentage of households,All types without dependent children,European Union - 27 countries (from 2020),2016,80.09,,
ESTAT:ISOC_CI_IN_H(1.0),16/12/25 11:00:00,Annual,Percentage of households,All types without dependent children,European Union - 27 countries (from 2020),2017,82.00,,
ESTAT:ISOC_CI_IN_H(1.0),16/12/25 11:00:00,Annual,Percentage of households,All types without dependent children,European Union - 27 countries (from 2020),2018,84.60,,
ESTAT:ISOC_CI_IN_H(1.0),16/12/25 11:00:00,Annual,Percentage of households,All types without dependent children,European Union - 27 countries (from 2020),2019,86.78,,
ESTAT:ISOC_CI_IN_H(1.0),16/12/25 11:00:00,Annual,Percentage of households,All types without dependent children,European Union - 27 countries (from 2020),2020,88.85,e,
ESTAT:ISOC_CI_IN_H(1.0),16/12/25 11:00:00,Annual,Percentage of households,All types without dependent children,European Union - 27 countries (from 2020),2021,90.05,b,
ESTAT:ISOC_CI_IN_H(1.0),16/12/25 11:00:00,Annual,Percentage of households,All types without dependent children,European Union - 27 countries (from 2020),2022,90.44,,
ESTAT:ISOC_CI_IN_H(1.0),16/12/25 11:00:00,Annual,Percentage of households,All types without dependent children,European Union - 27 countries (from 2020),2023,91.20,,
ESTAT:ISOC_CI_IN_H(1.0),16/12/25 11:00:00,Annual,Percentage of households,All types without dependent children,European Union - 27 countries (from 2020),2024,92.68,,
ESTAT:ISOC_CI_IN_H(1.0),16/12/25 11:00:00,Annual,Percentage of households,All types without dependent children,European Union - 27 countries (from 2020),2025,93.43,,
ESTAT:ISOC_CI_IN_H(1.0),16/12/25 11:00:00,Annual,Percentage of households,All types without dependent children,European Union - 28 countries (2013-2020),2007,49.63,,
ESTAT:ISOC_CI_IN_H(1.0),16/12/25 11:00:00,Annual,Percentage of households,All types without dependent children,European Union - 28 countries (2013-2020),2008,54.60,,
ESTAT:ISOC_CI_IN_H(1.0),16/12/25 11:00:00,Annual,Percentage of households,All types without dependent children,European Union - 28 countries (2013-2020),2009,59.90,,
ESTAT:ISOC_CI_IN_H(1.0),16/12/25 11:00:00,Annual,Percentage of households,All types without dependent children,European Union - 28 countries (2013-2020),2010,64.25,,
ESTAT:ISOC_CI_IN_H(1.0),16/12/25 11:00:00,Annual,Percentage of households,All types without dependent children,European Union - 28 countries (2013-2020),2011,67.15,,
ESTAT:ISOC_CI_IN_H(1.0),16/12/25 11:00:00,Annual,Percentage of households,All types without dependent children,European Union - 28 countries (2013-2020),2012,70.81,,
ESTAT:ISOC_CI_IN_H(1.0),16/12/25 11:00:00,Annual,Percentage of households,All types without dependent children,European Union - 28 countries (2013-2020),2013,73.90,,
ESTAT:ISOC_CI_IN_H(1.0),16/12/25 11:00:00,Annual,Percentage of households,All types without dependent children,European Union - 28 countries (2013-2020),2014,76.28,,
ESTAT:ISOC_CI_IN_H(1.0),16/12/25 11:00:00,Annual,Percentage of households,All types without dependent children,European Union - 28 countries (2013-2020),2015,78.20,,
ESTAT:ISOC_CI_IN_H(1.0),16/12/25 11:00:00,Annual,Percentage of households,All types without dependent children,European Union - 28 countries (2013-2020),2016,81.50,,
ESTAT:ISOC_CI_IN_H(1.0),16/12/25 11:00:00,Annual,Percentage of households,All types without dependent children,European Union - 28 countries (2013-2020),2017,83.30,,
ESTAT:ISOC_CI_IN_H(1.0),16/12/25 11:00:00,Annual,Percentage of households,All types without dependent children,European Union - 28 countries (2013-2020),2018,85.61,,
ESTAT:ISOC_CI_IN_H(1.0),16/12/25 11:00:00,Annual,Percentage of households,All types without dependent children,European Union - 28 countries (2013-2020),2019,87.72,,
ESTAT:ISOC_CI_IN_H(1.0),16/12/25 11:00:00,Annual,Percentage of households,All types without dependent children,Finland,2002,36.31,,
ESTAT:ISOC_CI_IN_H(1.0),16/12/25 11:00:00,Annual,Percentage of households,All types without dependent children,Finland,2003,39.49,,
ESTAT:ISOC_CI_IN_H(1.0),16/12/25 11:00:00,Annual,Percentage of households,All types without dependent children,Finland,2004,42.19,,
ESTAT:ISOC_CI_IN_H(1.0),16/12/25 11:00:00,Annual,Percentage of households,All types without dependent children,Finland,2005,45.99,,
ESTAT:ISOC_CI_IN_H(1.0),16/12/25 11:00:00,Annual,Percentage of households,All types without dependent children,Finland,2006,55.01,,
ESTAT:ISOC_CI_IN_H(1.0),16/12/25 11:00:00,Annual,Percentage of households,All types without dependent children,Finland,2007,63.08,,
ESTAT:ISOC_CI_IN_H(1.0),16/12/25 11:00:00,Annual,Percentage of households,All types without dependent children,Finland,2008,65.50,,
ESTAT:ISOC_CI_IN_H(1.0),16/12/25 11:00:00,Annual,Percentage of households,All types without dependent children,Finland,2009,72.73,,
ESTAT:ISOC_CI_IN_H(1.0),16/12/25 11:00:00,Annual,Percentage of households,All types without dependent children,Finland,2010,74.82,,
ESTAT:ISOC_CI_IN_H(1.0),16/12/25 11:00:00,Annual,Percentage of households,All types without dependent children,Finland,2011,79.43,,
ESTAT:ISOC_CI_IN_H(1.0),16/12/25 11:00:00,Annual,Percentage of households,All types without dependent children,Finland,2012,83.42,,
ESTAT:ISOC_CI_IN_H(1.0),16/12/25 11:00:00,Annual,Percentage of households,All types without dependent children,Finland,2013,86.47,,
ESTAT:ISOC_CI_IN_H(1.0),16/12/25 11:00:00,Annual,Percentage of households,All types without dependent children,Finland,2014,87.43,,
ESTAT:ISOC_CI_IN_H(1.0),16/12/25 11:00:00,Annual,Percentage of households,All types without dependent children,Finland,2015,87.48,,
ESTAT:ISOC_CI_IN_H(1.0),16/12/25 11:00:00,Annual,Percentage of households,All types without dependent children,Finland,2016,90.07,,
ESTAT:ISOC_CI_IN_H(1.0),16/12/25 11:00:00,Annual,Percentage of households,All types without dependent children,Finland,2017,93.07,,
ESTAT:ISOC_CI_IN_H(1.0),16/12/25 11:00:00,Annual,Percentage of households,All types without dependent children,Finland,2018,93.21,,
ESTAT:ISOC_CI_IN_H(1.0),16/12/25 11:00:00,Annual,Percentage of households,All types without dependent children,Finland,2019,93.14,,
ESTAT:ISOC_CI_IN_H(1.0),16/12/25 11:00:00,Annual,Percentage of households,All types without dependent children,Finland,2020,95.01,,
ESTAT:ISOC_CI_IN_H(1.0),16/12/25 11:00:00,Annual,Percentage of households,All types without dependent children,Finland,2021,95.83,,
ESTAT:ISOC_CI_IN_H(1.0),16/12/25 11:00:00,Annual,Percentage of households,All types without dependent children,Finland,2022,97.05,,
ESTAT:ISOC_CI_IN_H(1.0),16/12/25 11:00:00,Annual,Percentage of households,All types without dependent children,Finland,2023,96.13,,
ESTAT:ISOC_CI_IN_H(1.0),16/12/25 11:00:00,Annual,Percentage of households,All types without dependent children,Finland,2024,96.65,,
ESTAT:ISOC_CI_IN_H(1.0),16/12/25 11:00:00,Annual,Percentage of households,All types without dependent children,Finland,2025,97.01,,
ESTAT:ISOC_CI_IN_H(1.0),16/12/25 11:00:00,Annual,Percentage of households,All types without dependent children,France,2006,,u,
ESTAT:ISOC_CI_IN_H(1.0),16/12/25 11:00:00,Annual,Percentage of households,All types without dependent children,France,2007,46.15,,
ESTAT:ISOC_CI_IN_H(1.0),16/12/25 11:00:00,Annual,Percentage of households,All types without dependent children,France,2008,52.57,,
ESTAT:ISOC_CI_IN_H(1.0),16/12/25 11:00:00,Annual,Percentage of households,All types without dependent children,France,2009,59.93,,
ESTAT:ISOC_CI_IN_H(1.0),16/12/25 11:00:00,Annual,Percentage of households,All types without dependent children,France,2010,65.52,,
ESTAT:ISOC_CI_IN_H(1.0),16/12/25 11:00:00,Annual,Percentage of households,All types without dependent children,France,2011,67.41,,
ESTAT:ISOC_CI_IN_H(1.0),16/12/25 11:00:00,Annual,Percentage of households,All types without dependent children,France,2012,72.73,,
ESTAT:ISOC_CI_IN_H(1.0),16/12/25 11:00:00,Annual,Percentage of households,All types without dependent children,France,2013,75.21,,
ESTAT:ISOC_CI_IN_H(1.0),16/12/25 11:00:00,Annual,Percentage of households,All types without dependent children,France,2014,76.76,,
ESTAT:ISOC_CI_IN_H(1.0),16/12/25 11:00:00,Annual,Percentage of households,All types without dependent children,France,2015,77.26,,
ESTAT:ISOC_CI_IN_H(1.0),16/12/25 11:00:00,Annual,Percentage of households,All types without dependent children,France,2016,81.56,,
ESTAT:ISOC_CI_IN_H(1.0),16/12/25 11:00:00,Annual,Percentage of households,All types without dependent children,France,2017,82.52,,
ESTAT:ISOC_CI_IN_H(1.0),16/12/25 11:00:00,Annual,Percentage of households,All types without dependent children,France,2018,85.09,,
ESTAT:ISOC_CI_IN_H(1.0),16/12/25 11:00:00,Annual,Percentage of households,All types without dependent children,France,2019,87.25,,
ESTAT:ISOC_CI_IN_H(1.0),16/12/25 11:00:00,Annual,Percentage of households,All types without dependent children,France,2021,91.23,,
ESTAT:ISOC_CI_IN_H(1.0),16/12/25 11:00:00,Annual,Percentage of households,All types without dependent children,France,2022,90.27,,
ESTAT:ISOC_CI_IN_H(1.0),16/12/25 11:00:00,Annual,Percentage of households,All types without dependent children,France,2023,91.46,,
ESTAT:ISOC_CI_IN_H(1.0),16/12/25 11:00:00,Annual,Percentage of households,All types without dependent children,France,2024,92.95,,
ESTAT:ISOC_CI_IN_H(1.0),16/12/25 11:00:00,Annual,Percentage of households,All types without dependent children,France,2025,93.03,,
ESTAT:ISOC_CI_IN_H(1.0),16/12/25 11:00:00,Annual,Percentage of households,All types without dependent children,Croatia,2007,32.59,,
ESTAT:ISOC_CI_IN_H(1.0),16/12/25 11:00:00,Annual,Percentage of households,All types without dependent children,Croatia,2008,37.55,,
ESTAT:ISOC_CI_IN_H(1.0),16/12/25 11:00:00,Annual,Percentage of households,All types without dependent children,Croatia,2009,42.80,,
ESTAT:ISOC_CI_IN_H(1.0),16/12/25 11:00:00,Annual,Percentage of households,All types without dependent children,Croatia,2010,47.16,,
ESTAT:ISOC_CI_IN_H(1.0),16/12/25 11:00:00,Annual,Percentage of households,All types without dependent children,Croatia,2011,52.37,,
ESTAT:ISOC_CI_IN_H(1.0),16/12/25 11:00:00,Annual,Percentage of households,All types without dependent children,Croatia,2012,57.85,,
ESTAT:ISOC_CI_IN_H(1.0),16/12/25 11:00:00,Annual,Percentage of households,All types without dependent children,Croatia,2013,56.49,,
ESTAT:ISOC_CI_IN_H(1.0),16/12/25 11:00:00,Annual,Percentage of households,All types without dependent children,Croatia,2014,59.24,,
ESTAT:ISOC_CI_IN_H(1.0),16/12/25 11:00:00,Annual,Percentage of households,All types without dependent children,Croatia,2015,68.68,,
ESTAT:ISOC_CI_IN_H(1.0),16/12/25 11:00:00,Annual,Percentage of households,All types without dependent children,Croatia,2016,68.14,,
ESTAT:ISOC_CI_IN_H(1.0),16/12/25 11:00:00,Annual,Percentage of households,All types without dependent children,Croatia,2017,68.51,,
ESTAT:ISOC_CI_IN_H(1.0),16/12/25 11:00:00,Annual,Percentage of households,All types without dependent children,Croatia,2018,75.15,,
ESTAT:ISOC_CI_IN_H(1.0),16/12/25 11:00:00,Annual,Percentage of households,All types without dependent children,Croatia,2019,75.23,,
ESTAT:ISOC_CI_IN_H(1.0),16/12/25 11:00:00,Annual,Percentage of households,All types without dependent children,Croatia,2020,81.18,,
ESTAT:ISOC_CI_IN_H(1.0),16/12/25 11:00:00,Annual,Percentage of households,All types without dependent children,Croatia,2021,81.41,,
ESTAT:ISOC_CI_IN_H(1.0),16/12/25 11:00:00,Annual,Percentage of households,All types without dependent children,Croatia,2022,81.97,,
ESTAT:ISOC_CI_IN_H(1.0),16/12/25 11:00:00,Annual,Percentage of households,All types without dependent children,Croatia,2023,85.51,,
ESTAT:ISOC_CI_IN_H(1.0),16/12/25 11:00:00,Annual,Percentage of households,All types without dependent children,Croatia,2024,85.31,,
ESTAT:ISOC_CI_IN_H(1.0),16/12/25 11:00:00,Annual,Percentage of households,All types without dependent children,Croatia,2025,85.78,,
ESTAT:ISOC_CI_IN_H(1.0),16/12/25 11:00:00,Annual,Percentage of households,All types without dependent children,Hungary,2004,8.63,,
ESTAT:ISOC_CI_IN_H(1.0),16/12/25 11:00:00,Annual,Percentage of households,All types without dependent children,Hungary,2005,19.37,,
ESTAT:ISOC_CI_IN_H(1.0),16/12/25 11:00:00,Annual,Percentage of households,All types without dependent children,Hungary,2006,28.23,,
ESTAT:ISOC_CI_IN_H(1.0),16/12/25 11:00:00,Annual,Percentage of households,All types without dependent children,Hungary,2007,33.17,,
ESTAT:ISOC_CI_IN_H(1.0),16/12/25 11:00:00,Annual,Percentage of households,All types without dependent children,Hungary,2008,40.39,,
ESTAT:ISOC_CI_IN_H(1.0),16/12/25 11:00:00,Annual,Percentage of households,All types without dependent children,Hungary,2009,46.74,,
ESTAT:ISOC_CI_IN_H(1.0),16/12/25 11:00:00,Annual,Percentage of households,All types without dependent children,Hungary,2010,52.06,,
ESTAT:ISOC_CI_IN_H(1.0),16/12/25 11:00:00,Annual,Percentage of households,All types without dependent children,Hungary,2011,57.19,,
ESTAT:ISOC_CI_IN_H(1.0),16/12/25 11:00:00,Annual,Percentage of households,All types without dependent children,Hungary,2012,60.42,,
ESTAT:ISOC_CI_IN_H(1.0),16/12/25 11:00:00,Annual,Percentage of households,All types without dependent children,Hungary,2013,62.48,,
ESTAT:ISOC_CI_IN_H(1.0),16/12/25 11:00:00,Annual,Percentage of households,All types without dependent children,Hungary,2014,66.41,,
ESTAT:ISOC_CI_IN_H(1.0),16/12/25 11:00:00,Annual,Percentage of households,All types without dependent children,Hungary,2015,69.69,,
ESTAT:ISOC_CI_IN_H(1.0),16/12/25 11:00:00,Annual,Percentage of households,All types without dependent children,Hungary,2016,73.68,,
ESTAT:ISOC_CI_IN_H(1.0),16/12/25 11:00:00,Annual,Percentage of households,All types without dependent children,Hungary,2017,77.83,,
ESTAT:ISOC_CI_IN_H(1.0),16/12/25 11:00:00,Annual,Percentage of households,All types without dependent children,Hungary,2018,78.85,,
ESTAT:ISOC_CI_IN_H(1.0),16/12/25 11:00:00,Annual,Percentage of households,All types without dependent children,Hungary,2019,82.13,,
ESTAT:ISOC_CI_IN_H(1.0),16/12/25 11:00:00,Annual,Percentage of households,All types without dependent children,Hungary,2020,83.98,,
ESTAT:ISOC_CI_IN_H(1.0),16/12/25 11:00:00,Annual,Percentage of households,All types without dependent children,Hungary,2021,87.94,,
ESTAT:ISOC_CI_IN_H(1.0),16/12/25 11:00:00,Annual,Percentage of households,All types without dependent children,Hungary,2022,89.52,,
ESTAT:ISOC_CI_IN_H(1.0),16/12/25 11:00:00,Annual,Percentage of households,All types without dependent children,Hungary,2023,90.41,,
ESTAT:ISOC_CI_IN_H(1.0),16/12/25 11:00:00,Annual,Percentage of households,All types without dependent children,Hungary,2024,93.10,,
ESTAT:ISOC_CI_IN_H(1.0),16/12/25 11:00:00,Annual,Percentage of households,All types without dependent children,Hungary,2025,91.29,,
ESTAT:ISOC_CI_IN_H(1.0),16/12/25 11:00:00,Annual,Percentage of households,All types without dependent children,Ireland,2003,25.71,,
ESTAT:ISOC_CI_IN_H(1.0),16/12/25 11:00:00,Annual,Percentage of households,All types without dependent children,Ireland,2004,30.40,,
ESTAT:ISOC_CI_IN_H(1.0),16/12/25 11:00:00,Annual,Percentage of households,All types without dependent children,Ireland,2005,40.83,,
ESTAT:ISOC_CI_IN_H(1.0),16/12/25 11:00:00,Annual,Percentage of households,All types without dependent children,Ireland,2006,42.87,,
ESTAT:ISOC_CI_IN_H(1.0),16/12/25 11:00:00,Annual,Percentage of households,All types without dependent children,Ireland,2007,49.19,,
ESTAT:ISOC_CI_IN_H(1.0),16/12/25 11:00:00,Annual,Percentage of households,All types without dependent children,Ireland,2008,54.93,,
ESTAT:ISOC_CI_IN_H(1.0),16/12/25 11:00:00,Annual,Percentage of households,All types without dependent children,Ireland,2009,58.62,,
ESTAT:ISOC_CI_IN_H(1.0),16/12/25 11:00:00,Annual,Percentage of households,All types without dependent children,Ireland,2010,63.86,,
ESTAT:ISOC_CI_IN_H(1.0),16/12/25 11:00:00,Annual,Percentage of households,All types without dependent children,Ireland,2011,70.18,,
ESTAT:ISOC_CI_IN_H(1.0),16/12/25 11:00:00,Annual,Percentage of households,All types without dependent children,Ireland,2012,73.02,,
ESTAT:ISOC_CI_IN_H(1.0),16/12/25 11:00:00,Annual,Percentage of households,All types without dependent children,Ireland,2013,74.67,,
ESTAT:ISOC_CI_IN_H(1.0),16/12/25 11:00:00,Annual,Percentage of households,All types without dependent children,Ireland,2014,75.30,,
ESTAT:ISOC_CI_IN_H(1.0),16/12/25 11:00:00,Annual,Percentage of households,All types without dependent children,Ireland,2015,77.97,,
ESTAT:ISOC_CI_IN_H(1.0),16/12/25 11:00:00,Annual,Percentage of households,All types without dependent children,Ireland,2016,80.24,,
ESTAT:ISOC_CI_IN_H(1.0),16/12/25 11:00:00,Annual,Percentage of households,All types without dependent children,Ireland,2017,81.56,,
ESTAT:ISOC_CI_IN_H(1.0),16/12/25 11:00:00,Annual,Percentage of households,All types without dependent children,Ireland,2018,84.08,,
ESTAT:ISOC_CI_IN_H(1.0),16/12/25 11:00:00,Annual,Percentage of households,All types without dependent children,Ireland,2019,86.38,,
ESTAT:ISOC_CI_IN_H(1.0),16/12/25 11:00:00,Annual,Percentage of households,All types without dependent children,Ireland,2020,90.17,,
ESTAT:ISOC_CI_IN_H(1.0),16/12/25 11:00:00,Annual,Percentage of households,All types without dependent children,Ireland,2021,96.76,b,
ESTAT:ISOC_CI_IN_H(1.0),16/12/25 11:00:00,Annual,Percentage of households,All types without dependent children,Ireland,2022,,u,
ESTAT:ISOC_CI_IN_H(1.0),16/12/25 11:00:00,Annual,Percentage of households,All types without dependent children,Ireland,2023,90.31,,
ESTAT:ISOC_CI_IN_H(1.0),16/12/25 11:00:00,Annual,Percentage of households,All types without dependent children,Ireland,2024,90.90,,
ESTAT:ISOC_CI_IN_H(1.0),16/12/25 11:00:00,Annual,Percentage of households,All types without dependent children,Ireland,2025,94.02,,
ESTAT:ISOC_CI_IN_H(1.0),16/12/25 11:00:00,Annual,Percentage of households,All types without dependent children,Iceland,2004,66.32,,
ESTAT:ISOC_CI_IN_H(1.0),16/12/25 11:00:00,Annual,Percentage of households,All types without dependent children,Iceland,2005,76.24,,
ESTAT:ISOC_CI_IN_H(1.0),16/12/25 11:00:00,Annual,Percentage of households,All types without dependent children,Iceland,2006,74.88,,
ESTAT:ISOC_CI_IN_H(1.0),16/12/25 11:00:00,Annual,Percentage of households,All types without dependent children,Iceland,2007,76.52,,
ESTAT:ISOC_CI_IN_H(1.0),16/12/25 11:00:00,Annual,Percentage of households,All types without dependent children,Iceland,2008,82.05,,
ESTAT:ISOC_CI_IN_H(1.0),16/12/25 11:00:00,Annual,Percentage of households,All types without dependent children,Iceland,2009,84.74,,
ESTAT:ISOC_CI_IN_H(1.0),16/12/25 11:00:00,Annual,Percentage of households,All types without dependent children,Iceland,2010,86.48,,
ESTAT:ISOC_CI_IN_H(1.0),16/12/25 11:00:00,Annual,Percentage of households,All types without dependent children,Iceland,2011,88.89,,
ESTAT:ISOC_CI_IN_H(1.0),16/12/25 11:00:00,Annual,Percentage of households,All types without dependent children,Iceland,2012,92.30,,
ESTAT:ISOC_CI_IN_H(1.0),16/12/25 11:00:00,Annual,Percentage of households,All types without dependent children,Iceland,2013,94.67,,
ESTAT:ISOC_CI_IN_H(1.0),16/12/25 11:00:00,Annual,Percentage of households,All types without dependent children,Iceland,2014,94.85,,
ESTAT:ISOC_CI_IN_H(1.0),16/12/25 11:00:00,Annual,Percentage of households,All types without dependent children,Iceland,2017,97.02,,
ESTAT:ISOC_CI_IN_H(1.0),16/12/25 11:00:00,Annual,Percentage of households,All types without dependent children,Iceland,2018,98.81,,
ESTAT:ISOC_CI_IN_H(1.0),16/12/25 11:00:00,Annual,Percentage of households,All types without dependent children,Iceland,2019,96.56,,
ESTAT:ISOC_CI_IN_H(1.0),16/12/25 11:00:00,Annual,Percentage of households,All types without dependent children,Iceland,2020,97.98,,
ESTAT:ISOC_CI_IN_H(1.0),16/12/25 11:00:00,Annual,Percentage of households,All types without dependent children,Iceland,2021,98.36,,
ESTAT:ISOC_CI_IN_H(1.0),16/12/25 11:00:00,Annual,Percentage of households,All types without dependent children,Italy,2002,18.41,,
ESTAT:ISOC_CI_IN_H(1.0),16/12/25 11:00:00,Annual,Percentage of households,All types without dependent children,Italy,2003,29.44,,
ESTAT:ISOC_CI_IN_H(1.0),16/12/25 11:00:00,Annual,Percentage of households,All types without dependent children,Italy,2004,30.17,,
ESTAT:ISOC_CI_IN_H(1.0),16/12/25 11:00:00,Annual,Percentage of households,All types without dependent children,Italy,2005,33.30,,
ESTAT:ISOC_CI_IN_H(1.0),16/12/25 11:00:00,Annual,Percentage of households,All types without dependent children,Italy,2006,35.18,,
ESTAT:ISOC_CI_IN_H(1.0),16/12/25 11:00:00,Annual,Percentage of households,All types without dependent children,Italy,2007,38.36,,
ESTAT:ISOC_CI_IN_H(1.0),16/12/25 11:00:00,Annual,Percentage of households,All types without dependent children,Italy,2008,41.33,,
ESTAT:ISOC_CI_IN_H(1.0),16/12/25 11:00:00,Annual,Percentage of households,All types without dependent children,Italy,2009,47.44,,
ESTAT:ISOC_CI_IN_H(1.0),16/12/25 11:00:00,Annual,Percentage of households,All types without dependent children,Italy,2010,52.65,,
ESTAT:ISOC_CI_IN_H(1.0),16/12/25 11:00:00,Annual,Percentage of households,All types without dependent children,Italy,2011,54.64,,
ESTAT:ISOC_CI_IN_H(1.0),16/12/25 11:00:00,Annual,Percentage of households,All types without dependent children,Italy,2012,57.19,,
ESTAT:ISOC_CI_IN_H(1.0),16/12/25 11:00:00,Annual,Percentage of households,All types without dependent children,Italy,2013,62.92,,
ESTAT:ISOC_CI_IN_H(1.0),16/12/25 11:00:00,Annual,Percentage of households,All types without dependent children,Italy,2014,66.86,,
ESTAT:ISOC_CI_IN_H(1.0),16/12/25 11:00:00,Annual,Percentage of households,All types without dependent children,Italy,2015,69.88,,
ESTAT:ISOC_CI_IN_H(1.0),16/12/25 11:00:00,Annual,Percentage of households,All types without dependent children,Italy,2016,73.53,,
ESTAT:ISOC_CI_IN_H(1.0),16/12/25 11:00:00,Annual,Percentage of households,All types without dependent children,Italy,2017,76.46,,
ESTAT:ISOC_CI_IN_H(1.0),16/12/25 11:00:00,Annual,Percentage of households,All types without dependent children,Italy,2018,80.60,,
ESTAT:ISOC_CI_IN_H(1.0),16/12/25 11:00:00,Annual,Percentage of households,All types without dependent children,Italy,2019,81.37,,
ESTAT:ISOC_CI_IN_H(1.0),16/12/25 11:00:00,Annual,Percentage of households,All types without dependent children,Italy,2020,84.87,,
ESTAT:ISOC_CI_IN_H(1.0),16/12/25 11:00:00,Annual,Percentage of households,All types without dependent children,Italy,2021,87.82,,
ESTAT:ISOC_CI_IN_H(1.0),16/12/25 11:00:00,Annual,Percentage of households,All types without dependent children,Italy,2022,89.21,,
ESTAT:ISOC_CI_IN_H(1.0),16/12/25 11:00:00,Annual,Percentage of households,All types without dependent children,Italy,2023,89.80,,
ESTAT:ISOC_CI_IN_H(1.0),16/12/25 11:00:00,Annual,Percentage of households,All types without dependent children,Italy,2024,91.74,,
ESTAT:ISOC_CI_IN_H(1.0),16/12/25 11:00:00,Annual,Percentage of households,All types without dependent children,Italy,2025,92.85,,
ESTAT:ISOC_CI_IN_H(1.0),16/12/25 11:00:00,Annual,Percentage of households,All types without dependent children,Lithuania,2004,6.27,,
ESTAT:ISOC_CI_IN_H(1.0),16/12/25 11:00:00,Annual,Percentage of households,All types without dependent children,Lithuania,2005,12.47,,
ESTAT:ISOC_CI_IN_H(1.0),16/12/25 11:00:00,Annual,Percentage of households,All types without dependent children,Lithuania,2006,26.08,,
ESTAT:ISOC_CI_IN_H(1.0),16/12/25 11:00:00,Annual,Percentage of households,All types without dependent children,Lithuania,2007,32.69,,
ESTAT:ISOC_CI_IN_H(1.0),16/12/25 11:00:00,Annual,Percentage of households,All types without dependent children,Lithuania,2008,38.80,,
ESTAT:ISOC_CI_IN_H(1.0),16/12/25 11:00:00,Annual,Percentage of households,All types without dependent children,Lithuania,2009,51.02,,
ESTAT:ISOC_CI_IN_H(1.0),16/12/25 11:00:00,Annual,Percentage of households,All types without dependent children,Lithuania,2010,51.70,,
ESTAT:ISOC_CI_IN_H(1.0),16/12/25 11:00:00,Annual,Percentage of households,All types without dependent children,Lithuania,2011,50.33,,
ESTAT:ISOC_CI_IN_H(1.0),16/12/25 11:00:00,Annual,Percentage of households,All types without dependent children,Lithuania,2012,49.76,,
ESTAT:ISOC_CI_IN_H(1.0),16/12/25 11:00:00,Annual,Percentage of households,All types without dependent children,Lithuania,2013,55.37,,
ESTAT:ISOC_CI_IN_H(1.0),16/12/25 11:00:00,Annual,Percentage of households,All types without dependent children,Lithuania,2014,56.88,,
ESTAT:ISOC_CI_IN_H(1.0),16/12/25 11:00:00,Annual,Percentage of households,All types without dependent children,Lithuania,2015,60.34,,
ESTAT:ISOC_CI_IN_H(1.0),16/12/25 11:00:00,Annual,Percentage of households,All types without dependent children,Lithuania,2016,63.35,,
ESTAT:ISOC_CI_IN_H(1.0),16/12/25 11:00:00,Annual,Percentage of households,All types without dependent children,Lithuania,2017,67.84,,
ESTAT:ISOC_CI_IN_H(1.0),16/12/25 11:00:00,Annual,Percentage of households,All types without dependent children,Lithuania,2018,71.90,,
ESTAT:ISOC_CI_IN_H(1.0),16/12/25 11:00:00,Annual,Percentage of households,All types without dependent children,Lithuania,2019,75.74,,
ESTAT:ISOC_CI_IN_H(1.0),16/12/25 11:00:00,Annual,Percentage of households,All types without dependent children,Lithuania,2020,76.69,,
ESTAT:ISOC_CI_IN_H(1.0),16/12/25 11:00:00,Annual,Percentage of households,All types without dependent children,Lithuania,2021,82.63,,
ESTAT:ISOC_CI_IN_H(1.0),16/12/25 11:00:00,Annual,Percentage of households,All types without dependent children,Lithuania,2022,84.06,,
ESTAT:ISOC_CI_IN_H(1.0),16/12/25 11:00:00,Annual,Percentage of households,All types without dependent children,Lithuania,2023,85.38,,
ESTAT:ISOC_CI_IN_H(1.0),16/12/25 11:00:00,Annual,Percentage of households,All types without dependent children,Lithuania,2024,87.92,,
ESTAT:ISOC_CI_IN_H(1.0),16/12/25 11:00:00,Annual,Percentage of households,All types without dependent children,Lithuania,2025,86.84,,
ESTAT:ISOC_CI_IN_H(1.0),16/12/25 11:00:00,Annual,Percentage of households,All types without dependent children,Luxembourg,2002,30.84,,
ESTAT:ISOC_CI_IN_H(1.0),16/12/25 11:00:00,Annual,Percentage of households,All types without dependent children,Luxembourg,2003,35.37,,
ESTAT:ISOC_CI_IN_H(1.0),16/12/25 11:00:00,Annual,Percentage of households,All types without dependent children,Luxembourg,2004,52.59,,
ESTAT:ISOC_CI_IN_H(1.0),16/12/25 11:00:00,Annual,Percentage of households,All types without dependent children,Luxembourg,2005,60.29,,
ESTAT:ISOC_CI_IN_H(1.0),16/12/25 11:00:00,Annual,Percentage of households,All types without dependent children,Luxembourg,2006,64.28,,
ESTAT:ISOC_CI_IN_H(1.0),16/12/25 11:00:00,Annual,Percentage of households,All types without dependent children,Luxembourg,2007,69.28,,
ESTAT:ISOC_CI_IN_H(1.0),16/12/25 11:00:00,Annual,Percentage of households,All types without dependent children,Luxembourg,2008,75.86,,
ESTAT:ISOC_CI_IN_H(1.0),16/12/25 11:00:00,Annual,Percentage of households,All types without dependent children,Luxembourg,2009,83.63,,
ESTAT:ISOC_CI_IN_H(1.0),16/12/25 11:00:00,Annual,Percentage of households,All types without dependent children,Luxembourg,2010,87.37,,
ESTAT:ISOC_CI_IN_H(1.0),16/12/25 11:00:00,Annual,Percentage of households,All types without dependent children,Luxembourg,2011,87.89,,
ESTAT:ISOC_CI_IN_H(1.0),16/12/25 11:00:00,Annual,Percentage of households,All types without dependent children,Luxembourg,2012,92.05,,
ESTAT:ISOC_CI_IN_H(1.0),16/12/25 11:00:00,Annual,Percentage of households,All types without dependent children,Luxembourg,2013,92.86,,
ESTAT:ISOC_CI_IN_H(1.0),16/12/25 11:00:00,Annual,Percentage of households,All types without dependent children,Luxembourg,2014,94.49,,
ESTAT:ISOC_CI_IN_H(1.0),16/12/25 11:00:00,Annual,Percentage of households,All types without dependent children,Luxembourg,2015,96.01,,
ESTAT:ISOC_CI_IN_H(1.0),16/12/25 11:00:00,Annual,Percentage of households,All types without dependent children,Luxembourg,2016,96.40,,
ESTAT:ISOC_CI_IN_H(1.0),16/12/25 11:00:00,Annual,Percentage of households,All types without dependent children,Luxembourg,2017,96.64,,
ESTAT:ISOC_CI_IN_H(1.0),16/12/25 11:00:00,Annual,Percentage of households,All types without dependent children,Luxembourg,2018,92.32,b,
ESTAT:ISOC_CI_IN_H(1.0),16/12/25 11:00:00,Annual,Percentage of households,All types without dependent children,Luxembourg,2019,93.96,,
ESTAT:ISOC_CI_IN_H(1.0),16/12/25 11:00:00,Annual,Percentage of households,All types without dependent children,Luxembourg,2020,91.80,,
ESTAT:ISOC_CI_IN_H(1.0),16/12/25 11:00:00,Annual,Percentage of households,All types without dependent children,Luxembourg,2021,98.81,,
ESTAT:ISOC_CI_IN_H(1.0),16/12/25 11:00:00,Annual,Percentage of households,All types without dependent children,Luxembourg,2022,96.94,,
ESTAT:ISOC_CI_IN_H(1.0),16/12/25 11:00:00,Annual,Percentage of households,All types without dependent children,Luxembourg,2023,98.71,,
ESTAT:ISOC_CI_IN_H(1.0),16/12/25 11:00:00,Annual,Percentage of households,All types without dependent children,Luxembourg,2024,98.34,,
ESTAT:ISOC_CI_IN_H(1.0),16/12/25 11:00:00,Annual,Percentage of households,All types without dependent children,Luxembourg,2025,98.75,,
ESTAT:ISOC_CI_IN_H(1.0),16/12/25 11:00:00,Annual,Percentage of households,All types without dependent children,Latvia,2004,10.35,,
ESTAT:ISOC_CI_IN_H(1.0),16/12/25 11:00:00,Annual,Percentage of households,All types without dependent children,Latvia,2005,25.71,,
ESTAT:ISOC_CI_IN_H(1.0),16/12/25 11:00:00,Annual,Percentage of households,All types without dependent children,Latvia,2006,34.73,,
ESTAT:ISOC_CI_IN_H(1.0),16/12/25 11:00:00,Annual,Percentage of households,All types without dependent children,Latvia,2007,42.60,,
ESTAT:ISOC_CI_IN_H(1.0),16/12/25 11:00:00,Annual,Percentage of households,All types without dependent children,Latvia,2008,44.21,,
ESTAT:ISOC_CI_IN_H(1.0),16/12/25 11:00:00,Annual,Percentage of households,All types without dependent children,Latvia,2009,49.99,,
ESTAT:ISOC_CI_IN_H(1.0),16/12/25 11:00:00,Annual,Percentage of households,All types without dependent children,Latvia,2010,51.80,,
ESTAT:ISOC_CI_IN_H(1.0),16/12/25 11:00:00,Annual,Percentage of households,All types without dependent children,Latvia,2011,55.49,,
ESTAT:ISOC_CI_IN_H(1.0),16/12/25 11:00:00,Annual,Percentage of households,All types without dependent children,Latvia,2012,60.11,,
ESTAT:ISOC_CI_IN_H(1.0),16/12/25 11:00:00,Annual,Percentage of households,All types without dependent children,Latvia,2013,63.82,,
ESTAT:ISOC_CI_IN_H(1.0),16/12/25 11:00:00,Annual,Percentage of households,All types without dependent children,Latvia,2014,65.80,,
ESTAT:ISOC_CI_IN_H(1.0),16/12/25 11:00:00,Annual,Percentage of households,All types without dependent children,Latvia,2015,69.14,,
ESTAT:ISOC_CI_IN_H(1.0),16/12/25 11:00:00,Annual,Percentage of households,All types without dependent children,Latvia,2016,71.35,b,
ESTAT:ISOC_CI_IN_H(1.0),16/12/25 11:00:00,Annual,Percentage of households,All types without dependent children,Latvia,2017,72.54,,
ESTAT:ISOC_CI_IN_H(1.0),16/12/25 11:00:00,Annual,Percentage of households,All types without dependent children,Latvia,2018,76.62,,
ESTAT:ISOC_CI_IN_H(1.0),16/12/25 11:00:00,Annual,Percentage of households,All types without dependent children,Latvia,2019,81.29,,
ESTAT:ISOC_CI_IN_H(1.0),16/12/25 11:00:00,Annual,Percentage of households,All types without dependent children,Latvia,2020,86.56,,
ESTAT:ISOC_CI_IN_H(1.0),16/12/25 11:00:00,Annual,Percentage of households,All types without dependent children,Latvia,2021,88.69,,
ESTAT:ISOC_CI_IN_H(1.0),16/12/25 11:00:00,Annual,Percentage of households,All types without dependent children,Latvia,2022,88.94,,
ESTAT:ISOC_CI_IN_H(1.0),16/12/25 11:00:00,Annual,Percentage of households,All types without dependent children,Latvia,2023,91.05,,
ESTAT:ISOC_CI_IN_H(1.0),16/12/25 11:00:00,Annual,Percentage of households,All types without dependent children,Latvia,2024,92.68,,
ESTAT:ISOC_CI_IN_H(1.0),16/12/25 11:00:00,Annual,Percentage of households,All types without dependent children,Latvia,2025,92.55,,
ESTAT:ISOC_CI_IN_H(1.0),16/12/25 11:00:00,Annual,Percentage of households,All types without dependent children,Montenegro,2012,47.39,,
ESTAT:ISOC_CI_IN_H(1.0),16/12/25 11:00:00,Annual,Percentage of households,All types without dependent children,Montenegro,2017,63.09,,
ESTAT:ISOC_CI_IN_H(1.0),16/12/25 11:00:00,Annual,Percentage of households,All types without dependent children,Montenegro,2018,64.34,,
ESTAT:ISOC_CI_IN_H(1.0),16/12/25 11:00:00,Annual,Percentage of households,All types without dependent children,Montenegro,2019,66.26,,
ESTAT:ISOC_CI_IN_H(1.0),16/12/25 11:00:00,Annual,Percentage of households,All types without dependent children,Montenegro,2020,74.37,,
ESTAT:ISOC_CI_IN_H(1.0),16/12/25 11:00:00,Annual,Percentage of households,All types without dependent children,Montenegro,2021,75.17,,
ESTAT:ISOC_CI_IN_H(1.0),16/12/25 11:00:00,Annual,Percentage of households,All types without dependent children,Montenegro,2022,76.70,,
ESTAT:ISOC_CI_IN_H(1.0),16/12/25 11:00:00,Annual,Percentage of households,All types without dependent children,Montenegro,2023,76.65,,
ESTAT:ISOC_CI_IN_H(1.0),16/12/25 11:00:00,Annual,Percentage of households,All types without dependent children,Montenegro,2024,80.19,,
ESTAT:ISOC_CI_IN_H(1.0),16/12/25 11:00:00,Annual,Percentage of households,All types without dependent children,Montenegro,2025,85.49,,
ESTAT:ISOC_CI_IN_H(1.0),16/12/25 11:00:00,Annual,Percentage of households,All types without dependent children,North Macedonia,2004,10.31,,
ESTAT:ISOC_CI_IN_H(1.0),16/12/25 11:00:00,Annual,Percentage of households,All types without dependent children,North Macedonia,2006,11.83,,
ESTAT:ISOC_CI_IN_H(1.0),16/12/25 11:00:00,Annual,Percentage of households,All types without dependent children,North Macedonia,2008,28.14,,
ESTAT:ISOC_CI_IN_H(1.0),16/12/25 11:00:00,Annual,Percentage of households,All types without dependent children,North Macedonia,2009,38.51,,
ESTAT:ISOC_CI_IN_H(1.0),16/12/25 11:00:00,Annual,Percentage of households,All types without dependent children,North Macedonia,2010,39.72,,
ESTAT:ISOC_CI_IN_H(1.0),16/12/25 11:00:00,Annual,Percentage of households,All types without dependent children,North Macedonia,2012,52.00,,
ESTAT:ISOC_CI_IN_H(1.0),16/12/25 11:00:00,Annual,Percentage of households,All types without dependent children,North Macedonia,2013,56.13,,
ESTAT:ISOC_CI_IN_H(1.0),16/12/25 11:00:00,Annual,Percentage of households,All types without dependent children,North Macedonia,2014,60.18,,
ESTAT:ISOC_CI_IN_H(1.0),16/12/25 11:00:00,Annual,Percentage of households,All types without dependent children,North Macedonia,2015,61.23,,
ESTAT:ISOC_CI_IN_H(1.0),16/12/25 11:00:00,Annual,Percentage of households,All types without dependent children,North Macedonia,2016,68.81,,
ESTAT:ISOC_CI_IN_H(1.0),16/12/25 11:00:00,Annual,Percentage of households,All types without dependent children,North Macedonia,2017,65.49,,
ESTAT:ISOC_CI_IN_H(1.0),16/12/25 11:00:00,Annual,Percentage of households,All types without dependent children,North Macedonia,2018,71.85,,
ESTAT:ISOC_CI_IN_H(1.0),16/12/25 11:00:00,Annual,Percentage of households,All types without dependent children,North Macedonia,2019,74.14,,
ESTAT:ISOC_CI_IN_H(1.0),16/12/25 11:00:00,Annual,Percentage of households,All types without dependent children,North Macedonia,2020,71.45,,
ESTAT:ISOC_CI_IN_H(1.0),16/12/25 11:00:00,Annual,Percentage of households,All types without dependent children,North Macedonia,2021,77.19,,
ESTAT:ISOC_CI_IN_H(1.0),16/12/25 11:00:00,Annual,Percentage of households,All types without dependent children,North Macedonia,2024,87.26,,
ESTAT:ISOC_CI_IN_H(1.0),16/12/25 11:00:00,Annual,Percentage of households,All types without dependent children,North Macedonia,2025,88.44,,
ESTAT:ISOC_CI_IN_H(1.0),16/12/25 11:00:00,Annual,Percentage of households,All types without dependent children,Malta,2005,33.75,,
ESTAT:ISOC_CI_IN_H(1.0),16/12/25 11:00:00,Annual,Percentage of households,All types without dependent children,Malta,2006,53.41,,
ESTAT:ISOC_CI_IN_H(1.0),16/12/25 11:00:00,Annual,Percentage of households,All types without dependent children,Malta,2007,46.65,,
ESTAT:ISOC_CI_IN_H(1.0),16/12/25 11:00:00,Annual,Percentage of households,All types without dependent children,Malta,2008,51.52,,
ESTAT:ISOC_CI_IN_H(1.0),16/12/25 11:00:00,Annual,Percentage of households,All types without dependent children,Malta,2009,56.87,,
ESTAT:ISOC_CI_IN_H(1.0),16/12/25 11:00:00,Annual,Percentage of households,All types without dependent children,Malta,2010,62.43,,
ESTAT:ISOC_CI_IN_H(1.0),16/12/25 11:00:00,Annual,Percentage of households,All types without dependent children,Malta,2011,68.91,,
ESTAT:ISOC_CI_IN_H(1.0),16/12/25 11:00:00,Annual,Percentage of households,All types without dependent children,Malta,2012,70.76,,
ESTAT:ISOC_CI_IN_H(1.0),16/12/25 11:00:00,Annual,Percentage of households,All types without dependent children,Malta,2013,73.65,,
ESTAT:ISOC_CI_IN_H(1.0),16/12/25 11:00:00,Annual,Percentage of households,All types without dependent children,Malta,2014,74.23,,
ESTAT:ISOC_CI_IN_H(1.0),16/12/25 11:00:00,Annual,Percentage of households,All types without dependent children,Malta,2015,76.57,,
ESTAT:ISOC_CI_IN_H(1.0),16/12/25 11:00:00,Annual,Percentage of households,All types without dependent children,Malta,2016,77.00,,
ESTAT:ISOC_CI_IN_H(1.0),16/12/25 11:00:00,Annual,Percentage of households,All types without dependent children,Malta,2017,80.60,,
ESTAT:ISOC_CI_IN_H(1.0),16/12/25 11:00:00,Annual,Percentage of households,All types without dependent children,Malta,2018,80.19,,
ESTAT:ISOC_CI_IN_H(1.0),16/12/25 11:00:00,Annual,Percentage of households,All types without dependent children,Malta,2019,83.40,,
ESTAT:ISOC_CI_IN_H(1.0),16/12/25 11:00:00,Annual,Percentage of households,All types without dependent children,Malta,2020,87.85,,
ESTAT:ISOC_CI_IN_H(1.0),16/12/25 11:00:00,Annual,Percentage of households,All types without dependent children,Malta,2021,88.02,,
ESTAT:ISOC_CI_IN_H(1.0),16/12/25 11:00:00,Annual,Percentage of households,All types without dependent children,Malta,2022,91.43,,
ESTAT:ISOC_CI_IN_H(1.0),16/12/25 11:00:00,Annual,Percentage of households,All types without dependent children,Malta,2023,91.77,,
ESTAT:ISOC_CI_IN_H(1.0),16/12/25 11:00:00,Annual,Percentage of households,All types without dependent children,Malta,2024,94.50,,
ESTAT:ISOC_CI_IN_H(1.0),16/12/25 11:00:00,Annual,Percentage of households,All types without dependent children,Malta,2025,97.37,,
ESTAT:ISOC_CI_IN_H(1.0),16/12/25 11:00:00,Annual,Percentage of households,All types without dependent children,Netherlands,2005,73.17,,
ESTAT:ISOC_CI_IN_H(1.0),16/12/25 11:00:00,Annual,Percentage of households,All types without dependent children,Netherlands,2006,74.41,,
ESTAT:ISOC_CI_IN_H(1.0),16/12/25 11:00:00,Annual,Percentage of households,All types without dependent children,Netherlands,2007,77.83,,
ESTAT:ISOC_CI_IN_H(1.0),16/12/25 11:00:00,Annual,Percentage of households,All types without dependent children,Netherlands,2008,81.69,,
ESTAT:ISOC_CI_IN_H(1.0),16/12/25 11:00:00,Annual,Percentage of households,All types without dependent children,Netherlands,2009,86.19,,
ESTAT:ISOC_CI_IN_H(1.0),16/12/25 11:00:00,Annual,Percentage of households,All types without dependent children,Netherlands,2010,88.16,,
ESTAT:ISOC_CI_IN_H(1.0),16/12/25 11:00:00,Annual,Percentage of households,All types without dependent children,Netherlands,2011,91.51,,
ESTAT:ISOC_CI_IN_H(1.0),16/12/25 11:00:00,Annual,Percentage of households,All types without dependent children,Netherlands,2012,91.83,,
ESTAT:ISOC_CI_IN_H(1.0),16/12/25 11:00:00,Annual,Percentage of households,All types without dependent children,Netherlands,2013,92.99,,
ESTAT:ISOC_CI_IN_H(1.0),16/12/25 11:00:00,Annual,Percentage of households,All types without dependent children,Netherlands,2014,94.72,,
ESTAT:ISOC_CI_IN_H(1.0),16/12/25 11:00:00,Annual,Percentage of households,All types without dependent children,Netherlands,2015,95.06,,
ESTAT:ISOC_CI_IN_H(1.0),16/12/25 11:00:00,Annual,Percentage of households,All types without dependent children,Netherlands,2016,95.84,,
ESTAT:ISOC_CI_IN_H(1.0),16/12/25 11:00:00,Annual,Percentage of households,All types without dependent children,Netherlands,2017,97.72,,
ESTAT:ISOC_CI_IN_H(1.0),16/12/25 11:00:00,Annual,Percentage of households,All types without dependent children,Netherlands,2018,97.58,,
ESTAT:ISOC_CI_IN_H(1.0),16/12/25 11:00:00,Annual,Percentage of households,All types without dependent children,Netherlands,2019,97.97,,
ESTAT:ISOC_CI_IN_H(1.0),16/12/25 11:00:00,Annual,Percentage of households,All types without dependent children,Netherlands,2020,96.34,,
ESTAT:ISOC_CI_IN_H(1.0),16/12/25 11:00:00,Annual,Percentage of households,All types without dependent children,Netherlands,2021,98.30,,
ESTAT:ISOC_CI_IN_H(1.0),16/12/25 11:00:00,Annual,Percentage of households,All types without dependent children,Netherlands,2022,98.16,,
ESTAT:ISOC_CI_IN_H(1.0),16/12/25 11:00:00,Annual,Percentage of households,All types without dependent children,Netherlands,2023,98.75,,
ESTAT:ISOC_CI_IN_H(1.0),16/12/25 11:00:00,Annual,Percentage of households,All types without dependent children,Netherlands,2024,98.87,,
ESTAT:ISOC_CI_IN_H(1.0),16/12/25 11:00:00,Annual,Percentage of households,All types without dependent children,Netherlands,2025,99.15,,
ESTAT:ISOC_CI_IN_H(1.0),16/12/25 11:00:00,Annual,Percentage of households,All types without dependent children,Norway,2003,52.04,,
ESTAT:ISOC_CI_IN_H(1.0),16/12/25 11:00:00,Annual,Percentage of households,All types without dependent children,Norway,2004,49.40,,
ESTAT:ISOC_CI_IN_H(1.0),16/12/25 11:00:00,Annual,Percentage of households,All types without dependent children,Norway,2005,58.13,,
ESTAT:ISOC_CI_IN_H(1.0),16/12/25 11:00:00,Annual,Percentage of households,All types without dependent children,Norway,2006,62.56,,
ESTAT:ISOC_CI_IN_H(1.0),16/12/25 11:00:00,Annual,Percentage of households,All types without dependent children,Norway,2007,71.83,,
ESTAT:ISOC_CI_IN_H(1.0),16/12/25 11:00:00,Annual,Percentage of households,All types without dependent children,Norway,2008,76.99,,
ESTAT:ISOC_CI_IN_H(1.0),16/12/25 11:00:00,Annual,Percentage of households,All types without dependent children,Norway,2009,79.85,,
ESTAT:ISOC_CI_IN_H(1.0),16/12/25 11:00:00,Annual,Percentage of households,All types without dependent children,Norway,2010,85.94,,
ESTAT:ISOC_CI_IN_H(1.0),16/12/25 11:00:00,Annual,Percentage of households,All types without dependent children,Norway,2011,89.08,,
ESTAT:ISOC_CI_IN_H(1.0),16/12/25 11:00:00,Annual,Percentage of households,All types without dependent children,Norway,2012,89.79,,
ESTAT:ISOC_CI_IN_H(1.0),16/12/25 11:00:00,Annual,Percentage of households,All types without dependent children,Norway,2013,92.54,,
ESTAT:ISOC_CI_IN_H(1.0),16/12/25 11:00:00,Annual,Percentage of households,All types without dependent children,Norway,2014,90.92,,
ESTAT:ISOC_CI_IN_H(1.0),16/12/25 11:00:00,Annual,Percentage of households,All types without dependent children,Norway,2015,95.86,,
ESTAT:ISOC_CI_IN_H(1.0),16/12/25 11:00:00,Annual,Percentage of households,All types without dependent children,Norway,2016,96.12,,
ESTAT:ISOC_CI_IN_H(1.0),16/12/25 11:00:00,Annual,Percentage of households,All types without dependent children,Norway,2017,95.69,,
ESTAT:ISOC_CI_IN_H(1.0),16/12/25 11:00:00,Annual,Percentage of households,All types without dependent children,Norway,2018,94.84,,
ESTAT:ISOC_CI_IN_H(1.0),16/12/25 11:00:00,Annual,Percentage of households,All types without dependent children,Norway,2019,97.89,,
ESTAT:ISOC_CI_IN_H(1.0),16/12/25 11:00:00,Annual,Percentage of households,All types without dependent children,Norway,2020,95.06,,
ESTAT:ISOC_CI_IN_H(1.0),16/12/25 11:00:00,Annual,Percentage of households,All types without dependent children,Norway,2021,98.74,,
ESTAT:ISOC_CI_IN_H(1.0),16/12/25 11:00:00,Annual,Percentage of households,All types without dependent children,Norway,2022,98.71,,
ESTAT:ISOC_CI_IN_H(1.0),16/12/25 11:00:00,Annual,Percentage of households,All types without dependent children,Norway,2023,99.01,,
ESTAT:ISOC_CI_IN_H(1.0),16/12/25 11:00:00,Annual,Percentage of households,All types without dependent children,Norway,2024,97.97,,
ESTAT:ISOC_CI_IN_H(1.0),16/12/25 11:00:00,Annual,Percentage of households,All types without dependent children,Norway,2025,98.99,,
ESTAT:ISOC_CI_IN_H(1.0),16/12/25 11:00:00,Annual,Percentage of households,All types without dependent children,Poland,2004,18.68,,
ESTAT:ISOC_CI_IN_H(1.0),16/12/25 11:00:00,Annual,Percentage of households,All types without dependent children,Poland,2005,27.10,,
ESTAT:ISOC_CI_IN_H(1.0),16/12/25 11:00:00,Annual,Percentage of households,All types without dependent children,Poland,2006,30.74,,
ESTAT:ISOC_CI_IN_H(1.0),16/12/25 11:00:00,Annual,Percentage of households,All types without dependent children,Poland,2007,35.36,,
ESTAT:ISOC_CI_IN_H(1.0),16/12/25 11:00:00,Annual,Percentage of households,All types without dependent children,Poland,2008,40.91,,
ESTAT:ISOC_CI_IN_H(1.0),16/12/25 11:00:00,Annual,Percentage of households,All types without dependent children,Poland,2009,50.09,,
ESTAT:ISOC_CI_IN_H(1.0),16/12/25 11:00:00,Annual,Percentage of households,All types without dependent children,Poland,2010,53.72,,
ESTAT:ISOC_CI_IN_H(1.0),16/12/25 11:00:00,Annual,Percentage of households,All types without dependent children,Poland,2011,56.00,,
ESTAT:ISOC_CI_IN_H(1.0),16/12/25 11:00:00,Annual,Percentage of households,All types without dependent children,Poland,2012,60.00,,
ESTAT:ISOC_CI_IN_H(1.0),16/12/25 11:00:00,Annual,Percentage of households,All types without dependent children,Poland,2013,61.17,,
ESTAT:ISOC_CI_IN_H(1.0),16/12/25 11:00:00,Annual,Percentage of households,All types without dependent children,Poland,2014,65.17,,
ESTAT:ISOC_CI_IN_H(1.0),16/12/25 11:00:00,Annual,Percentage of households,All types without dependent children,Poland,2015,66.48,,
ESTAT:ISOC_CI_IN_H(1.0),16/12/25 11:00:00,Annual,Percentage of households,All types without dependent children,Poland,2016,71.90,,
ESTAT:ISOC_CI_IN_H(1.0),16/12/25 11:00:00,Annual,Percentage of households,All types without dependent children,Poland,2017,73.27,,
ESTAT:ISOC_CI_IN_H(1.0),16/12/25 11:00:00,Annual,Percentage of households,All types without dependent children,Poland,2018,77.00,,
ESTAT:ISOC_CI_IN_H(1.0),16/12/25 11:00:00,Annual,Percentage of households,All types without dependent children,Poland,2019,80.44,,
ESTAT:ISOC_CI_IN_H(1.0),16/12/25 11:00:00,Annual,Percentage of households,All types without dependent children,Poland,2020,85.94,,
ESTAT:ISOC_CI_IN_H(1.0),16/12/25 11:00:00,Annual,Percentage of households,All types without dependent children,Poland,2021,88.84,,
ESTAT:ISOC_CI_IN_H(1.0),16/12/25 11:00:00,Annual,Percentage of households,All types without dependent children,Poland,2022,90.46,,
ESTAT:ISOC_CI_IN_H(1.0),16/12/25 11:00:00,Annual,Percentage of households,All types without dependent children,Poland,2023,90.32,,
ESTAT:ISOC_CI_IN_H(1.0),16/12/25 11:00:00,Annual,Percentage of households,All types without dependent children,Poland,2024,94.25,,
ESTAT:ISOC_CI_IN_H(1.0),16/12/25 11:00:00,Annual,Percentage of households,All types without dependent children,Poland,2025,94.95,,
ESTAT:ISOC_CI_IN_H(1.0),16/12/25 11:00:00,Annual,Percentage of households,All types without dependent children,Portugal,2003,13.75,,
ESTAT:ISOC_CI_IN_H(1.0),16/12/25 11:00:00,Annual,Percentage of households,All types without dependent children,Portugal,2004,16.32,,
ESTAT:ISOC_CI_IN_H(1.0),16/12/25 11:00:00,Annual,Percentage of households,All types without dependent children,Portugal,2005,28.67,,
ESTAT:ISOC_CI_IN_H(1.0),16/12/25 11:00:00,Annual,Percentage of households,All types without dependent children,Portugal,2006,30.04,,
ESTAT:ISOC_CI_IN_H(1.0),16/12/25 11:00:00,Annual,Percentage of households,All types without dependent children,Portugal,2007,33.48,,
ESTAT:ISOC_CI_IN_H(1.0),16/12/25 11:00:00,Annual,Percentage of households,All types without dependent children,Portugal,2008,38.98,,
ESTAT:ISOC_CI_IN_H(1.0),16/12/25 11:00:00,Annual,Percentage of households,All types without dependent children,Portugal,2009,38.62,,
ESTAT:ISOC_CI_IN_H(1.0),16/12/25 11:00:00,Annual,Percentage of households,All types without dependent children,Portugal,2010,44.44,,
ESTAT:ISOC_CI_IN_H(1.0),16/12/25 11:00:00,Annual,Percentage of households,All types without dependent children,Portugal,2011,49.01,,
ESTAT:ISOC_CI_IN_H(1.0),16/12/25 11:00:00,Annual,Percentage of households,All types without dependent children,Portugal,2012,51.82,,
ESTAT:ISOC_CI_IN_H(1.0),16/12/25 11:00:00,Annual,Percentage of households,All types without dependent children,Portugal,2013,52.81,,
ESTAT:ISOC_CI_IN_H(1.0),16/12/25 11:00:00,Annual,Percentage of households,All types without dependent children,Portugal,2014,55.74,,
ESTAT:ISOC_CI_IN_H(1.0),16/12/25 11:00:00,Annual,Percentage of households,All types without dependent children,Portugal,2015,61.87,,
ESTAT:ISOC_CI_IN_H(1.0),16/12/25 11:00:00,Annual,Percentage of households,All types without dependent children,Portugal,2016,66.05,,
ESTAT:ISOC_CI_IN_H(1.0),16/12/25 11:00:00,Annual,Percentage of households,All types without dependent children,Portugal,2017,70.22,,
ESTAT:ISOC_CI_IN_H(1.0),16/12/25 11:00:00,Annual,Percentage of households,All types without dependent children,Portugal,2018,74.56,,
ESTAT:ISOC_CI_IN_H(1.0),16/12/25 11:00:00,Annual,Percentage of households,All types without dependent children,Portugal,2019,76.50,,
ESTAT:ISOC_CI_IN_H(1.0),16/12/25 11:00:00,Annual,Percentage of households,All types without dependent children,Portugal,2020,80.78,,
ESTAT:ISOC_CI_IN_H(1.0),16/12/25 11:00:00,Annual,Percentage of households,All types without dependent children,Portugal,2021,84.82,,
ESTAT:ISOC_CI_IN_H(1.0),16/12/25 11:00:00,Annual,Percentage of households,All types without dependent children,Portugal,2022,85.72,,
ESTAT:ISOC_CI_IN_H(1.0),16/12/25 11:00:00,Annual,Percentage of households,All types without dependent children,Portugal,2023,86.86,,
ESTAT:ISOC_CI_IN_H(1.0),16/12/25 11:00:00,Annual,Percentage of households,All types without dependent children,Portugal,2024,88.64,,
ESTAT:ISOC_CI_IN_H(1.0),16/12/25 11:00:00,Annual,Percentage of households,All types without dependent children,Portugal,2025,88.95,,
ESTAT:ISOC_CI_IN_H(1.0),16/12/25 11:00:00,Annual,Percentage of households,All types without dependent children,Romania,2006,12.24,,
ESTAT:ISOC_CI_IN_H(1.0),16/12/25 11:00:00,Annual,Percentage of households,All types without dependent children,Romania,2007,19.84,,
ESTAT:ISOC_CI_IN_H(1.0),16/12/25 11:00:00,Annual,Percentage of households,All types without dependent children,Romania,2008,25.79,,
ESTAT:ISOC_CI_IN_H(1.0),16/12/25 11:00:00,Annual,Percentage of households,All types without dependent children,Romania,2009,32.73,,
ESTAT:ISOC_CI_IN_H(1.0),16/12/25 11:00:00,Annual,Percentage of households,All types without dependent children,Romania,2010,36.94,,
ESTAT:ISOC_CI_IN_H(1.0),16/12/25 11:00:00,Annual,Percentage of households,All types without dependent children,Romania,2011,40.42,,
ESTAT:ISOC_CI_IN_H(1.0),16/12/25 11:00:00,Annual,Percentage of households,All types without dependent children,Romania,2012,49.61,,
ESTAT:ISOC_CI_IN_H(1.0),16/12/25 11:00:00,Annual,Percentage of households,All types without dependent children,Romania,2013,53.64,,
ESTAT:ISOC_CI_IN_H(1.0),16/12/25 11:00:00,Annual,Percentage of households,All types without dependent children,Romania,2014,54.14,b,
ESTAT:ISOC_CI_IN_H(1.0),16/12/25 11:00:00,Annual,Percentage of households,All types without dependent children,Romania,2015,62.65,,
ESTAT:ISOC_CI_IN_H(1.0),16/12/25 11:00:00,Annual,Percentage of households,All types without dependent children,Romania,2016,66.65,,
ESTAT:ISOC_CI_IN_H(1.0),16/12/25 11:00:00,Annual,Percentage of households,All types without dependent children,Romania,2017,69.71,,
ESTAT:ISOC_CI_IN_H(1.0),16/12/25 11:00:00,Annual,Percentage of households,All types without dependent children,Romania,2018,75.37,,
ESTAT:ISOC_CI_IN_H(1.0),16/12/25 11:00:00,Annual,Percentage of households,All types without dependent children,Romania,2019,78.55,,
ESTAT:ISOC_CI_IN_H(1.0),16/12/25 11:00:00,Annual,Percentage of households,All types without dependent children,Romania,2020,82.04,,
ESTAT:ISOC_CI_IN_H(1.0),16/12/25 11:00:00,Annual,Percentage of households,All types without dependent children,Romania,2021,84.03,,
ESTAT:ISOC_CI_IN_H(1.0),16/12/25 11:00:00,Annual,Percentage of households,All types without dependent children,Romania,2022,86.13,,
ESTAT:ISOC_CI_IN_H(1.0),16/12/25 11:00:00,Annual,Percentage of households,All types without dependent children,Romania,2023,88.66,,
ESTAT:ISOC_CI_IN_H(1.0),16/12/25 11:00:00,Annual,Percentage of households,All types without dependent children,Romania,2024,92.65,,
ESTAT:ISOC_CI_IN_H(1.0),16/12/25 11:00:00,Annual,Percentage of households,All types without dependent children,Romania,2025,94.10,,
ESTAT:ISOC_CI_IN_H(1.0),16/12/25 11:00:00,Annual,Percentage of households,All types without dependent children,Serbia,2015,52.70,,
ESTAT:ISOC_CI_IN_H(1.0),16/12/25 11:00:00,Annual,Percentage of households,All types without dependent children,Serbia,2017,59.91,,
ESTAT:ISOC_CI_IN_H(1.0),16/12/25 11:00:00,Annual,Percentage of households,All types without dependent children,Serbia,2018,66.77,,
ESTAT:ISOC_CI_IN_H(1.0),16/12/25 11:00:00,Annual,Percentage of households,All types without dependent children,Serbia,2019,73.98,,
ESTAT:ISOC_CI_IN_H(1.0),16/12/25 11:00:00,Annual,Percentage of households,All types without dependent children,Serbia,2020,75.32,,
ESTAT:ISOC_CI_IN_H(1.0),16/12/25 11:00:00,Annual,Percentage of households,All types without dependent children,Serbia,2021,77.00,,
ESTAT:ISOC_CI_IN_H(1.0),16/12/25 11:00:00,Annual,Percentage of households,All types without dependent children,Serbia,2022,79.16,,
ESTAT:ISOC_CI_IN_H(1.0),16/12/25 11:00:00,Annual,Percentage of households,All types without dependent children,Serbia,2023,90.13,,
ESTAT:ISOC_CI_IN_H(1.0),16/12/25 11:00:00,Annual,Percentage of households,All types without dependent children,Serbia,2024,86.82,,
ESTAT:ISOC_CI_IN_H(1.0),16/12/25 11:00:00,Annual,Percentage of households,All types without dependent children,Serbia,2025,88.21,,
ESTAT:ISOC_CI_IN_H(1.0),16/12/25 11:00:00,Annual,Percentage of households,All types without dependent children,Sweden,2005,66.20,,
ESTAT:ISOC_CI_IN_H(1.0),16/12/25 11:00:00,Annual,Percentage of households,All types without dependent children,Sweden,2006,72.05,,
ESTAT:ISOC_CI_IN_H(1.0),16/12/25 11:00:00,Annual,Percentage of households,All types without dependent children,Sweden,2007,73.70,,
ESTAT:ISOC_CI_IN_H(1.0),16/12/25 11:00:00,Annual,Percentage of households,All types without dependent children,Sweden,2008,80.46,,
ESTAT:ISOC_CI_IN_H(1.0),16/12/25 11:00:00,Annual,Percentage of households,All types without dependent children,Sweden,2009,82.16,,
ESTAT:ISOC_CI_IN_H(1.0),16/12/25 11:00:00,Annual,Percentage of households,All types without dependent children,Sweden,2010,84.89,,
ESTAT:ISOC_CI_IN_H(1.0),16/12/25 11:00:00,Annual,Percentage of households,All types without dependent children,Sweden,2011,87.73,,
ESTAT:ISOC_CI_IN_H(1.0),16/12/25 11:00:00,Annual,Percentage of households,All types without dependent children,Sweden,2012,88.54,,
ESTAT:ISOC_CI_IN_H(1.0),16/12/25 11:00:00,Annual,Percentage of households,All types without dependent children,Sweden,2013,89.92,,
ESTAT:ISOC_CI_IN_H(1.0),16/12/25 11:00:00,Annual,Percentage of households,All types without dependent children,Sweden,2014,86.43,,
ESTAT:ISOC_CI_IN_H(1.0),16/12/25 11:00:00,Annual,Percentage of households,All types without dependent children,Sweden,2015,88.72,,
ESTAT:ISOC_CI_IN_H(1.0),16/12/25 11:00:00,Annual,Percentage of households,All types without dependent children,Sweden,2016,92.37,b,
ESTAT:ISOC_CI_IN_H(1.0),16/12/25 11:00:00,Annual,Percentage of households,All types without dependent children,Sweden,2017,93.27,,
ESTAT:ISOC_CI_IN_H(1.0),16/12/25 11:00:00,Annual,Percentage of households,All types without dependent children,Sweden,2018,91.26,,
ESTAT:ISOC_CI_IN_H(1.0),16/12/25 11:00:00,Annual,Percentage of households,All types without dependent children,Sweden,2019,95.00,,
ESTAT:ISOC_CI_IN_H(1.0),16/12/25 11:00:00,Annual,Percentage of households,All types without dependent children,Sweden,2020,92.03,,
ESTAT:ISOC_CI_IN_H(1.0),16/12/25 11:00:00,Annual,Percentage of households,All types without dependent children,Sweden,2021,92.57,,
ESTAT:ISOC_CI_IN_H(1.0),16/12/25 11:00:00,Annual,Percentage of households,All types without dependent children,Sweden,2022,93.59,,
ESTAT:ISOC_CI_IN_H(1.0),16/12/25 11:00:00,Annual,Percentage of households,All types without dependent children,Sweden,2023,94.18,,
ESTAT:ISOC_CI_IN_H(1.0),16/12/25 11:00:00,Annual,Percentage of households,All types without dependent children,Sweden,2024,95.09,,
ESTAT:ISOC_CI_IN_H(1.0),16/12/25 11:00:00,Annual,Percentage of households,All types without dependent children,Sweden,2025,96.02,,
ESTAT:ISOC_CI_IN_H(1.0),16/12/25 11:00:00,Annual,Percentage of households,All types without dependent children,Slovenia,2004,27.99,,
ESTAT:ISOC_CI_IN_H(1.0),16/12/25 11:00:00,Annual,Percentage of households,All types without dependent children,Slovenia,2005,,u,
ESTAT:ISOC_CI_IN_H(1.0),16/12/25 11:00:00,Annual,Percentage of households,All types without dependent children,Slovenia,2006,46.50,,
ESTAT:ISOC_CI_IN_H(1.0),16/12/25 11:00:00,Annual,Percentage of households,All types without dependent children,Slovenia,2007,48.35,,
ESTAT:ISOC_CI_IN_H(1.0),16/12/25 11:00:00,Annual,Percentage of households,All types without dependent children,Slovenia,2008,49.53,,
ESTAT:ISOC_CI_IN_H(1.0),16/12/25 11:00:00,Annual,Percentage of households,All types without dependent children,Slovenia,2009,55.74,,
ESTAT:ISOC_CI_IN_H(1.0),16/12/25 11:00:00,Annual,Percentage of households,All types without dependent children,Slovenia,2010,58.71,,
ESTAT:ISOC_CI_IN_H(1.0),16/12/25 11:00:00,Annual,Percentage of households,All types without dependent children,Slovenia,2011,65.20,,
ESTAT:ISOC_CI_IN_H(1.0),16/12/25 11:00:00,Annual,Percentage of households,All types without dependent children,Slovenia,2012,66.28,,
ESTAT:ISOC_CI_IN_H(1.0),16/12/25 11:00:00,Annual,Percentage of households,All types without dependent children,Slovenia,2013,68.53,,
ESTAT:ISOC_CI_IN_H(1.0),16/12/25 11:00:00,Annual,Percentage of households,All types without dependent children,Slovenia,2014,70.00,,
ESTAT:ISOC_CI_IN_H(1.0),16/12/25 11:00:00,Annual,Percentage of households,All types without dependent children,Slovenia,2015,70.08,,
ESTAT:ISOC_CI_IN_H(1.0),16/12/25 11:00:00,Annual,Percentage of households,All types without dependent children,Slovenia,2016,71.71,,
ESTAT:ISOC_CI_IN_H(1.0),16/12/25 11:00:00,Annual,Percentage of households,All types without dependent children,Slovenia,2017,75.38,,
ESTAT:ISOC_CI_IN_H(1.0),16/12/25 11:00:00,Annual,Percentage of households,All types without dependent children,Slovenia,2018,81.69,,
ESTAT:ISOC_CI_IN_H(1.0),16/12/25 11:00:00,Annual,Percentage of households,All types without dependent children,Slovenia,2019,85.44,,
ESTAT:ISOC_CI_IN_H(1.0),16/12/25 11:00:00,Annual,Percentage of households,All types without dependent children,Slovenia,2020,86.75,,
ESTAT:ISOC_CI_IN_H(1.0),16/12/25 11:00:00,Annual,Percentage of households,All types without dependent children,Slovenia,2021,91.27,,
ESTAT:ISOC_CI_IN_H(1.0),16/12/25 11:00:00,Annual,Percentage of households,All types without dependent children,Slovenia,2022,90.17,,
ESTAT:ISOC_CI_IN_H(1.0),16/12/25 11:00:00,Annual,Percentage of households,All types without dependent children,Slovenia,2023,91.72,,
ESTAT:ISOC_CI_IN_H(1.0),16/12/25 11:00:00,Annual,Percentage of households,All types without dependent children,Slovenia,2024,92.20,,
ESTAT:ISOC_CI_IN_H(1.0),16/12/25 11:00:00,Annual,Percentage of households,All types without dependent children,Slovenia,2025,91.51,,
ESTAT:ISOC_CI_IN_H(1.0),16/12/25 11:00:00,Annual,Percentage of households,All types without dependent children,Slovakia,2004,18.79,,
ESTAT:ISOC_CI_IN_H(1.0),16/12/25 11:00:00,Annual,Percentage of households,All types without dependent children,Slovakia,2005,16.70,,
ESTAT:ISOC_CI_IN_H(1.0),16/12/25 11:00:00,Annual,Percentage of households,All types without dependent children,Slovakia,2006,22.98,,
ESTAT:ISOC_CI_IN_H(1.0),16/12/25 11:00:00,Annual,Percentage of households,All types without dependent children,Slovakia,2007,39.28,,
ESTAT:ISOC_CI_IN_H(1.0),16/12/25 11:00:00,Annual,Percentage of households,All types without dependent children,Slovakia,2008,50.71,,
ESTAT:ISOC_CI_IN_H(1.0),16/12/25 11:00:00,Annual,Percentage of households,All types without dependent children,Slovakia,2009,53.97,,
ESTAT:ISOC_CI_IN_H(1.0),16/12/25 11:00:00,Annual,Percentage of households,All types without dependent children,Slovakia,2010,59.87,,
ESTAT:ISOC_CI_IN_H(1.0),16/12/25 11:00:00,Annual,Percentage of households,All types without dependent children,Slovakia,2011,63.41,,
ESTAT:ISOC_CI_IN_H(1.0),16/12/25 11:00:00,Annual,Percentage of households,All types without dependent children,Slovakia,2012,68.75,,
ESTAT:ISOC_CI_IN_H(1.0),16/12/25 11:00:00,Annual,Percentage of households,All types without dependent children,Slovakia,2013,71.20,,
ESTAT:ISOC_CI_IN_H(1.0),16/12/25 11:00:00,Annual,Percentage of households,All types without dependent children,Slovakia,2014,71.63,,
ESTAT:ISOC_CI_IN_H(1.0),16/12/25 11:00:00,Annual,Percentage of households,All types without dependent children,Slovakia,2015,73.47,,
ESTAT:ISOC_CI_IN_H(1.0),16/12/25 11:00:00,Annual,Percentage of households,All types without dependent children,Slovakia,2016,75.06,,
ESTAT:ISOC_CI_IN_H(1.0),16/12/25 11:00:00,Annual,Percentage of households,All types without dependent children,Slovakia,2017,75.53,,
ESTAT:ISOC_CI_IN_H(1.0),16/12/25 11:00:00,Annual,Percentage of households,All types without dependent children,Slovakia,2018,76.07,,
ESTAT:ISOC_CI_IN_H(1.0),16/12/25 11:00:00,Annual,Percentage of households,All types without dependent children,Slovakia,2019,77.10,,
ESTAT:ISOC_CI_IN_H(1.0),16/12/25 11:00:00,Annual,Percentage of households,All types without dependent children,Slovakia,2020,83.68,,
ESTAT:ISOC_CI_IN_H(1.0),16/12/25 11:00:00,Annual,Percentage of households,All types without dependent children,Slovakia,2021,87.07,,
ESTAT:ISOC_CI_IN_H(1.0),16/12/25 11:00:00,Annual,Percentage of households,All types without dependent children,Slovakia,2022,87.25,,
ESTAT:ISOC_CI_IN_H(1.0),16/12/25 11:00:00,Annual,Percentage of households,All types without dependent children,Slovakia,2023,87.37,,
ESTAT:ISOC_CI_IN_H(1.0),16/12/25 11:00:00,Annual,Percentage of households,All types without dependent children,Slovakia,2024,88.13,,
ESTAT:ISOC_CI_IN_H(1.0),16/12/25 11:00:00,Annual,Percentage of households,All types without dependent children,Slovakia,2025,90.79,,
ESTAT:ISOC_CI_IN_H(1.0),16/12/25 11:00:00,Annual,Percentage of households,All types without dependent children,Türkiye,2004,6.07,,
ESTAT:ISOC_CI_IN_H(1.0),16/12/25 11:00:00,Annual,Percentage of households,All types without dependent children,Türkiye,2007,19.49,,
ESTAT:ISOC_CI_IN_H(1.0),16/12/25 11:00:00,Annual,Percentage of households,All types without dependent children,Türkiye,2008,25.75,,
ESTAT:ISOC_CI_IN_H(1.0),16/12/25 11:00:00,Annual,Percentage of households,All types without dependent children,Türkiye,2009,29.80,,
ESTAT:ISOC_CI_IN_H(1.0),16/12/25 11:00:00,Annual,Percentage of households,All types without dependent children,Türkiye,2010,40.51,,
ESTAT:ISOC_CI_IN_H(1.0),16/12/25 11:00:00,Annual,Percentage of households,All types without dependent children,Türkiye,2012,45.85,,
ESTAT:ISOC_CI_IN_H(1.0),16/12/25 11:00:00,Annual,Percentage of households,All types without dependent children,Türkiye,2013,46.06,,
ESTAT:ISOC_CI_IN_H(1.0),16/12/25 11:00:00,Annual,Percentage of households,All types without dependent children,Türkiye,2020,85.32,,
ESTAT:ISOC_CI_IN_H(1.0),16/12/25 11:00:00,Annual,Percentage of households,All types without dependent children,Türkiye,2022,90.35,,
ESTAT:ISOC_CI_IN_H(1.0),16/12/25 11:00:00,Annual,Percentage of households,All types without dependent children,Türkiye,2023,92.64,,
ESTAT:ISOC_CI_IN_H(1.0),16/12/25 11:00:00,Annual,Percentage of households,All types without dependent children,Türkiye,2024,94.24,,
ESTAT:ISOC_CI_IN_H(1.0),16/12/25 11:00:00,Annual,Percentage of households,All types without dependent children,Türkiye,2025,93.85,,
ESTAT:ISOC_CI_IN_H(1.0),16/12/25 11:00:00,Annual,Percentage of households,All types without dependent children,United Kingdom,2002,42.98,,
ESTAT:ISOC_CI_IN_H(1.0),16/12/25 11:00:00,Annual,Percentage of households,All types without dependent children,United Kingdom,2003,48.58,,
ESTAT:ISOC_CI_IN_H(1.0),16/12/25 11:00:00,Annual,Percentage of households,All types without dependent children,United Kingdom,2004,48.07,,
ESTAT:ISOC_CI_IN_H(1.0),16/12/25 11:00:00,Annual,Percentage of households,All types without dependent children,United Kingdom,2005,54.67,,
ESTAT:ISOC_CI_IN_H(1.0),16/12/25 11:00:00,Annual,Percentage of households,All types without dependent children,United Kingdom,2006,56.73,,
ESTAT:ISOC_CI_IN_H(1.0),16/12/25 11:00:00,Annual,Percentage of households,All types without dependent children,United Kingdom,2007,63.11,,
ESTAT:ISOC_CI_IN_H(1.0),16/12/25 11:00:00,Annual,Percentage of households,All types without dependent children,United Kingdom,2008,66.85,,
ESTAT:ISOC_CI_IN_H(1.0),16/12/25 11:00:00,Annual,Percentage of households,All types without dependent children,United Kingdom,2009,71.63,,
ESTAT:ISOC_CI_IN_H(1.0),16/12/25 11:00:00,Annual,Percentage of households,All types without dependent children,United Kingdom,2010,74.88,,
ESTAT:ISOC_CI_IN_H(1.0),16/12/25 11:00:00,Annual,Percentage of households,All types without dependent children,United Kingdom,2011,77.97,,
ESTAT:ISOC_CI_IN_H(1.0),16/12/25 11:00:00,Annual,Percentage of households,All types without dependent children,United Kingdom,2012,83.39,,
ESTAT:ISOC_CI_IN_H(1.0),16/12/25 11:00:00,Annual,Percentage of households,All types without dependent children,United Kingdom,2013,88.05,,
ESTAT:ISOC_CI_IN_H(1.0),16/12/25 11:00:00,Annual,Percentage of households,All types without dependent children,United Kingdom,2014,87.65,,
ESTAT:ISOC_CI_IN_H(1.0),16/12/25 11:00:00,Annual,Percentage of households,All types without dependent children,United Kingdom,2015,88.79,,
ESTAT:ISOC_CI_IN_H(1.0),16/12/25 11:00:00,Annual,Percentage of households,All types without dependent children,United Kingdom,2016,91.34,,
ESTAT:ISOC_CI_IN_H(1.0),16/12/25 11:00:00,Annual,Percentage of households,All types without dependent children,United Kingdom,2017,92.27,,
ESTAT:ISOC_CI_IN_H(1.0),16/12/25 11:00:00,Annual,Percentage of households,All types without dependent children,United Kingdom,2018,92.87,,
ESTAT:ISOC_CI_IN_H(1.0),16/12/25 11:00:00,Annual,Percentage of households,All types without dependent children,United Kingdom,2019,94.31,,
ESTAT:ISOC_CI_IN_H(1.0),16/12/25 11:00:00,Annual,Percentage of households,All types without dependent children,United Kingdom,2020,96.17,,
ESTAT:ISOC_CI_IN_H(1.0),16/12/25 11:00:00,Annual,Percentage of households,All types without dependent children,Kosovo*,2017,87.60,,
ESTAT:ISOC_CI_IN_H(1.0),16/12/25 11:00:00,Annual,Percentage of households,All types without dependent children,Kosovo*,2018,92.13,,
ESTAT:ISOC_CI_IN_H(1.0),16/12/25 11:00:00,Annual,Percentage of households,All types without dependent children,Kosovo*,2019,92.19,,
ESTAT:ISOC_CI_IN_H(1.0),16/12/25 11:00:00,Annual,Percentage of households,All types without dependent children,Kosovo*,2020,95.01,,
ESTAT:ISOC_CI_IN_H(1.0),16/12/25 11:00:00,Annual,Percentage of households,All types without dependent children,Kosovo*,2024,98.41,,
ESTAT:ISOC_CI_IN_H(1.0),16/12/25 11:00:00,Annual,Percentage of households,Total,Albania,2018,83.64,,
ESTAT:ISOC_CI_IN_H(1.0),16/12/25 11:00:00,Annual,Percentage of households,Total,Albania,2019,85.45,,
ESTAT:ISOC_CI_IN_H(1.0),16/12/25 11:00:00,Annual,Percentage of households,Total,Albania,2020,87.15,,
ESTAT:ISOC_CI_IN_H(1.0),16/12/25 11:00:00,Annual,Percentage of households,Total,Albania,2021,90.87,,
ESTAT:ISOC_CI_IN_H(1.0),16/12/25 11:00:00,Annual,Percentage of households,Total,Albania,2022,98.44,,
ESTAT:ISOC_CI_IN_H(1.0),16/12/25 11:00:00,Annual,Percentage of households,Total,Albania,2023,97.72,,
ESTAT:ISOC_CI_IN_H(1.0),16/12/25 11:00:00,Annual,Percentage of households,Total,Albania,2024,98.15,,
ESTAT:ISOC_CI_IN_H(1.0),16/12/25 11:00:00,Annual,Percentage of households,Total,Austria,2002,33.47,,
ESTAT:ISOC_CI_IN_H(1.0),16/12/25 11:00:00,Annual,Percentage of households,Total,Austria,2003,37.37,,
ESTAT:ISOC_CI_IN_H(1.0),16/12/25 11:00:00,Annual,Percentage of households,Total,Austria,2004,44.65,,
ESTAT:ISOC_CI_IN_H(1.0),16/12/25 11:00:00,Annual,Percentage of households,Total,Austria,2005,46.69,,
ESTAT:ISOC_CI_IN_H(1.0),16/12/25 11:00:00,Annual,Percentage of households,Total,Austria,2006,52.30,,
ESTAT:ISOC_CI_IN_H(1.0),16/12/25 11:00:00,Annual,Percentage of households,Total,Austria,2007,59.62,,
ESTAT:ISOC_CI_IN_H(1.0),16/12/25 11:00:00,Annual,Percentage of households,Total,Austria,2008,68.92,,
ESTAT:ISOC_CI_IN_H(1.0),16/12/25 11:00:00,Annual,Percentage of households,Total,Austria,2009,69.75,,
ESTAT:ISOC_CI_IN_H(1.0),16/12/25 11:00:00,Annual,Percentage of households,Total,Austria,2010,72.89,,
ESTAT:ISOC_CI_IN_H(1.0),16/12/25 11:00:00,Annual,Percentage of households,Total,Austria,2011,75.44,,
ESTAT:ISOC_CI_IN_H(1.0),16/12/25 11:00:00,Annual,Percentage of households,Total,Austria,2012,79.28,,
ESTAT:ISOC_CI_IN_H(1.0),16/12/25 11:00:00,Annual,Percentage of households,Total,Austria,2013,80.86,,
ESTAT:ISOC_CI_IN_H(1.0),16/12/25 11:00:00,Annual,Percentage of households,Total,Austria,2014,80.99,,
ESTAT:ISOC_CI_IN_H(1.0),16/12/25 11:00:00,Annual,Percentage of households,Total,Austria,2015,82.42,,
ESTAT:ISOC_CI_IN_H(1.0),16/12/25 11:00:00,Annual,Percentage of households,Total,Austria,2016,85.09,,
ESTAT:ISOC_CI_IN_H(1.0),16/12/25 11:00:00,Annual,Percentage of households,Total,Austria,2017,88.79,,
ESTAT:ISOC_CI_IN_H(1.0),16/12/25 11:00:00,Annual,Percentage of households,Total,Austria,2018,88.78,,
ESTAT:ISOC_CI_IN_H(1.0),16/12/25 11:00:00,Annual,Percentage of households,Total,Austria,2019,89.91,,
ESTAT:ISOC_CI_IN_H(1.0),16/12/25 11:00:00,Annual,Percentage of households,Total,Austria,2020,90.40,,
ESTAT:ISOC_CI_IN_H(1.0),16/12/25 11:00:00,Annual,Percentage of households,Total,Austria,2021,95.00,,
ESTAT:ISOC_CI_IN_H(1.0),16/12/25 11:00:00,Annual,Percentage of households,Total,Austria,2022,93.15,,
ESTAT:ISOC_CI_IN_H(1.0),16/12/25 11:00:00,Annual,Percentage of households,Total,Austria,2023,94.98,,
ESTAT:ISOC_CI_IN_H(1.0),16/12/25 11:00:00,Annual,Percentage of households,Total,Austria,2024,94.96,,
ESTAT:ISOC_CI_IN_H(1.0),16/12/25 11:00:00,Annual,Percentage of households,Total,Austria,2025,95.45,,
ESTAT:ISOC_CI_IN_H(1.0),16/12/25 11:00:00,Annual,Percentage of households,Total,Bosnia and Herzegovina,2018,69.19,,
ESTAT:ISOC_CI_IN_H(1.0),16/12/25 11:00:00,Annual,Percentage of households,Total,Bosnia and Herzegovina,2019,72.03,,
ESTAT:ISOC_CI_IN_H(1.0),16/12/25 11:00:00,Annual,Percentage of households,Total,Bosnia and Herzegovina,2020,72.84,,
ESTAT:ISOC_CI_IN_H(1.0),16/12/25 11:00:00,Annual,Percentage of households,Total,Bosnia and Herzegovina,2021,75.49,,
ESTAT:ISOC_CI_IN_H(1.0),16/12/25 11:00:00,Annual,Percentage of households,Total,Bosnia and Herzegovina,2023,81.55,,
ESTAT:ISOC_CI_IN_H(1.0),16/12/25 11:00:00,Annual,Percentage of households,Total,Bosnia and Herzegovina,2024,84.19,,
ESTAT:ISOC_CI_IN_H(1.0),16/12/25 11:00:00,Annual,Percentage of households,Total,Bosnia and Herzegovina,2025,88.22,,
ESTAT:ISOC_CI_IN_H(1.0),16/12/25 11:00:00,Annual,Percentage of households,Total,Belgium,2005,50.16,,
ESTAT:ISOC_CI_IN_H(1.0),16/12/25 11:00:00,Annual,Percentage of households,Total,Belgium,2006,53.96,,
ESTAT:ISOC_CI_IN_H(1.0),16/12/25 11:00:00,Annual,Percentage of households,Total,Belgium,2007,60.16,,
ESTAT:ISOC_CI_IN_H(1.0),16/12/25 11:00:00,Annual,Percentage of households,Total,Belgium,2008,63.63,,
ESTAT:ISOC_CI_IN_H(1.0),16/12/25 11:00:00,Annual,Percentage of households,Total,Belgium,2009,67.44,,
ESTAT:ISOC_CI_IN_H(1.0),16/12/25 11:00:00,Annual,Percentage of households,Total,Belgium,2010,72.74,,
ESTAT:ISOC_CI_IN_H(1.0),16/12/25 11:00:00,Annual,Percentage of households,Total,Belgium,2011,76.51,,
ESTAT:ISOC_CI_IN_H(1.0),16/12/25 11:00:00,Annual,Percentage of households,Total,Belgium,2012,77.71,,
ESTAT:ISOC_CI_IN_H(1.0),16/12/25 11:00:00,Annual,Percentage of households,Total,Belgium,2013,80.05,,
ESTAT:ISOC_CI_IN_H(1.0),16/12/25 11:00:00,Annual,Percentage of households,Total,Belgium,2014,82.80,,
ESTAT:ISOC_CI_IN_H(1.0),16/12/25 11:00:00,Annual,Percentage of households,Total,Belgium,2015,81.83,,
ESTAT:ISOC_CI_IN_H(1.0),16/12/25 11:00:00,Annual,Percentage of households,Total,Belgium,2016,84.79,,
ESTAT:ISOC_CI_IN_H(1.0),16/12/25 11:00:00,Annual,Percentage of households,Total,Belgium,2017,85.97,,
ESTAT:ISOC_CI_IN_H(1.0),16/12/25 11:00:00,Annual,Percentage of households,Total,Belgium,2018,87.27,,
ESTAT:ISOC_CI_IN_H(1.0),16/12/25 11:00:00,Annual,Percentage of households,Total,Belgium,2019,89.73,,
ESTAT:ISOC_CI_IN_H(1.0),16/12/25 11:00:00,Annual,Percentage of households,Total,Belgium,2020,90.86,,
ESTAT:ISOC_CI_IN_H(1.0),16/12/25 11:00:00,Annual,Percentage of households,Total,Belgium,2021,91.97,,
ESTAT:ISOC_CI_IN_H(1.0),16/12/25 11:00:00,Annual,Percentage of households,Total,Belgium,2022,94.44,,
ESTAT:ISOC_CI_IN_H(1.0),16/12/25 11:00:00,Annual,Percentage of households,Total,Belgium,2023,94.48,,
ESTAT:ISOC_CI_IN_H(1.0),16/12/25 11:00:00,Annual,Percentage of households,Total,Belgium,2024,94.62,,
ESTAT:ISOC_CI_IN_H(1.0),16/12/25 11:00:00,Annual,Percentage of households,Total,Belgium,2025,93.10,,
ESTAT:ISOC_CI_IN_H(1.0),16/12/25 11:00:00,Annual,Percentage of households,Total,Bulgaria,2004,9.65,,
ESTAT:ISOC_CI_IN_H(1.0),16/12/25 11:00:00,Annual,Percentage of households,Total,Bulgaria,2006,17.01,,
ESTAT:ISOC_CI_IN_H(1.0),16/12/25 11:00:00,Annual,Percentage of households,Total,Bulgaria,2007,18.96,,
ESTAT:ISOC_CI_IN_H(1.0),16/12/25 11:00:00,Annual,Percentage of households,Total,Bulgaria,2008,25.29,,
ESTAT:ISOC_CI_IN_H(1.0),16/12/25 11:00:00,Annual,Percentage of households,Total,Bulgaria,2009,29.60,,
ESTAT:ISOC_CI_IN_H(1.0),16/12/25 11:00:00,Annual,Percentage of households,Total,Bulgaria,2010,33.11,,
ESTAT:ISOC_CI_IN_H(1.0),16/12/25 11:00:00,Annual,Percentage of households,Total,Bulgaria,2011,45.00,,
ESTAT:ISOC_CI_IN_H(1.0),16/12/25 11:00:00,Annual,Percentage of households,Total,Bulgaria,2012,50.92,,
ESTAT:ISOC_CI_IN_H(1.0),16/12/25 11:00:00,Annual,Percentage of households,Total,Bulgaria,2013,53.71,,
ESTAT:ISOC_CI_IN_H(1.0),16/12/25 11:00:00,Annual,Percentage of households,Total,Bulgaria,2014,56.65,,
ESTAT:ISOC_CI_IN_H(1.0),16/12/25 11:00:00,Annual,Percentage of households,Total,Bulgaria,2015,59.14,,
ESTAT:ISOC_CI_IN_H(1.0),16/12/25 11:00:00,Annual,Percentage of households,Total,Bulgaria,2016,63.54,,
ESTAT:ISOC_CI_IN_H(1.0),16/12/25 11:00:00,Annual,Percentage of households,Total,Bulgaria,2017,67.33,,
ESTAT:ISOC_CI_IN_H(1.0),16/12/25 11:00:00,Annual,Percentage of households,Total,Bulgaria,2018,72.13,,
ESTAT:ISOC_CI_IN_H(1.0),16/12/25 11:00:00,Annual,Percentage of households,Total,Bulgaria,2019,75.07,,
ESTAT:ISOC_CI_IN_H(1.0),16/12/25 11:00:00,Annual,Percentage of households,Total,Bulgaria,2020,78.85,,
ESTAT:ISOC_CI_IN_H(1.0),16/12/25 11:00:00,Annual,Percentage of households,Total,Bulgaria,2021,83.53,,
ESTAT:ISOC_CI_IN_H(1.0),16/12/25 11:00:00,Annual,Percentage of households,Total,Bulgaria,2022,87.31,,
ESTAT:ISOC_CI_IN_H(1.0),16/12/25 11:00:00,Annual,Percentage of households,Total,Bulgaria,2023,88.50,,
ESTAT:ISOC_CI_IN_H(1.0),16/12/25 11:00:00,Annual,Percentage of households,Total,Bulgaria,2024,92.12,,
ESTAT:ISOC_CI_IN_H(1.0),16/12/25 11:00:00,Annual,Percentage of households,Total,Bulgaria,2025,92.82,,
ESTAT:ISOC_CI_IN_H(1.0),16/12/25 11:00:00,Annual,Percentage of households,Total,Switzerland,2014,90.63,,
ESTAT:ISOC_CI_IN_H(1.0),16/12/25 11:00:00,Annual,Percentage of households,Total,Switzerland,2017,93.06,b,
ESTAT:ISOC_CI_IN_H(1.0),16/12/25 11:00:00,Annual,Percentage of households,Total,Switzerland,2019,95.51,,
ESTAT:ISOC_CI_IN_H(1.0),16/12/25 11:00:00,Annual,Percentage of households,Total,Switzerland,2021,98.67,,
ESTAT:ISOC_CI_IN_H(1.0),16/12/25 11:00:00,Annual,Percentage of households,Total,Switzerland,2023,99.66,,
ESTAT:ISOC_CI_IN_H(1.0),16/12/25 11:00:00,Annual,Percentage of households,Total,Switzerland,2025,98.99,,
ESTAT:ISOC_CI_IN_H(1.0),16/12/25 11:00:00,Annual,Percentage of households,Total,Cyprus,2002,24.00,,
ESTAT:ISOC_CI_IN_H(1.0),16/12/25 11:00:00,Annual,Percentage of households,Total,Cyprus,2003,29.00,,
ESTAT:ISOC_CI_IN_H(1.0),16/12/25 11:00:00,Annual,Percentage of households,Total,Cyprus,2004,52.77,,
ESTAT:ISOC_CI_IN_H(1.0),16/12/25 11:00:00,Annual,Percentage of households,Total,Cyprus,2005,31.71,,
ESTAT:ISOC_CI_IN_H(1.0),16/12/25 11:00:00,Annual,Percentage of households,Total,Cyprus,2006,36.67,,
ESTAT:ISOC_CI_IN_H(1.0),16/12/25 11:00:00,Annual,Percentage of households,Total,Cyprus,2007,38.90,,
ESTAT:ISOC_CI_IN_H(1.0),16/12/25 11:00:00,Annual,Percentage of households,Total,Cyprus,2008,42.92,,
ESTAT:ISOC_CI_IN_H(1.0),16/12/25 11:00:00,Annual,Percentage of households,Total,Cyprus,2009,52.76,,
ESTAT:ISOC_CI_IN_H(1.0),16/12/25 11:00:00,Annual,Percentage of households,Total,Cyprus,2010,53.71,,
ESTAT:ISOC_CI_IN_H(1.0),16/12/25 11:00:00,Annual,Percentage of households,Total,Cyprus,2011,57.35,,
ESTAT:ISOC_CI_IN_H(1.0),16/12/25 11:00:00,Annual,Percentage of households,Total,Cyprus,2012,61.82,,
ESTAT:ISOC_CI_IN_H(1.0),16/12/25 11:00:00,Annual,Percentage of households,Total,Cyprus,2013,64.71,,
ESTAT:ISOC_CI_IN_H(1.0),16/12/25 11:00:00,Annual,Percentage of households,Total,Cyprus,2014,68.64,,
ESTAT:ISOC_CI_IN_H(1.0),16/12/25 11:00:00,Annual,Percentage of households,Total,Cyprus,2015,71.21,,
ESTAT:ISOC_CI_IN_H(1.0),16/12/25 11:00:00,Annual,Percentage of households,Total,Cyprus,2016,74.35,,
ESTAT:ISOC_CI_IN_H(1.0),16/12/25 11:00:00,Annual,Percentage of households,Total,Cyprus,2017,79.41,,
ESTAT:ISOC_CI_IN_H(1.0),16/12/25 11:00:00,Annual,Percentage of households,Total,Cyprus,2018,86.17,,
ESTAT:ISOC_CI_IN_H(1.0),16/12/25 11:00:00,Annual,Percentage of households,Total,Cyprus,2019,89.61,,
ESTAT:ISOC_CI_IN_H(1.0),16/12/25 11:00:00,Annual,Percentage of households,Total,Cyprus,2020,92.78,,
ESTAT:ISOC_CI_IN_H(1.0),16/12/25 11:00:00,Annual,Percentage of households,Total,Cyprus,2021,93.41,,
ESTAT:ISOC_CI_IN_H(1.0),16/12/25 11:00:00,Annual,Percentage of households,Total,Cyprus,2022,94.00,,
ESTAT:ISOC_CI_IN_H(1.0),16/12/25 11:00:00,Annual,Percentage of households,Total,Cyprus,2023,92.30,,
ESTAT:ISOC_CI_IN_H(1.0),16/12/25 11:00:00,Annual,Percentage of households,Total,Cyprus,2024,94.92,,
ESTAT:ISOC_CI_IN_H(1.0),16/12/25 11:00:00,Annual,Percentage of households,Total,Cyprus,2025,97.48,,
ESTAT:ISOC_CI_IN_H(1.0),16/12/25 11:00:00,Annual,Percentage of households,Total,Czechia,2003,14.79,,
ESTAT:ISOC_CI_IN_H(1.0),16/12/25 11:00:00,Annual,Percentage of households,Total,Czechia,2004,19.37,,
ESTAT:ISOC_CI_IN_H(1.0),16/12/25 11:00:00,Annual,Percentage of households,Total,Czechia,2005,19.05,,
ESTAT:ISOC_CI_IN_H(1.0),16/12/25 11:00:00,Annual,Percentage of households,Total,Czechia,2006,29.25,,
ESTAT:ISOC_CI_IN_H(1.0),16/12/25 11:00:00,Annual,Percentage of households,Total,Czechia,2007,35.12,,
ESTAT:ISOC_CI_IN_H(1.0),16/12/25 11:00:00,Annual,Percentage of households,Total,Czechia,2008,45.86,,
ESTAT:ISOC_CI_IN_H(1.0),16/12/25 11:00:00,Annual,Percentage of households,Total,Czechia,2009,54.18,,
ESTAT:ISOC_CI_IN_H(1.0),16/12/25 11:00:00,Annual,Percentage of households,Total,Czechia,2010,60.52,,
ESTAT:ISOC_CI_IN_H(1.0),16/12/25 11:00:00,Annual,Percentage of households,Total,Czechia,2011,66.63,,
ESTAT:ISOC_CI_IN_H(1.0),16/12/25 11:00:00,Annual,Percentage of households,Total,Czechia,2012,72.55,,
ESTAT:ISOC_CI_IN_H(1.0),16/12/25 11:00:00,Annual,Percentage of households,Total,Czechia,2013,72.62,,
ESTAT:ISOC_CI_IN_H(1.0),16/12/25 11:00:00,Annual,Percentage of households,Total,Czechia,2014,77.99,,
ESTAT:ISOC_CI_IN_H(1.0),16/12/25 11:00:00,Annual,Percentage of households,Total,Czechia,2015,78.98,,
ESTAT:ISOC_CI_IN_H(1.0),16/12/25 11:00:00,Annual,Percentage of households,Total,Czechia,2016,81.65,,
ESTAT:ISOC_CI_IN_H(1.0),16/12/25 11:00:00,Annual,Percentage of households,Total,Czechia,2017,83.24,,
ESTAT:ISOC_CI_IN_H(1.0),16/12/25 11:00:00,Annual,Percentage of households,Total,Czechia,2018,86.36,,
ESTAT:ISOC_CI_IN_H(1.0),16/12/25 11:00:00,Annual,Percentage of households,Total,Czechia,2019,87.00,,
ESTAT:ISOC_CI_IN_H(1.0),16/12/25 11:00:00,Annual,Percentage of households,Total,Czechia,2020,88.02,,
ESTAT:ISOC_CI_IN_H(1.0),16/12/25 11:00:00,Annual,Percentage of households,Total,Czechia,2021,89.31,,
ESTAT:ISOC_CI_IN_H(1.0),16/12/25 11:00:00,Annual,Percentage of households,Total,Czechia,2022,91.48,,
ESTAT:ISOC_CI_IN_H(1.0),16/12/25 11:00:00,Annual,Percentage of households,Total,Czechia,2023,92.80,,
ESTAT:ISOC_CI_IN_H(1.0),16/12/25 11:00:00,Annual,Percentage of households,Total,Czechia,2024,94.56,,
ESTAT:ISOC_CI_IN_H(1.0),16/12/25 11:00:00,Annual,Percentage of households,Total,Czechia,2025,95.47,,
ESTAT:ISOC_CI_IN_H(1.0),16/12/25 11:00:00,Annual,Percentage of households,Total,Germany,2002,46.14,,
ESTAT:ISOC_CI_IN_H(1.0),16/12/25 11:00:00,Annual,Percentage of households,Total,Germany,2003,54.08,,
ESTAT:ISOC_CI_IN_H(1.0),16/12/25 11:00:00,Annual,Percentage of households,Total,Germany,2004,60.00,,
ESTAT:ISOC_CI_IN_H(1.0),16/12/25 11:00:00,Annual,Percentage of households,Total,Germany,2005,61.64,,
ESTAT:ISOC_CI_IN_H(1.0),16/12/25 11:00:00,Annual,Percentage of households,Total,Germany,2006,67.11,,
ESTAT:ISOC_CI_IN_H(1.0),16/12/25 11:00:00,Annual,Percentage of households,Total,Germany,2007,70.67,,
ESTAT:ISOC_CI_IN_H(1.0),16/12/25 11:00:00,Annual,Percentage of households,Total,Germany,2008,74.88,,
ESTAT:ISOC_CI_IN_H(1.0),16/12/25 11:00:00,Annual,Percentage of households,Total,Germany,2009,79.07,,
ESTAT:ISOC_CI_IN_H(1.0),16/12/25 11:00:00,Annual,Percentage of households,Total,Germany,2010,82.49,,
ESTAT:ISOC_CI_IN_H(1.0),16/12/25 11:00:00,Annual,Percentage of households,Total,Germany,2011,83.25,,
ESTAT:ISOC_CI_IN_H(1.0),16/12/25 11:00:00,Annual,Percentage of households,Total,Germany,2012,85.50,,
ESTAT:ISOC_CI_IN_H(1.0),16/12/25 11:00:00,Annual,Percentage of households,Total,Germany,2013,87.75,,
ESTAT:ISOC_CI_IN_H(1.0),16/12/25 11:00:00,Annual,Percentage of households,Total,Germany,2014,89.47,,
ESTAT:ISOC_CI_IN_H(1.0),16/12/25 11:00:00,Annual,Percentage of households,Total,Germany,2015,90.29,,
ESTAT:ISOC_CI_IN_H(1.0),16/12/25 11:00:00,Annual,Percentage of households,Total,Germany,2016,92.14,,
ESTAT:ISOC_CI_IN_H(1.0),16/12/25 11:00:00,Annual,Percentage of households,Total,Germany,2017,92.86,,
ESTAT:ISOC_CI_IN_H(1.0),16/12/25 11:00:00,Annual,Percentage of households,Total,Germany,2018,94.39,,
ESTAT:ISOC_CI_IN_H(1.0),16/12/25 11:00:00,Annual,Percentage of households,Total,Germany,2019,94.83,,
ESTAT:ISOC_CI_IN_H(1.0),16/12/25 11:00:00,Annual,Percentage of households,Total,Germany,2020,95.80,,
ESTAT:ISOC_CI_IN_H(1.0),16/12/25 11:00:00,Annual,Percentage of households,Total,Germany,2021,91.88,b,
ESTAT:ISOC_CI_IN_H(1.0),16/12/25 11:00:00,Annual,Percentage of households,Total,Germany,2022,91.41,,
ESTAT:ISOC_CI_IN_H(1.0),16/12/25 11:00:00,Annual,Percentage of households,Total,Germany,2023,91.66,,
ESTAT:ISOC_CI_IN_H(1.0),16/12/25 11:00:00,Annual,Percentage of households,Total,Germany,2024,92.65,,
ESTAT:ISOC_CI_IN_H(1.0),16/12/25 11:00:00,Annual,Percentage of households,Total,Germany,2025,93.63,,
ESTAT:ISOC_CI_IN_H(1.0),16/12/25 11:00:00,Annual,Percentage of households,Total,Denmark,2002,55.64,,
ESTAT:ISOC_CI_IN_H(1.0),16/12/25 11:00:00,Annual,Percentage of households,Total,Denmark,2003,64.19,,
ESTAT:ISOC_CI_IN_H(1.0),16/12/25 11:00:00,Annual,Percentage of households,Total,Denmark,2004,69.36,,
ESTAT:ISOC_CI_IN_H(1.0),16/12/25 11:00:00,Annual,Percentage of households,Total,Denmark,2005,74.92,,
ESTAT:ISOC_CI_IN_H(1.0),16/12/25 11:00:00,Annual,Percentage of households,Total,Denmark,2006,78.73,,
ESTAT:ISOC_CI_IN_H(1.0),16/12/25 11:00:00,Annual,Percentage of households,Total,Denmark,2007,78.05,,
ESTAT:ISOC_CI_IN_H(1.0),16/12/25 11:00:00,Annual,Percentage of households,Total,Denmark,2008,81.88,,
ESTAT:ISOC_CI_IN_H(1.0),16/12/25 11:00:00,Annual,Percentage of households,Total,Denmark,2009,82.53,,
ESTAT:ISOC_CI_IN_H(1.0),16/12/25 11:00:00,Annual,Percentage of households,Total,Denmark,2010,86.10,,
ESTAT:ISOC_CI_IN_H(1.0),16/12/25 11:00:00,Annual,Percentage of households,Total,Denmark,2011,90.08,,
ESTAT:ISOC_CI_IN_H(1.0),16/12/25 11:00:00,Annual,Percentage of households,Total,Denmark,2012,92.00,,
ESTAT:ISOC_CI_IN_H(1.0),16/12/25 11:00:00,Annual,Percentage of households,Total,Denmark,2013,92.71,,
ESTAT:ISOC_CI_IN_H(1.0),16/12/25 11:00:00,Annual,Percentage of households,Total,Denmark,2014,93.12,,
ESTAT:ISOC_CI_IN_H(1.0),16/12/25 11:00:00,Annual,Percentage of households,Total,Denmark,2015,91.74,,
ESTAT:ISOC_CI_IN_H(1.0),16/12/25 11:00:00,Annual,Percentage of households,Total,Denmark,2016,94.34,,
ESTAT:ISOC_CI_IN_H(1.0),16/12/25 11:00:00,Annual,Percentage of households,Total,Denmark,2017,97.00,,
ESTAT:ISOC_CI_IN_H(1.0),16/12/25 11:00:00,Annual,Percentage of households,Total,Denmark,2018,92.66,,
ESTAT:ISOC_CI_IN_H(1.0),16/12/25 11:00:00,Annual,Percentage of households,Total,Denmark,2019,95.43,,
ESTAT:ISOC_CI_IN_H(1.0),16/12/25 11:00:00,Annual,Percentage of households,Total,Denmark,2020,95.27,,
ESTAT:ISOC_CI_IN_H(1.0),16/12/25 11:00:00,Annual,Percentage of households,Total,Denmark,2021,96.14,,
ESTAT:ISOC_CI_IN_H(1.0),16/12/25 11:00:00,Annual,Percentage of households,Total,Denmark,2022,95.16,,
ESTAT:ISOC_CI_IN_H(1.0),16/12/25 11:00:00,Annual,Percentage of households,Total,Denmark,2023,96.09,,
ESTAT:ISOC_CI_IN_H(1.0),16/12/25 11:00:00,Annual,Percentage of households,Total,Denmark,2024,96.92,,
ESTAT:ISOC_CI_IN_H(1.0),16/12/25 11:00:00,Annual,Percentage of households,Total,Denmark,2025,97.42,,
ESTAT:ISOC_CI_IN_H(1.0),16/12/25 11:00:00,Annual,Percentage of households,Total,"Euro area (EA11-1999, EA12-2001, EA13-2007, EA15-2008, EA16-2009, EA17-2011, EA18-2014, EA19-2015, EA20-2023, EA21-2026)",2002,35.85,,
ESTAT:ISOC_CI_IN_H(1.0),16/12/25 11:00:00,Annual,Percentage of households,Total,"Euro area (EA11-1999, EA12-2001, EA13-2007, EA15-2008, EA16-2009, EA17-2011, EA18-2014, EA19-2015, EA20-2023, EA21-2026)",2003,39.95,,
ESTAT:ISOC_CI_IN_H(1.0),16/12/25 11:00:00,Annual,Percentage of households,Total,"Euro area (EA11-1999, EA12-2001, EA13-2007, EA15-2008, EA16-2009, EA17-2011, EA18-2014, EA19-2015, EA20-2023, EA21-2026)",2004,44.19,,
ESTAT:ISOC_CI_IN_H(1.0),16/12/25 11:00:00,Annual,Percentage of households,Total,"Euro area (EA11-1999, EA12-2001, EA13-2007, EA15-2008, EA16-2009, EA17-2011, EA18-2014, EA19-2015, EA20-2023, EA21-2026)",2005,49.95,,
ESTAT:ISOC_CI_IN_H(1.0),16/12/25 11:00:00,Annual,Percentage of households,Total,"Euro area (EA11-1999, EA12-2001, EA13-2007, EA15-2008, EA16-2009, EA17-2011, EA18-2014, EA19-2015, EA20-2023, EA21-2026)",2006,50.97,,
ESTAT:ISOC_CI_IN_H(1.0),16/12/25 11:00:00,Annual,Percentage of households,Total,"Euro area (EA11-1999, EA12-2001, EA13-2007, EA15-2008, EA16-2009, EA17-2011, EA18-2014, EA19-2015, EA20-2023, EA21-2026)",2007,56.91,,
ESTAT:ISOC_CI_IN_H(1.0),16/12/25 11:00:00,Annual,Percentage of households,Total,"Euro area (EA11-1999, EA12-2001, EA13-2007, EA15-2008, EA16-2009, EA17-2011, EA18-2014, EA19-2015, EA20-2023, EA21-2026)",2008,61.96,,
ESTAT:ISOC_CI_IN_H(1.0),16/12/25 11:00:00,Annual,Percentage of households,Total,"Euro area (EA11-1999, EA12-2001, EA13-2007, EA15-2008, EA16-2009, EA17-2011, EA18-2014, EA19-2015, EA20-2023, EA21-2026)",2009,66.74,,
ESTAT:ISOC_CI_IN_H(1.0),16/12/25 11:00:00,Annual,Percentage of households,Total,"Euro area (EA11-1999, EA12-2001, EA13-2007, EA15-2008, EA16-2009, EA17-2011, EA18-2014, EA19-2015, EA20-2023, EA21-2026)",2010,71.05,,
ESTAT:ISOC_CI_IN_H(1.0),16/12/25 11:00:00,Annual,Percentage of households,Total,"Euro area (EA11-1999, EA12-2001, EA13-2007, EA15-2008, EA16-2009, EA17-2011, EA18-2014, EA19-2015, EA20-2023, EA21-2026)",2011,73.58,,
ESTAT:ISOC_CI_IN_H(1.0),16/12/25 11:00:00,Annual,Percentage of households,Total,"Euro area (EA11-1999, EA12-2001, EA13-2007, EA15-2008, EA16-2009, EA17-2011, EA18-2014, EA19-2015, EA20-2023, EA21-2026)",2012,76.23,,
ESTAT:ISOC_CI_IN_H(1.0),16/12/25 11:00:00,Annual,Percentage of households,Total,"Euro area (EA11-1999, EA12-2001, EA13-2007, EA15-2008, EA16-2009, EA17-2011, EA18-2014, EA19-2015, EA20-2023, EA21-2026)",2013,79.08,,
ESTAT:ISOC_CI_IN_H(1.0),16/12/25 11:00:00,Annual,Percentage of households,Total,"Euro area (EA11-1999, EA12-2001, EA13-2007, EA15-2008, EA16-2009, EA17-2011, EA18-2014, EA19-2015, EA20-2023, EA21-2026)",2014,81.43,,
ESTAT:ISOC_CI_IN_H(1.0),16/12/25 11:00:00,Annual,Percentage of households,Total,"Euro area (EA11-1999, EA12-2001, EA13-2007, EA15-2008, EA16-2009, EA17-2011, EA18-2014, EA19-2015, EA20-2023, EA21-2026)",2015,82.83,,
ESTAT:ISOC_CI_IN_H(1.0),16/12/25 11:00:00,Annual,Percentage of households,Total,"Euro area (EA11-1999, EA12-2001, EA13-2007, EA15-2008, EA16-2009, EA17-2011, EA18-2014, EA19-2015, EA20-2023, EA21-2026)",2016,85.37,,
ESTAT:ISOC_CI_IN_H(1.0),16/12/25 11:00:00,Annual,Percentage of households,Total,"Euro area (EA11-1999, EA12-2001, EA13-2007, EA15-2008, EA16-2009, EA17-2011, EA18-2014, EA19-2015, EA20-2023, EA21-2026)",2017,86.81,,
ESTAT:ISOC_CI_IN_H(1.0),16/12/25 11:00:00,Annual,Percentage of households,Total,"Euro area (EA11-1999, EA12-2001, EA13-2007, EA15-2008, EA16-2009, EA17-2011, EA18-2014, EA19-2015, EA20-2023, EA21-2026)",2018,88.91,,
ESTAT:ISOC_CI_IN_H(1.0),16/12/25 11:00:00,Annual,Percentage of households,Total,"Euro area (EA11-1999, EA12-2001, EA13-2007, EA15-2008, EA16-2009, EA17-2011, EA18-2014, EA19-2015, EA20-2023, EA21-2026)",2019,90.48,,
ESTAT:ISOC_CI_IN_H(1.0),16/12/25 11:00:00,Annual,Percentage of households,Total,"Euro area (EA11-1999, EA12-2001, EA13-2007, EA15-2008, EA16-2009, EA17-2011, EA18-2014, EA19-2015, EA20-2023, EA21-2026)",2020,91.97,e,
ESTAT:ISOC_CI_IN_H(1.0),16/12/25 11:00:00,Annual,Percentage of households,Total,"Euro area (EA11-1999, EA12-2001, EA13-2007, EA15-2008, EA16-2009, EA17-2011, EA18-2014, EA19-2015, EA20-2023, EA21-2026)",2021,92.71,b,
ESTAT:ISOC_CI_IN_H(1.0),16/12/25 11:00:00,Annual,Percentage of households,Total,"Euro area (EA11-1999, EA12-2001, EA13-2007, EA15-2008, EA16-2009, EA17-2011, EA18-2014, EA19-2015, EA20-2023, EA21-2026)",2022,92.61,,
ESTAT:ISOC_CI_IN_H(1.0),16/12/25 11:00:00,Annual,Percentage of households,Total,"Euro area (EA11-1999, EA12-2001, EA13-2007, EA15-2008, EA16-2009, EA17-2011, EA18-2014, EA19-2015, EA20-2023, EA21-2026)",2023,93.12,,
ESTAT:ISOC_CI_IN_H(1.0),16/12/25 11:00:00,Annual,Percentage of households,Total,"Euro area (EA11-1999, EA12-2001, EA13-2007, EA15-2008, EA16-2009, EA17-2011, EA18-2014, EA19-2015, EA20-2023, EA21-2026)",2024,93.95,,
ESTAT:ISOC_CI_IN_H(1.0),16/12/25 11:00:00,Annual,Percentage of households,Total,"Euro area (EA11-1999, EA12-2001, EA13-2007, EA15-2008, EA16-2009, EA17-2011, EA18-2014, EA19-2015, EA20-2023, EA21-2026)",2025,94.50,,
ESTAT:ISOC_CI_IN_H(1.0),16/12/25 11:00:00,Annual,Percentage of households,Total,Estonia,2004,30.76,,
ESTAT:ISOC_CI_IN_H(1.0),16/12/25 11:00:00,Annual,Percentage of households,Total,Estonia,2005,36.79,,
ESTAT:ISOC_CI_IN_H(1.0),16/12/25 11:00:00,Annual,Percentage of households,Total,Estonia,2006,45.18,,
ESTAT:ISOC_CI_IN_H(1.0),16/12/25 11:00:00,Annual,Percentage of households,Total,Estonia,2007,52.20,,
ESTAT:ISOC_CI_IN_H(1.0),16/12/25 11:00:00,Annual,Percentage of households,Total,Estonia,2008,57.35,,
ESTAT:ISOC_CI_IN_H(1.0),16/12/25 11:00:00,Annual,Percentage of households,Total,Estonia,2009,61.85,,
ESTAT:ISOC_CI_IN_H(1.0),16/12/25 11:00:00,Annual,Percentage of households,Total,Estonia,2010,66.89,,
ESTAT:ISOC_CI_IN_H(1.0),16/12/25 11:00:00,Annual,Percentage of households,Total,Estonia,2011,69.39,,
ESTAT:ISOC_CI_IN_H(1.0),16/12/25 11:00:00,Annual,Percentage of households,Total,Estonia,2012,73.82,,
ESTAT:ISOC_CI_IN_H(1.0),16/12/25 11:00:00,Annual,Percentage of households,Total,Estonia,2013,79.31,,
ESTAT:ISOC_CI_IN_H(1.0),16/12/25 11:00:00,Annual,Percentage of households,Total,Estonia,2014,82.90,b,
ESTAT:ISOC_CI_IN_H(1.0),16/12/25 11:00:00,Annual,Percentage of households,Total,Estonia,2015,87.73,,
ESTAT:ISOC_CI_IN_H(1.0),16/12/25 11:00:00,Annual,Percentage of households,Total,Estonia,2016,86.19,,
ESTAT:ISOC_CI_IN_H(1.0),16/12/25 11:00:00,Annual,Percentage of households,Total,Estonia,2017,88.27,,
ESTAT:ISOC_CI_IN_H(1.0),16/12/25 11:00:00,Annual,Percentage of households,Total,Estonia,2018,90.47,,
ESTAT:ISOC_CI_IN_H(1.0),16/12/25 11:00:00,Annual,Percentage of households,Total,Estonia,2019,90.43,,
ESTAT:ISOC_CI_IN_H(1.0),16/12/25 11:00:00,Annual,Percentage of households,Total,Estonia,2020,89.98,,
ESTAT:ISOC_CI_IN_H(1.0),16/12/25 11:00:00,Annual,Percentage of households,Total,Estonia,2021,91.82,,
ESTAT:ISOC_CI_IN_H(1.0),16/12/25 11:00:00,Annual,Percentage of households,Total,Estonia,2022,92.41,,
ESTAT:ISOC_CI_IN_H(1.0),16/12/25 11:00:00,Annual,Percentage of households,Total,Estonia,2023,93.22,,
ESTAT:ISOC_CI_IN_H(1.0),16/12/25 11:00:00,Annual,Percentage of households,Total,Estonia,2024,92.89,,
ESTAT:ISOC_CI_IN_H(1.0),16/12/25 11:00:00,Annual,Percentage of households,Total,Estonia,2025,95.40,,
ESTAT:ISOC_CI_IN_H(1.0),16/12/25 11:00:00,Annual,Percentage of households,Total,Greece,2002,12.15,,
ESTAT:ISOC_CI_IN_H(1.0),16/12/25 11:00:00,Annual,Percentage of households,Total,Greece,2003,16.30,,
ESTAT:ISOC_CI_IN_H(1.0),16/12/25 11:00:00,Annual,Percentage of households,Total,Greece,2004,16.54,,
ESTAT:ISOC_CI_IN_H(1.0),16/12/25 11:00:00,Annual,Percentage of households,Total,Greece,2005,21.73,,
ESTAT:ISOC_CI_IN_H(1.0),16/12/25 11:00:00,Annual,Percentage of households,Total,Greece,2006,23.12,,
ESTAT:ISOC_CI_IN_H(1.0),16/12/25 11:00:00,Annual,Percentage of households,Total,Greece,2007,25.40,,
ESTAT:ISOC_CI_IN_H(1.0),16/12/25 11:00:00,Annual,Percentage of households,Total,Greece,2008,30.96,,
ESTAT:ISOC_CI_IN_H(1.0),16/12/25 11:00:00,Annual,Percentage of households,Total,Greece,2009,38.06,,
ESTAT:ISOC_CI_IN_H(1.0),16/12/25 11:00:00,Annual,Percentage of households,Total,Greece,2010,46.35,,
ESTAT:ISOC_CI_IN_H(1.0),16/12/25 11:00:00,Annual,Percentage of households,Total,Greece,2011,50.17,,
ESTAT:ISOC_CI_IN_H(1.0),16/12/25 11:00:00,Annual,Percentage of households,Total,Greece,2012,53.58,,
ESTAT:ISOC_CI_IN_H(1.0),16/12/25 11:00:00,Annual,Percentage of households,Total,Greece,2013,56.31,,
ESTAT:ISOC_CI_IN_H(1.0),16/12/25 11:00:00,Annual,Percentage of households,Total,Greece,2014,65.55,,
ESTAT:ISOC_CI_IN_H(1.0),16/12/25 11:00:00,Annual,Percentage of households,Total,Greece,2015,68.09,,
ESTAT:ISOC_CI_IN_H(1.0),16/12/25 11:00:00,Annual,Percentage of households,Total,Greece,2016,69.13,,
ESTAT:ISOC_CI_IN_H(1.0),16/12/25 11:00:00,Annual,Percentage of households,Total,Greece,2017,70.96,,
ESTAT:ISOC_CI_IN_H(1.0),16/12/25 11:00:00,Annual,Percentage of households,Total,Greece,2018,76.49,,
ESTAT:ISOC_CI_IN_H(1.0),16/12/25 11:00:00,Annual,Percentage of households,Total,Greece,2019,78.54,,
ESTAT:ISOC_CI_IN_H(1.0),16/12/25 11:00:00,Annual,Percentage of households,Total,Greece,2020,80.38,,
ESTAT:ISOC_CI_IN_H(1.0),16/12/25 11:00:00,Annual,Percentage of households,Total,Greece,2021,85.07,,
ESTAT:ISOC_CI_IN_H(1.0),16/12/25 11:00:00,Annual,Percentage of households,Total,Greece,2022,85.49,,
ESTAT:ISOC_CI_IN_H(1.0),16/12/25 11:00:00,Annual,Percentage of households,Total,Greece,2023,86.90,,
ESTAT:ISOC_CI_IN_H(1.0),16/12/25 11:00:00,Annual,Percentage of households,Total,Greece,2024,86.89,,
ESTAT:ISOC_CI_IN_H(1.0),16/12/25 11:00:00,Annual,Percentage of households,Total,Greece,2025,88.73,,
ESTAT:ISOC_CI_IN_H(1.0),16/12/25 11:00:00,Annual,Percentage of households,Total,Spain,2003,27.55,,
ESTAT:ISOC_CI_IN_H(1.0),16/12/25 11:00:00,Annual,Percentage of households,Total,Spain,2004,33.64,,
ESTAT:ISOC_CI_IN_H(1.0),16/12/25 11:00:00,Annual,Percentage of households,Total,Spain,2005,35.51,,
ESTAT:ISOC_CI_IN_H(1.0),16/12/25 11:00:00,Annual,Percentage of households,Total,Spain,2006,38.04,,
ESTAT:ISOC_CI_IN_H(1.0),16/12/25 11:00:00,Annual,Percentage of households,Total,Spain,2007,43.48,,
ESTAT:ISOC_CI_IN_H(1.0),16/12/25 11:00:00,Annual,Percentage of households,Total,Spain,2008,49.86,,
ESTAT:ISOC_CI_IN_H(1.0),16/12/25 11:00:00,Annual,Percentage of households,Total,Spain,2009,52.93,,
ESTAT:ISOC_CI_IN_H(1.0),16/12/25 11:00:00,Annual,Percentage of households,Total,Spain,2010,57.82,,
ESTAT:ISOC_CI_IN_H(1.0),16/12/25 11:00:00,Annual,Percentage of households,Total,Spain,2011,62.71,,
ESTAT:ISOC_CI_IN_H(1.0),16/12/25 11:00:00,Annual,Percentage of households,Total,Spain,2012,66.59,,
ESTAT:ISOC_CI_IN_H(1.0),16/12/25 11:00:00,Annual,Percentage of households,Total,Spain,2013,69.73,,
ESTAT:ISOC_CI_IN_H(1.0),16/12/25 11:00:00,Annual,Percentage of households,Total,Spain,2014,74.35,,
ESTAT:ISOC_CI_IN_H(1.0),16/12/25 11:00:00,Annual,Percentage of households,Total,Spain,2015,78.75,,
ESTAT:ISOC_CI_IN_H(1.0),16/12/25 11:00:00,Annual,Percentage of households,Total,Spain,2016,81.93,,
ESTAT:ISOC_CI_IN_H(1.0),16/12/25 11:00:00,Annual,Percentage of households,Total,Spain,2017,83.39,,
ESTAT:ISOC_CI_IN_H(1.0),16/12/25 11:00:00,Annual,Percentage of households,Total,Spain,2018,86.36,,
ESTAT:ISOC_CI_IN_H(1.0),16/12/25 11:00:00,Annual,Percentage of households,Total,Spain,2019,91.44,,
ESTAT:ISOC_CI_IN_H(1.0),16/12/25 11:00:00,Annual,Percentage of households,Total,Spain,2020,95.38,,
ESTAT:ISOC_CI_IN_H(1.0),16/12/25 11:00:00,Annual,Percentage of households,Total,Spain,2021,95.92,,
ESTAT:ISOC_CI_IN_H(1.0),16/12/25 11:00:00,Annual,Percentage of households,Total,Spain,2022,96.08,,
ESTAT:ISOC_CI_IN_H(1.0),16/12/25 11:00:00,Annual,Percentage of households,Total,Spain,2023,96.45,,
ESTAT:ISOC_CI_IN_H(1.0),16/12/25 11:00:00,Annual,Percentage of households,Total,Spain,2024,96.83,,
ESTAT:ISOC_CI_IN_H(1.0),16/12/25 11:00:00,Annual,Percentage of households,Total,Spain,2025,97.43,,
ESTAT:ISOC_CI_IN_H(1.0),16/12/25 11:00:00,Annual,Percentage of households,Total,European Union - 15 countries (1995-2004),2002,38.69,,
ESTAT:ISOC_CI_IN_H(1.0),16/12/25 11:00:00,Annual,Percentage of households,Total,European Union - 15 countries (1995-2004),2003,42.80,,
ESTAT:ISOC_CI_IN_H(1.0),16/12/25 11:00:00,Annual,Percentage of households,Total,European Union - 15 countries (1995-2004),2004,46.46,,
ESTAT:ISOC_CI_IN_H(1.0),16/12/25 11:00:00,Annual,Percentage of households,Total,European Union - 15 countries (1995-2004),2005,52.93,,
ESTAT:ISOC_CI_IN_H(1.0),16/12/25 11:00:00,Annual,Percentage of households,Total,European Union - 15 countries (1995-2004),2006,53.88,,
ESTAT:ISOC_CI_IN_H(1.0),16/12/25 11:00:00,Annual,Percentage of households,Total,European Union - 15 countries (1995-2004),2007,59.26,,
ESTAT:ISOC_CI_IN_H(1.0),16/12/25 11:00:00,Annual,Percentage of households,Total,European Union - 15 countries (1995-2004),2008,64.28,,
ESTAT:ISOC_CI_IN_H(1.0),16/12/25 11:00:00,Annual,Percentage of households,Total,European Union - 15 countries (1995-2004),2009,69.10,,
ESTAT:ISOC_CI_IN_H(1.0),16/12/25 11:00:00,Annual,Percentage of households,Total,European Union - 15 countries (1995-2004),2010,73.14,,
ESTAT:ISOC_CI_IN_H(1.0),16/12/25 11:00:00,Annual,Percentage of households,Total,European Union - 15 countries (1995-2004),2011,75.71,,
ESTAT:ISOC_CI_IN_H(1.0),16/12/25 11:00:00,Annual,Percentage of households,Total,European Union - 15 countries (1995-2004),2012,78.54,,
ESTAT:ISOC_CI_IN_H(1.0),16/12/25 11:00:00,Annual,Percentage of households,Total,European Union - 15 countries (1995-2004),2013,81.11,,
ESTAT:ISOC_CI_IN_H(1.0),16/12/25 11:00:00,Annual,Percentage of households,Total,European Union - 15 countries (1995-2004),2014,83.38,,
ESTAT:ISOC_CI_IN_H(1.0),16/12/25 11:00:00,Annual,Percentage of households,Total,European Union - 15 countries (1995-2004),2015,84.72,,
ESTAT:ISOC_CI_IN_H(1.0),16/12/25 11:00:00,Annual,Percentage of households,Total,European Union - 15 countries (1995-2004),2016,87.26,,
ESTAT:ISOC_CI_IN_H(1.0),16/12/25 11:00:00,Annual,Percentage of households,Total,European Union - 15 countries (1995-2004),2017,88.54,,
ESTAT:ISOC_CI_IN_H(1.0),16/12/25 11:00:00,Annual,Percentage of households,Total,European Union - 15 countries (1995-2004),2018,90.23,,
ESTAT:ISOC_CI_IN_H(1.0),16/12/25 11:00:00,Annual,Percentage of households,Total,European Union - 25 countries (2004-2006),2004,42.66,,
ESTAT:ISOC_CI_IN_H(1.0),16/12/25 11:00:00,Annual,Percentage of households,Total,European Union - 25 countries (2004-2006),2005,48.37,,
ESTAT:ISOC_CI_IN_H(1.0),16/12/25 11:00:00,Annual,Percentage of households,Total,European Union - 25 countries (2004-2006),2006,50.99,,
ESTAT:ISOC_CI_IN_H(1.0),16/12/25 11:00:00,Annual,Percentage of households,Total,European Union - 25 countries (2004-2006),2007,56.60,,
ESTAT:ISOC_CI_IN_H(1.0),16/12/25 11:00:00,Annual,Percentage of households,Total,European Union - 25 countries (2004-2006),2008,62.00,,
ESTAT:ISOC_CI_IN_H(1.0),16/12/25 11:00:00,Annual,Percentage of households,Total,European Union - 25 countries (2004-2006),2009,67.45,,
ESTAT:ISOC_CI_IN_H(1.0),16/12/25 11:00:00,Annual,Percentage of households,Total,European Union - 25 countries (2004-2006),2010,71.59,,
ESTAT:ISOC_CI_IN_H(1.0),16/12/25 11:00:00,Annual,Percentage of households,Total,European Union - 27 countries (2007-2013),2004,40.55,,
ESTAT:ISOC_CI_IN_H(1.0),16/12/25 11:00:00,Annual,Percentage of households,Total,European Union - 27 countries (2007-2013),2005,48.37,,
ESTAT:ISOC_CI_IN_H(1.0),16/12/25 11:00:00,Annual,Percentage of households,Total,European Union - 27 countries (2007-2013),2006,49.09,,
ESTAT:ISOC_CI_IN_H(1.0),16/12/25 11:00:00,Annual,Percentage of households,Total,European Union - 27 countries (2007-2013),2007,54.76,,
ESTAT:ISOC_CI_IN_H(1.0),16/12/25 11:00:00,Annual,Percentage of households,Total,European Union - 27 countries (2007-2013),2008,60.25,,
ESTAT:ISOC_CI_IN_H(1.0),16/12/25 11:00:00,Annual,Percentage of households,Total,European Union - 27 countries (2007-2013),2009,65.81,,
ESTAT:ISOC_CI_IN_H(1.0),16/12/25 11:00:00,Annual,Percentage of households,Total,European Union - 27 countries (2007-2013),2010,69.95,,
ESTAT:ISOC_CI_IN_H(1.0),16/12/25 11:00:00,Annual,Percentage of households,Total,European Union - 27 countries (2007-2013),2011,72.98,,
ESTAT:ISOC_CI_IN_H(1.0),16/12/25 11:00:00,Annual,Percentage of households,Total,European Union - 27 countries (2007-2013),2012,76.12,,
ESTAT:ISOC_CI_IN_H(1.0),16/12/25 11:00:00,Annual,Percentage of households,Total,European Union - 27 countries (2007-2013),2013,78.65,,
ESTAT:ISOC_CI_IN_H(1.0),16/12/25 11:00:00,Annual,Percentage of households,Total,European Union - 27 countries (2007-2013),2014,81.08,,
ESTAT:ISOC_CI_IN_H(1.0),16/12/25 11:00:00,Annual,Percentage of households,Total,European Union - 27 countries (2007-2013),2015,82.64,,
ESTAT:ISOC_CI_IN_H(1.0),16/12/25 11:00:00,Annual,Percentage of households,Total,European Union - 27 countries (2007-2013),2016,85.44,,
ESTAT:ISOC_CI_IN_H(1.0),16/12/25 11:00:00,Annual,Percentage of households,Total,European Union - 27 countries (2007-2013),2017,86.93,,
ESTAT:ISOC_CI_IN_H(1.0),16/12/25 11:00:00,Annual,Percentage of households,Total,European Union - 27 countries (2007-2013),2018,88.85,,
ESTAT:ISOC_CI_IN_H(1.0),16/12/25 11:00:00,Annual,Percentage of households,Total,European Union - 27 countries (from 2020),2007,52.99,,
ESTAT:ISOC_CI_IN_H(1.0),16/12/25 11:00:00,Annual,Percentage of households,Total,European Union - 27 countries (from 2020),2008,58.60,,
ESTAT:ISOC_CI_IN_H(1.0),16/12/25 11:00:00,Annual,Percentage of households,Total,European Union - 27 countries (from 2020),2009,64.15,,
ESTAT:ISOC_CI_IN_H(1.0),16/12/25 11:00:00,Annual,Percentage of households,Total,European Union - 27 countries (from 2020),2010,68.46,,
ESTAT:ISOC_CI_IN_H(1.0),16/12/25 11:00:00,Annual,Percentage of households,Total,European Union - 27 countries (from 2020),2011,71.55,,
ESTAT:ISOC_CI_IN_H(1.0),16/12/25 11:00:00,Annual,Percentage of households,Total,European Union - 27 countries (from 2020),2012,74.54,,
ESTAT:ISOC_CI_IN_H(1.0),16/12/25 11:00:00,Annual,Percentage of households,Total,European Union - 27 countries (from 2020),2013,77.17,,
ESTAT:ISOC_CI_IN_H(1.0),16/12/25 11:00:00,Annual,Percentage of households,Total,European Union - 27 countries (from 2020),2014,79.61,,
ESTAT:ISOC_CI_IN_H(1.0),16/12/25 11:00:00,Annual,Percentage of households,Total,European Union - 27 countries (from 2020),2015,81.37,,
ESTAT:ISOC_CI_IN_H(1.0),16/12/25 11:00:00,Annual,Percentage of households,Total,European Union - 27 countries (from 2020),2016,84.21,,
ESTAT:ISOC_CI_IN_H(1.0),16/12/25 11:00:00,Annual,Percentage of households,Total,European Union - 27 countries (from 2020),2017,85.81,,
ESTAT:ISOC_CI_IN_H(1.0),16/12/25 11:00:00,Annual,Percentage of households,Total,European Union - 27 countries (from 2020),2018,87.94,,
ESTAT:ISOC_CI_IN_H(1.0),16/12/25 11:00:00,Annual,Percentage of households,Total,European Union - 27 countries (from 2020),2019,89.68,,
ESTAT:ISOC_CI_IN_H(1.0),16/12/25 11:00:00,Annual,Percentage of households,Total,European Union - 27 countries (from 2020),2020,91.30,e,
ESTAT:ISOC_CI_IN_H(1.0),16/12/25 11:00:00,Annual,Percentage of households,Total,European Union - 27 countries (from 2020),2021,92.30,b,
ESTAT:ISOC_CI_IN_H(1.0),16/12/25 11:00:00,Annual,Percentage of households,Total,European Union - 27 countries (from 2020),2022,92.44,,
ESTAT:ISOC_CI_IN_H(1.0),16/12/25 11:00:00,Annual,Percentage of households,Total,European Union - 27 countries (from 2020),2023,93.09,,
ESTAT:ISOC_CI_IN_H(1.0),16/12/25 11:00:00,Annual,Percentage of households,Total,European Union - 27 countries (from 2020),2024,94.19,,
ESTAT:ISOC_CI_IN_H(1.0),16/12/25 11:00:00,Annual,Percentage of households,Total,European Union - 27 countries (from 2020),2025,94.70,,
ESTAT:ISOC_CI_IN_H(1.0),16/12/25 11:00:00,Annual,Percentage of households,Total,European Union - 28 countries (2013-2020),2007,54.65,,
ESTAT:ISOC_CI_IN_H(1.0),16/12/25 11:00:00,Annual,Percentage of households,Total,European Union - 28 countries (2013-2020),2008,60.13,,
ESTAT:ISOC_CI_IN_H(1.0),16/12/25 11:00:00,Annual,Percentage of households,Total,European Union - 28 countries (2013-2020),2009,65.69,,
ESTAT:ISOC_CI_IN_H(1.0),16/12/25 11:00:00,Annual,Percentage of households,Total,European Union - 28 countries (2013-2020),2010,69.85,,
ESTAT:ISOC_CI_IN_H(1.0),16/12/25 11:00:00,Annual,Percentage of households,Total,European Union - 28 countries (2013-2020),2011,72.89,,
ESTAT:ISOC_CI_IN_H(1.0),16/12/25 11:00:00,Annual,Percentage of households,Total,European Union - 28 countries (2013-2020),2012,76.05,,
ESTAT:ISOC_CI_IN_H(1.0),16/12/25 11:00:00,Annual,Percentage of households,Total,European Union - 28 countries (2013-2020),2013,78.54,,
ESTAT:ISOC_CI_IN_H(1.0),16/12/25 11:00:00,Annual,Percentage of households,Total,European Union - 28 countries (2013-2020),2014,80.99,,
ESTAT:ISOC_CI_IN_H(1.0),16/12/25 11:00:00,Annual,Percentage of households,Total,European Union - 28 countries (2013-2020),2015,82.60,,
ESTAT:ISOC_CI_IN_H(1.0),16/12/25 11:00:00,Annual,Percentage of households,Total,European Union - 28 countries (2013-2020),2016,85.38,,
ESTAT:ISOC_CI_IN_H(1.0),16/12/25 11:00:00,Annual,Percentage of households,Total,European Union - 28 countries (2013-2020),2017,86.86,,
ESTAT:ISOC_CI_IN_H(1.0),16/12/25 11:00:00,Annual,Percentage of households,Total,European Union - 28 countries (2013-2020),2018,88.80,,
ESTAT:ISOC_CI_IN_H(1.0),16/12/25 11:00:00,Annual,Percentage of households,Total,European Union - 28 countries (2013-2020),2019,90.48,,
ESTAT:ISOC_CI_IN_H(1.0),16/12/25 11:00:00,Annual,Percentage of households,Total,Finland,2002,44.28,,
ESTAT:ISOC_CI_IN_H(1.0),16/12/25 11:00:00,Annual,Percentage of households,Total,Finland,2003,47.36,,
ESTAT:ISOC_CI_IN_H(1.0),16/12/25 11:00:00,Annual,Percentage of households,Total,Finland,2004,50.91,,
ESTAT:ISOC_CI_IN_H(1.0),16/12/25 11:00:00,Annual,Percentage of households,Total,Finland,2005,54.14,,
ESTAT:ISOC_CI_IN_H(1.0),16/12/25 11:00:00,Annual,Percentage of households,Total,Finland,2006,64.73,,
ESTAT:ISOC_CI_IN_H(1.0),16/12/25 11:00:00,Annual,Percentage of households,Total,Finland,2007,68.78,,
ESTAT:ISOC_CI_IN_H(1.0),16/12/25 11:00:00,Annual,Percentage of households,Total,Finland,2008,72.38,,
ESTAT:ISOC_CI_IN_H(1.0),16/12/25 11:00:00,Annual,Percentage of households,Total,Finland,2009,77.78,,
ESTAT:ISOC_CI_IN_H(1.0),16/12/25 11:00:00,Annual,Percentage of households,Total,Finland,2010,80.54,,
ESTAT:ISOC_CI_IN_H(1.0),16/12/25 11:00:00,Annual,Percentage of households,Total,Finland,2011,84.16,,
ESTAT:ISOC_CI_IN_H(1.0),16/12/25 11:00:00,Annual,Percentage of households,Total,Finland,2012,86.80,,
ESTAT:ISOC_CI_IN_H(1.0),16/12/25 11:00:00,Annual,Percentage of households,Total,Finland,2013,89.24,,
ESTAT:ISOC_CI_IN_H(1.0),16/12/25 11:00:00,Annual,Percentage of households,Total,Finland,2014,89.83,,
ESTAT:ISOC_CI_IN_H(1.0),16/12/25 11:00:00,Annual,Percentage of households,Total,Finland,2015,89.93,,
ESTAT:ISOC_CI_IN_H(1.0),16/12/25 11:00:00,Annual,Percentage of households,Total,Finland,2016,91.95,,
ESTAT:ISOC_CI_IN_H(1.0),16/12/25 11:00:00,Annual,Percentage of households,Total,Finland,2017,94.42,,
ESTAT:ISOC_CI_IN_H(1.0),16/12/25 11:00:00,Annual,Percentage of households,Total,Finland,2018,94.28,,
ESTAT:ISOC_CI_IN_H(1.0),16/12/25 11:00:00,Annual,Percentage of households,Total,Finland,2019,94.36,,
ESTAT:ISOC_CI_IN_H(1.0),16/12/25 11:00:00,Annual,Percentage of households,Total,Finland,2020,96.00,,
ESTAT:ISOC_CI_IN_H(1.0),16/12/25 11:00:00,Annual,Percentage of households,Total,Finland,2021,96.56,,
ESTAT:ISOC_CI_IN_H(1.0),16/12/25 11:00:00,Annual,Percentage of households,Total,Finland,2022,97.59,,
ESTAT:ISOC_CI_IN_H(1.0),16/12/25 11:00:00,Annual,Percentage of households,Total,Finland,2023,96.78,,
ESTAT:ISOC_CI_IN_H(1.0),16/12/25 11:00:00,Annual,Percentage of households,Total,Finland,2024,97.35,,
ESTAT:ISOC_CI_IN_H(1.0),16/12/25 11:00:00,Annual,Percentage of households,Total,Finland,2025,97.62,,
ESTAT:ISOC_CI_IN_H(1.0),16/12/25 11:00:00,Annual,Percentage of households,Total,France,2002,23.04,,
ESTAT:ISOC_CI_IN_H(1.0),16/12/25 11:00:00,Annual,Percentage of households,Total,France,2003,30.98,,
ESTAT:ISOC_CI_IN_H(1.0),16/12/25 11:00:00,Annual,Percentage of households,Total,France,2004,33.61,,
ESTAT:ISOC_CI_IN_H(1.0),16/12/25 11:00:00,Annual,Percentage of households,Total,France,2006,40.93,,
ESTAT:ISOC_CI_IN_H(1.0),16/12/25 11:00:00,Annual,Percentage of households,Total,France,2007,55.05,,
ESTAT:ISOC_CI_IN_H(1.0),16/12/25 11:00:00,Annual,Percentage of households,Total,France,2008,62.32,,
ESTAT:ISOC_CI_IN_H(1.0),16/12/25 11:00:00,Annual,Percentage of households,Total,France,2009,68.87,,
ESTAT:ISOC_CI_IN_H(1.0),16/12/25 11:00:00,Annual,Percentage of households,Total,France,2010,73.61,,
ESTAT:ISOC_CI_IN_H(1.0),16/12/25 11:00:00,Annual,Percentage of households,Total,France,2011,75.92,,
ESTAT:ISOC_CI_IN_H(1.0),16/12/25 11:00:00,Annual,Percentage of households,Total,France,2012,80.00,,
ESTAT:ISOC_CI_IN_H(1.0),16/12/25 11:00:00,Annual,Percentage of households,Total,France,2013,81.72,,
ESTAT:ISOC_CI_IN_H(1.0),16/12/25 11:00:00,Annual,Percentage of households,Total,France,2014,82.96,,
ESTAT:ISOC_CI_IN_H(1.0),16/12/25 11:00:00,Annual,Percentage of households,Total,France,2015,82.62,,
ESTAT:ISOC_CI_IN_H(1.0),16/12/25 11:00:00,Annual,Percentage of households,Total,France,2016,85.87,,
ESTAT:ISOC_CI_IN_H(1.0),16/12/25 11:00:00,Annual,Percentage of households,Total,France,2017,86.41,,
ESTAT:ISOC_CI_IN_H(1.0),16/12/25 11:00:00,Annual,Percentage of households,Total,France,2018,88.56,,
ESTAT:ISOC_CI_IN_H(1.0),16/12/25 11:00:00,Annual,Percentage of households,Total,France,2019,90.17,,
ESTAT:ISOC_CI_IN_H(1.0),16/12/25 11:00:00,Annual,Percentage of households,Total,France,2021,93.33,,
ESTAT:ISOC_CI_IN_H(1.0),16/12/25 11:00:00,Annual,Percentage of households,Total,France,2022,92.25,,
ESTAT:ISOC_CI_IN_H(1.0),16/12/25 11:00:00,Annual,Percentage of households,Total,France,2023,93.34,,
ESTAT:ISOC_CI_IN_H(1.0),16/12/25 11:00:00,Annual,Percentage of households,Total,France,2024,94.44,,
ESTAT:ISOC_CI_IN_H(1.0),16/12/25 11:00:00,Annual,Percentage of households,Total,France,2025,94.43,,
ESTAT:ISOC_CI_IN_H(1.0),16/12/25 11:00:00,Annual,Percentage of households,Total,Croatia,2007,40.59,,
ESTAT:ISOC_CI_IN_H(1.0),16/12/25 11:00:00,Annual,Percentage of households,Total,Croatia,2008,45.26,,
ESTAT:ISOC_CI_IN_H(1.0),16/12/25 11:00:00,Annual,Percentage of households,Total,Croatia,2009,50.04,,
ESTAT:ISOC_CI_IN_H(1.0),16/12/25 11:00:00,Annual,Percentage of households,Total,Croatia,2010,56.50,,
ESTAT:ISOC_CI_IN_H(1.0),16/12/25 11:00:00,Annual,Percentage of households,Total,Croatia,2011,61.41,,
ESTAT:ISOC_CI_IN_H(1.0),16/12/25 11:00:00,Annual,Percentage of households,Total,Croatia,2012,66.41,,
ESTAT:ISOC_CI_IN_H(1.0),16/12/25 11:00:00,Annual,Percentage of households,Total,Croatia,2013,64.58,,
ESTAT:ISOC_CI_IN_H(1.0),16/12/25 11:00:00,Annual,Percentage of households,Total,Croatia,2014,68.37,,
ESTAT:ISOC_CI_IN_H(1.0),16/12/25 11:00:00,Annual,Percentage of households,Total,Croatia,2015,76.71,,
ESTAT:ISOC_CI_IN_H(1.0),16/12/25 11:00:00,Annual,Percentage of households,Total,Croatia,2016,77.34,,
ESTAT:ISOC_CI_IN_H(1.0),16/12/25 11:00:00,Annual,Percentage of households,Total,Croatia,2017,76.45,,
ESTAT:ISOC_CI_IN_H(1.0),16/12/25 11:00:00,Annual,Percentage of households,Total,Croatia,2018,81.52,,
ESTAT:ISOC_CI_IN_H(1.0),16/12/25 11:00:00,Annual,Percentage of households,Total,Croatia,2019,80.52,,
ESTAT:ISOC_CI_IN_H(1.0),16/12/25 11:00:00,Annual,Percentage of households,Total,Croatia,2020,85.00,,
ESTAT:ISOC_CI_IN_H(1.0),16/12/25 11:00:00,Annual,Percentage of households,Total,Croatia,2021,86.09,,
ESTAT:ISOC_CI_IN_H(1.0),16/12/25 11:00:00,Annual,Percentage of households,Total,Croatia,2022,85.52,,
ESTAT:ISOC_CI_IN_H(1.0),16/12/25 11:00:00,Annual,Percentage of households,Total,Croatia,2023,89.56,,
ESTAT:ISOC_CI_IN_H(1.0),16/12/25 11:00:00,Annual,Percentage of households,Total,Croatia,2024,88.37,,
ESTAT:ISOC_CI_IN_H(1.0),16/12/25 11:00:00,Annual,Percentage of households,Total,Croatia,2025,87.91,,
ESTAT:ISOC_CI_IN_H(1.0),16/12/25 11:00:00,Annual,Percentage of households,Total,Hungary,2004,14.18,,
ESTAT:ISOC_CI_IN_H(1.0),16/12/25 11:00:00,Annual,Percentage of households,Total,Hungary,2005,22.12,,
ESTAT:ISOC_CI_IN_H(1.0),16/12/25 11:00:00,Annual,Percentage of households,Total,Hungary,2006,31.65,,
ESTAT:ISOC_CI_IN_H(1.0),16/12/25 11:00:00,Annual,Percentage of households,Total,Hungary,2007,37.72,,
ESTAT:ISOC_CI_IN_H(1.0),16/12/25 11:00:00,Annual,Percentage of households,Total,Hungary,2008,46.63,,
ESTAT:ISOC_CI_IN_H(1.0),16/12/25 11:00:00,Annual,Percentage of households,Total,Hungary,2009,53.42,,
ESTAT:ISOC_CI_IN_H(1.0),16/12/25 11:00:00,Annual,Percentage of households,Total,Hungary,2010,58.41,,
ESTAT:ISOC_CI_IN_H(1.0),16/12/25 11:00:00,Annual,Percentage of households,Total,Hungary,2011,63.22,,
ESTAT:ISOC_CI_IN_H(1.0),16/12/25 11:00:00,Annual,Percentage of households,Total,Hungary,2012,66.81,,
ESTAT:ISOC_CI_IN_H(1.0),16/12/25 11:00:00,Annual,Percentage of households,Total,Hungary,2013,69.66,,
ESTAT:ISOC_CI_IN_H(1.0),16/12/25 11:00:00,Annual,Percentage of households,Total,Hungary,2014,73.06,,
ESTAT:ISOC_CI_IN_H(1.0),16/12/25 11:00:00,Annual,Percentage of households,Total,Hungary,2015,75.64,,
ESTAT:ISOC_CI_IN_H(1.0),16/12/25 11:00:00,Annual,Percentage of households,Total,Hungary,2016,79.18,,
ESTAT:ISOC_CI_IN_H(1.0),16/12/25 11:00:00,Annual,Percentage of households,Total,Hungary,2017,82.35,,
ESTAT:ISOC_CI_IN_H(1.0),16/12/25 11:00:00,Annual,Percentage of households,Total,Hungary,2018,83.31,,
ESTAT:ISOC_CI_IN_H(1.0),16/12/25 11:00:00,Annual,Percentage of households,Total,Hungary,2019,86.20,,
ESTAT:ISOC_CI_IN_H(1.0),16/12/25 11:00:00,Annual,Percentage of households,Total,Hungary,2020,87.63,,
ESTAT:ISOC_CI_IN_H(1.0),16/12/25 11:00:00,Annual,Percentage of households,Total,Hungary,2021,90.78,,
ESTAT:ISOC_CI_IN_H(1.0),16/12/25 11:00:00,Annual,Percentage of households,Total,Hungary,2022,91.44,,
ESTAT:ISOC_CI_IN_H(1.0),16/12/25 11:00:00,Annual,Percentage of households,Total,Hungary,2023,92.73,,
ESTAT:ISOC_CI_IN_H(1.0),16/12/25 11:00:00,Annual,Percentage of households,Total,Hungary,2024,94.78,,
ESTAT:ISOC_CI_IN_H(1.0),16/12/25 11:00:00,Annual,Percentage of households,Total,Hungary,2025,93.06,,
ESTAT:ISOC_CI_IN_H(1.0),16/12/25 11:00:00,Annual,Percentage of households,Total,Ireland,2003,35.57,,
ESTAT:ISOC_CI_IN_H(1.0),16/12/25 11:00:00,Annual,Percentage of households,Total,Ireland,2004,39.73,,
ESTAT:ISOC_CI_IN_H(1.0),16/12/25 11:00:00,Annual,Percentage of households,Total,Ireland,2005,47.18,,
ESTAT:ISOC_CI_IN_H(1.0),16/12/25 11:00:00,Annual,Percentage of households,Total,Ireland,2006,49.95,,
ESTAT:ISOC_CI_IN_H(1.0),16/12/25 11:00:00,Annual,Percentage of households,Total,Ireland,2007,57.27,,
ESTAT:ISOC_CI_IN_H(1.0),16/12/25 11:00:00,Annual,Percentage of households,Total,Ireland,2008,63.05,,
ESTAT:ISOC_CI_IN_H(1.0),16/12/25 11:00:00,Annual,Percentage of households,Total,Ireland,2009,66.67,,
ESTAT:ISOC_CI_IN_H(1.0),16/12/25 11:00:00,Annual,Percentage of households,Total,Ireland,2010,71.69,,
ESTAT:ISOC_CI_IN_H(1.0),16/12/25 11:00:00,Annual,Percentage of households,Total,Ireland,2011,78.12,,
ESTAT:ISOC_CI_IN_H(1.0),16/12/25 11:00:00,Annual,Percentage of households,Total,Ireland,2012,81.09,,
ESTAT:ISOC_CI_IN_H(1.0),16/12/25 11:00:00,Annual,Percentage of households,Total,Ireland,2013,82.39,,
ESTAT:ISOC_CI_IN_H(1.0),16/12/25 11:00:00,Annual,Percentage of households,Total,Ireland,2014,82.17,,
ESTAT:ISOC_CI_IN_H(1.0),16/12/25 11:00:00,Annual,Percentage of households,Total,Ireland,2015,84.86,,
ESTAT:ISOC_CI_IN_H(1.0),16/12/25 11:00:00,Annual,Percentage of households,Total,Ireland,2016,86.91,,
ESTAT:ISOC_CI_IN_H(1.0),16/12/25 11:00:00,Annual,Percentage of households,Total,Ireland,2017,88.37,,
ESTAT:ISOC_CI_IN_H(1.0),16/12/25 11:00:00,Annual,Percentage of households,Total,Ireland,2018,89.11,,
ESTAT:ISOC_CI_IN_H(1.0),16/12/25 11:00:00,Annual,Percentage of households,Total,Ireland,2019,90.59,,
ESTAT:ISOC_CI_IN_H(1.0),16/12/25 11:00:00,Annual,Percentage of households,Total,Ireland,2020,91.82,,
ESTAT:ISOC_CI_IN_H(1.0),16/12/25 11:00:00,Annual,Percentage of households,Total,Ireland,2021,97.50,b,
ESTAT:ISOC_CI_IN_H(1.0),16/12/25 11:00:00,Annual,Percentage of households,Total,Ireland,2022,,u,
ESTAT:ISOC_CI_IN_H(1.0),16/12/25 11:00:00,Annual,Percentage of households,Total,Ireland,2023,93.92,,
ESTAT:ISOC_CI_IN_H(1.0),16/12/25 11:00:00,Annual,Percentage of households,Total,Ireland,2024,92.97,,
ESTAT:ISOC_CI_IN_H(1.0),16/12/25 11:00:00,Annual,Percentage of households,Total,Ireland,2025,95.51,,
ESTAT:ISOC_CI_IN_H(1.0),16/12/25 11:00:00,Annual,Percentage of households,Total,Iceland,2004,80.59,,
ESTAT:ISOC_CI_IN_H(1.0),16/12/25 11:00:00,Annual,Percentage of households,Total,Iceland,2005,84.41,,
ESTAT:ISOC_CI_IN_H(1.0),16/12/25 11:00:00,Annual,Percentage of households,Total,Iceland,2006,83.02,,
ESTAT:ISOC_CI_IN_H(1.0),16/12/25 11:00:00,Annual,Percentage of households,Total,Iceland,2007,83.70,,
ESTAT:ISOC_CI_IN_H(1.0),16/12/25 11:00:00,Annual,Percentage of households,Total,Iceland,2008,87.73,,
ESTAT:ISOC_CI_IN_H(1.0),16/12/25 11:00:00,Annual,Percentage of households,Total,Iceland,2009,89.59,,
ESTAT:ISOC_CI_IN_H(1.0),16/12/25 11:00:00,Annual,Percentage of households,Total,Iceland,2010,92.04,,
ESTAT:ISOC_CI_IN_H(1.0),16/12/25 11:00:00,Annual,Percentage of households,Total,Iceland,2011,92.59,,
ESTAT:ISOC_CI_IN_H(1.0),16/12/25 11:00:00,Annual,Percentage of households,Total,Iceland,2012,94.60,,
ESTAT:ISOC_CI_IN_H(1.0),16/12/25 11:00:00,Annual,Percentage of households,Total,Iceland,2013,96.41,,
ESTAT:ISOC_CI_IN_H(1.0),16/12/25 11:00:00,Annual,Percentage of households,Total,Iceland,2014,96.48,,
ESTAT:ISOC_CI_IN_H(1.0),16/12/25 11:00:00,Annual,Percentage of households,Total,Iceland,2017,97.86,,
ESTAT:ISOC_CI_IN_H(1.0),16/12/25 11:00:00,Annual,Percentage of households,Total,Iceland,2018,99.18,,
ESTAT:ISOC_CI_IN_H(1.0),16/12/25 11:00:00,Annual,Percentage of households,Total,Iceland,2019,97.70,,
ESTAT:ISOC_CI_IN_H(1.0),16/12/25 11:00:00,Annual,Percentage of households,Total,Iceland,2020,98.48,,
ESTAT:ISOC_CI_IN_H(1.0),16/12/25 11:00:00,Annual,Percentage of households,Total,Iceland,2021,98.36,,
ESTAT:ISOC_CI_IN_H(1.0),16/12/25 11:00:00,Annual,Percentage of households,Total,Italy,2002,33.75,,
ESTAT:ISOC_CI_IN_H(1.0),16/12/25 11:00:00,Annual,Percentage of households,Total,Italy,2003,32.08,,
ESTAT:ISOC_CI_IN_H(1.0),16/12/25 11:00:00,Annual,Percentage of households,Total,Italy,2004,34.11,,
ESTAT:ISOC_CI_IN_H(1.0),16/12/25 11:00:00,Annual,Percentage of households,Total,Italy,2005,38.58,,
ESTAT:ISOC_CI_IN_H(1.0),16/12/25 11:00:00,Annual,Percentage of households,Total,Italy,2006,40.01,,
ESTAT:ISOC_CI_IN_H(1.0),16/12/25 11:00:00,Annual,Percentage of households,Total,Italy,2007,43.38,,
ESTAT:ISOC_CI_IN_H(1.0),16/12/25 11:00:00,Annual,Percentage of households,Total,Italy,2008,46.93,,
ESTAT:ISOC_CI_IN_H(1.0),16/12/25 11:00:00,Annual,Percentage of households,Total,Italy,2009,53.48,,
ESTAT:ISOC_CI_IN_H(1.0),16/12/25 11:00:00,Annual,Percentage of households,Total,Italy,2010,58.97,,
ESTAT:ISOC_CI_IN_H(1.0),16/12/25 11:00:00,Annual,Percentage of households,Total,Italy,2011,61.57,,
ESTAT:ISOC_CI_IN_H(1.0),16/12/25 11:00:00,Annual,Percentage of households,Total,Italy,2012,62.92,,
ESTAT:ISOC_CI_IN_H(1.0),16/12/25 11:00:00,Annual,Percentage of households,Total,Italy,2013,68.91,,
ESTAT:ISOC_CI_IN_H(1.0),16/12/25 11:00:00,Annual,Percentage of households,Total,Italy,2014,72.61,,
ESTAT:ISOC_CI_IN_H(1.0),16/12/25 11:00:00,Annual,Percentage of households,Total,Italy,2015,75.39,,
ESTAT:ISOC_CI_IN_H(1.0),16/12/25 11:00:00,Annual,Percentage of households,Total,Italy,2016,78.51,,
ESTAT:ISOC_CI_IN_H(1.0),16/12/25 11:00:00,Annual,Percentage of households,Total,Italy,2017,81.02,,
ESTAT:ISOC_CI_IN_H(1.0),16/12/25 11:00:00,Annual,Percentage of households,Total,Italy,2018,84.34,,
ESTAT:ISOC_CI_IN_H(1.0),16/12/25 11:00:00,Annual,Percentage of households,Total,Italy,2019,85.17,,
ESTAT:ISOC_CI_IN_H(1.0),16/12/25 11:00:00,Annual,Percentage of households,Total,Italy,2020,88.10,,
ESTAT:ISOC_CI_IN_H(1.0),16/12/25 11:00:00,Annual,Percentage of households,Total,Italy,2021,90.49,,
ESTAT:ISOC_CI_IN_H(1.0),16/12/25 11:00:00,Annual,Percentage of households,Total,Italy,2022,91.45,,
ESTAT:ISOC_CI_IN_H(1.0),16/12/25 11:00:00,Annual,Percentage of households,Total,Italy,2023,91.89,,
ESTAT:ISOC_CI_IN_H(1.0),16/12/25 11:00:00,Annual,Percentage of households,Total,Italy,2024,93.41,,
ESTAT:ISOC_CI_IN_H(1.0),16/12/25 11:00:00,Annual,Percentage of households,Total,Italy,2025,94.12,,
ESTAT:ISOC_CI_IN_H(1.0),16/12/25 11:00:00,Annual,Percentage of households,Total,Lithuania,2002,4.10,,
ESTAT:ISOC_CI_IN_H(1.0),16/12/25 11:00:00,Annual,Percentage of households,Total,Lithuania,2003,6.15,,
ESTAT:ISOC_CI_IN_H(1.0),16/12/25 11:00:00,Annual,Percentage of households,Total,Lithuania,2004,11.60,,
ESTAT:ISOC_CI_IN_H(1.0),16/12/25 11:00:00,Annual,Percentage of households,Total,Lithuania,2005,15.78,,
ESTAT:ISOC_CI_IN_H(1.0),16/12/25 11:00:00,Annual,Percentage of households,Total,Lithuania,2006,34.51,,
ESTAT:ISOC_CI_IN_H(1.0),16/12/25 11:00:00,Annual,Percentage of households,Total,Lithuania,2007,44.36,,
ESTAT:ISOC_CI_IN_H(1.0),16/12/25 11:00:00,Annual,Percentage of households,Total,Lithuania,2008,50.94,,
ESTAT:ISOC_CI_IN_H(1.0),16/12/25 11:00:00,Annual,Percentage of households,Total,Lithuania,2009,60.00,,
ESTAT:ISOC_CI_IN_H(1.0),16/12/25 11:00:00,Annual,Percentage of households,Total,Lithuania,2010,60.58,,
ESTAT:ISOC_CI_IN_H(1.0),16/12/25 11:00:00,Annual,Percentage of households,Total,Lithuania,2011,60.14,,
ESTAT:ISOC_CI_IN_H(1.0),16/12/25 11:00:00,Annual,Percentage of households,Total,Lithuania,2012,60.12,,
ESTAT:ISOC_CI_IN_H(1.0),16/12/25 11:00:00,Annual,Percentage of households,Total,Lithuania,2013,64.73,,
ESTAT:ISOC_CI_IN_H(1.0),16/12/25 11:00:00,Annual,Percentage of households,Total,Lithuania,2014,65.97,,
ESTAT:ISOC_CI_IN_H(1.0),16/12/25 11:00:00,Annual,Percentage of households,Total,Lithuania,2015,68.26,,
ESTAT:ISOC_CI_IN_H(1.0),16/12/25 11:00:00,Annual,Percentage of households,Total,Lithuania,2016,71.75,,
ESTAT:ISOC_CI_IN_H(1.0),16/12/25 11:00:00,Annual,Percentage of households,Total,Lithuania,2017,74.97,,
ESTAT:ISOC_CI_IN_H(1.0),16/12/25 11:00:00,Annual,Percentage of households,Total,Lithuania,2018,78.38,,
ESTAT:ISOC_CI_IN_H(1.0),16/12/25 11:00:00,Annual,Percentage of households,Total,Lithuania,2019,81.52,,
ESTAT:ISOC_CI_IN_H(1.0),16/12/25 11:00:00,Annual,Percentage of households,Total,Lithuania,2020,82.13,,
ESTAT:ISOC_CI_IN_H(1.0),16/12/25 11:00:00,Annual,Percentage of households,Total,Lithuania,2021,86.55,,
ESTAT:ISOC_CI_IN_H(1.0),16/12/25 11:00:00,Annual,Percentage of households,Total,Lithuania,2022,87.71,,
ESTAT:ISOC_CI_IN_H(1.0),16/12/25 11:00:00,Annual,Percentage of households,Total,Lithuania,2023,88.59,,
ESTAT:ISOC_CI_IN_H(1.0),16/12/25 11:00:00,Annual,Percentage of households,Total,Lithuania,2024,90.38,,
ESTAT:ISOC_CI_IN_H(1.0),16/12/25 11:00:00,Annual,Percentage of households,Total,Lithuania,2025,89.35,,
ESTAT:ISOC_CI_IN_H(1.0),16/12/25 11:00:00,Annual,Percentage of households,Total,Luxembourg,2002,39.89,,
ESTAT:ISOC_CI_IN_H(1.0),16/12/25 11:00:00,Annual,Percentage of households,Total,Luxembourg,2003,45.39,,
ESTAT:ISOC_CI_IN_H(1.0),16/12/25 11:00:00,Annual,Percentage of households,Total,Luxembourg,2004,58.64,,
ESTAT:ISOC_CI_IN_H(1.0),16/12/25 11:00:00,Annual,Percentage of households,Total,Luxembourg,2005,64.58,,
ESTAT:ISOC_CI_IN_H(1.0),16/12/25 11:00:00,Annual,Percentage of households,Total,Luxembourg,2006,70.18,,
ESTAT:ISOC_CI_IN_H(1.0),16/12/25 11:00:00,Annual,Percentage of households,Total,Luxembourg,2007,74.55,,
ESTAT:ISOC_CI_IN_H(1.0),16/12/25 11:00:00,Annual,Percentage of households,Total,Luxembourg,2008,80.09,,
ESTAT:ISOC_CI_IN_H(1.0),16/12/25 11:00:00,Annual,Percentage of households,Total,Luxembourg,2009,87.20,,
ESTAT:ISOC_CI_IN_H(1.0),16/12/25 11:00:00,Annual,Percentage of households,Total,Luxembourg,2010,90.28,,
ESTAT:ISOC_CI_IN_H(1.0),16/12/25 11:00:00,Annual,Percentage of households,Total,Luxembourg,2011,90.62,,
ESTAT:ISOC_CI_IN_H(1.0),16/12/25 11:00:00,Annual,Percentage of households,Total,Luxembourg,2012,93.08,,
ESTAT:ISOC_CI_IN_H(1.0),16/12/25 11:00:00,Annual,Percentage of households,Total,Luxembourg,2013,94.46,,
ESTAT:ISOC_CI_IN_H(1.0),16/12/25 11:00:00,Annual,Percentage of households,Total,Luxembourg,2014,95.56,,
ESTAT:ISOC_CI_IN_H(1.0),16/12/25 11:00:00,Annual,Percentage of households,Total,Luxembourg,2015,96.78,,
ESTAT:ISOC_CI_IN_H(1.0),16/12/25 11:00:00,Annual,Percentage of households,Total,Luxembourg,2016,97.04,,
ESTAT:ISOC_CI_IN_H(1.0),16/12/25 11:00:00,Annual,Percentage of households,Total,Luxembourg,2017,97.23,,
ESTAT:ISOC_CI_IN_H(1.0),16/12/25 11:00:00,Annual,Percentage of households,Total,Luxembourg,2018,92.99,b,
ESTAT:ISOC_CI_IN_H(1.0),16/12/25 11:00:00,Annual,Percentage of households,Total,Luxembourg,2019,95.20,,
ESTAT:ISOC_CI_IN_H(1.0),16/12/25 11:00:00,Annual,Percentage of households,Total,Luxembourg,2020,93.57,,
ESTAT:ISOC_CI_IN_H(1.0),16/12/25 11:00:00,Annual,Percentage of households,Total,Luxembourg,2021,99.18,,
ESTAT:ISOC_CI_IN_H(1.0),16/12/25 11:00:00,Annual,Percentage of households,Total,Luxembourg,2022,97.64,,
ESTAT:ISOC_CI_IN_H(1.0),16/12/25 11:00:00,Annual,Percentage of households,Total,Luxembourg,2023,99.06,,
ESTAT:ISOC_CI_IN_H(1.0),16/12/25 11:00:00,Annual,Percentage of households,Total,Luxembourg,2024,98.84,,
ESTAT:ISOC_CI_IN_H(1.0),16/12/25 11:00:00,Annual,Percentage of households,Total,Luxembourg,2025,99.07,,
ESTAT:ISOC_CI_IN_H(1.0),16/12/25 11:00:00,Annual,Percentage of households,Total,Latvia,2002,3.00,,
ESTAT:ISOC_CI_IN_H(1.0),16/12/25 11:00:00,Annual,Percentage of households,Total,Latvia,2004,14.65,,
ESTAT:ISOC_CI_IN_H(1.0),16/12/25 11:00:00,Annual,Percentage of households,Total,Latvia,2005,30.52,,
ESTAT:ISOC_CI_IN_H(1.0),16/12/25 11:00:00,Annual,Percentage of households,Total,Latvia,2006,42.20,,
ESTAT:ISOC_CI_IN_H(1.0),16/12/25 11:00:00,Annual,Percentage of households,Total,Latvia,2007,50.53,,
ESTAT:ISOC_CI_IN_H(1.0),16/12/25 11:00:00,Annual,Percentage of households,Total,Latvia,2008,52.81,,
ESTAT:ISOC_CI_IN_H(1.0),16/12/25 11:00:00,Annual,Percentage of households,Total,Latvia,2009,58.02,,
ESTAT:ISOC_CI_IN_H(1.0),16/12/25 11:00:00,Annual,Percentage of households,Total,Latvia,2010,59.77,,
ESTAT:ISOC_CI_IN_H(1.0),16/12/25 11:00:00,Annual,Percentage of households,Total,Latvia,2011,63.64,,
ESTAT:ISOC_CI_IN_H(1.0),16/12/25 11:00:00,Annual,Percentage of households,Total,Latvia,2012,68.68,,
ESTAT:ISOC_CI_IN_H(1.0),16/12/25 11:00:00,Annual,Percentage of households,Total,Latvia,2013,71.60,,
ESTAT:ISOC_CI_IN_H(1.0),16/12/25 11:00:00,Annual,Percentage of households,Total,Latvia,2014,73.38,,
ESTAT:ISOC_CI_IN_H(1.0),16/12/25 11:00:00,Annual,Percentage of households,Total,Latvia,2015,76.00,,
ESTAT:ISOC_CI_IN_H(1.0),16/12/25 11:00:00,Annual,Percentage of households,Total,Latvia,2016,77.34,b,
ESTAT:ISOC_CI_IN_H(1.0),16/12/25 11:00:00,Annual,Percentage of households,Total,Latvia,2017,78.61,,
ESTAT:ISOC_CI_IN_H(1.0),16/12/25 11:00:00,Annual,Percentage of households,Total,Latvia,2018,81.58,,
ESTAT:ISOC_CI_IN_H(1.0),16/12/25 11:00:00,Annual,Percentage of households,Total,Latvia,2019,85.45,,
ESTAT:ISOC_CI_IN_H(1.0),16/12/25 11:00:00,Annual,Percentage of households,Total,Latvia,2020,89.73,,
ESTAT:ISOC_CI_IN_H(1.0),16/12/25 11:00:00,Annual,Percentage of households,Total,Latvia,2021,91.15,,
ESTAT:ISOC_CI_IN_H(1.0),16/12/25 11:00:00,Annual,Percentage of households,Total,Latvia,2022,91.39,,
ESTAT:ISOC_CI_IN_H(1.0),16/12/25 11:00:00,Annual,Percentage of households,Total,Latvia,2023,93.07,,
ESTAT:ISOC_CI_IN_H(1.0),16/12/25 11:00:00,Annual,Percentage of households,Total,Latvia,2024,94.33,,
ESTAT:ISOC_CI_IN_H(1.0),16/12/25 11:00:00,Annual,Percentage of households,Total,Latvia,2025,94.08,,
ESTAT:ISOC_CI_IN_H(1.0),16/12/25 11:00:00,Annual,Percentage of households,Total,Montenegro,2012,54.99,,
ESTAT:ISOC_CI_IN_H(1.0),16/12/25 11:00:00,Annual,Percentage of households,Total,Montenegro,2017,70.57,,
ESTAT:ISOC_CI_IN_H(1.0),16/12/25 11:00:00,Annual,Percentage of households,Total,Montenegro,2018,72.18,,
ESTAT:ISOC_CI_IN_H(1.0),16/12/25 11:00:00,Annual,Percentage of households,Total,Montenegro,2019,74.25,,
ESTAT:ISOC_CI_IN_H(1.0),16/12/25 11:00:00,Annual,Percentage of households,Total,Montenegro,2020,80.26,,
ESTAT:ISOC_CI_IN_H(1.0),16/12/25 11:00:00,Annual,Percentage of households,Total,Montenegro,2021,80.76,,
ESTAT:ISOC_CI_IN_H(1.0),16/12/25 11:00:00,Annual,Percentage of households,Total,Montenegro,2022,80.96,,
ESTAT:ISOC_CI_IN_H(1.0),16/12/25 11:00:00,Annual,Percentage of households,Total,Montenegro,2023,81.28,,
ESTAT:ISOC_CI_IN_H(1.0),16/12/25 11:00:00,Annual,Percentage of households,Total,Montenegro,2024,84.50,,
ESTAT:ISOC_CI_IN_H(1.0),16/12/25 11:00:00,Annual,Percentage of households,Total,Montenegro,2025,88.07,,
ESTAT:ISOC_CI_IN_H(1.0),16/12/25 11:00:00,Annual,Percentage of households,Total,North Macedonia,2004,11.18,,
ESTAT:ISOC_CI_IN_H(1.0),16/12/25 11:00:00,Annual,Percentage of households,Total,North Macedonia,2006,13.90,,
ESTAT:ISOC_CI_IN_H(1.0),16/12/25 11:00:00,Annual,Percentage of households,Total,North Macedonia,2008,29.36,,
ESTAT:ISOC_CI_IN_H(1.0),16/12/25 11:00:00,Annual,Percentage of households,Total,North Macedonia,2009,41.79,,
ESTAT:ISOC_CI_IN_H(1.0),16/12/25 11:00:00,Annual,Percentage of households,Total,North Macedonia,2010,46.10,,
ESTAT:ISOC_CI_IN_H(1.0),16/12/25 11:00:00,Annual,Percentage of households,Total,North Macedonia,2012,58.30,,
ESTAT:ISOC_CI_IN_H(1.0),16/12/25 11:00:00,Annual,Percentage of households,Total,North Macedonia,2013,65.08,,
ESTAT:ISOC_CI_IN_H(1.0),16/12/25 11:00:00,Annual,Percentage of households,Total,North Macedonia,2014,68.34,,
ESTAT:ISOC_CI_IN_H(1.0),16/12/25 11:00:00,Annual,Percentage of households,Total,North Macedonia,2015,69.38,,
ESTAT:ISOC_CI_IN_H(1.0),16/12/25 11:00:00,Annual,Percentage of households,Total,North Macedonia,2016,75.29,,
ESTAT:ISOC_CI_IN_H(1.0),16/12/25 11:00:00,Annual,Percentage of households,Total,North Macedonia,2017,73.58,,
ESTAT:ISOC_CI_IN_H(1.0),16/12/25 11:00:00,Annual,Percentage of households,Total,North Macedonia,2018,79.32,,
ESTAT:ISOC_CI_IN_H(1.0),16/12/25 11:00:00,Annual,Percentage of households,Total,North Macedonia,2019,81.62,,
ESTAT:ISOC_CI_IN_H(1.0),16/12/25 11:00:00,Annual,Percentage of households,Total,North Macedonia,2020,79.39,,
ESTAT:ISOC_CI_IN_H(1.0),16/12/25 11:00:00,Annual,Percentage of households,Total,North Macedonia,2021,83.74,,
ESTAT:ISOC_CI_IN_H(1.0),16/12/25 11:00:00,Annual,Percentage of households,Total,North Macedonia,2024,90.81,,
ESTAT:ISOC_CI_IN_H(1.0),16/12/25 11:00:00,Annual,Percentage of households,Total,North Macedonia,2025,91.21,,
ESTAT:ISOC_CI_IN_H(1.0),16/12/25 11:00:00,Annual,Percentage of households,Total,Malta,2005,40.57,,
ESTAT:ISOC_CI_IN_H(1.0),16/12/25 11:00:00,Annual,Percentage of households,Total,Malta,2006,52.78,,
ESTAT:ISOC_CI_IN_H(1.0),16/12/25 11:00:00,Annual,Percentage of households,Total,Malta,2007,53.92,,
ESTAT:ISOC_CI_IN_H(1.0),16/12/25 11:00:00,Annual,Percentage of households,Total,Malta,2008,59.00,,
ESTAT:ISOC_CI_IN_H(1.0),16/12/25 11:00:00,Annual,Percentage of households,Total,Malta,2009,64.45,,
ESTAT:ISOC_CI_IN_H(1.0),16/12/25 11:00:00,Annual,Percentage of households,Total,Malta,2010,70.45,,
ESTAT:ISOC_CI_IN_H(1.0),16/12/25 11:00:00,Annual,Percentage of households,Total,Malta,2011,75.29,,
ESTAT:ISOC_CI_IN_H(1.0),16/12/25 11:00:00,Annual,Percentage of households,Total,Malta,2012,76.70,,
ESTAT:ISOC_CI_IN_H(1.0),16/12/25 11:00:00,Annual,Percentage of households,Total,Malta,2013,78.04,,
ESTAT:ISOC_CI_IN_H(1.0),16/12/25 11:00:00,Annual,Percentage of households,Total,Malta,2014,80.32,,
ESTAT:ISOC_CI_IN_H(1.0),16/12/25 11:00:00,Annual,Percentage of households,Total,Malta,2015,81.00,,
ESTAT:ISOC_CI_IN_H(1.0),16/12/25 11:00:00,Annual,Percentage of households,Total,Malta,2016,81.41,,
ESTAT:ISOC_CI_IN_H(1.0),16/12/25 11:00:00,Annual,Percentage of households,Total,Malta,2017,84.77,,
ESTAT:ISOC_CI_IN_H(1.0),16/12/25 11:00:00,Annual,Percentage of households,Total,Malta,2018,84.14,,
ESTAT:ISOC_CI_IN_H(1.0),16/12/25 11:00:00,Annual,Percentage of households,Total,Malta,2019,86.08,,
ESTAT:ISOC_CI_IN_H(1.0),16/12/25 11:00:00,Annual,Percentage of households,Total,Malta,2020,90.36,,
ESTAT:ISOC_CI_IN_H(1.0),16/12/25 11:00:00,Annual,Percentage of households,Total,Malta,2021,90.54,,
ESTAT:ISOC_CI_IN_H(1.0),16/12/25 11:00:00,Annual,Percentage of households,Total,Malta,2022,93.39,,
ESTAT:ISOC_CI_IN_H(1.0),16/12/25 11:00:00,Annual,Percentage of households,Total,Malta,2023,93.54,,
ESTAT:ISOC_CI_IN_H(1.0),16/12/25 11:00:00,Annual,Percentage of households,Total,Malta,2024,95.58,,
ESTAT:ISOC_CI_IN_H(1.0),16/12/25 11:00:00,Annual,Percentage of households,Total,Malta,2025,97.77,,
ESTAT:ISOC_CI_IN_H(1.0),16/12/25 11:00:00,Annual,Percentage of households,Total,Netherlands,2002,58.00,,
ESTAT:ISOC_CI_IN_H(1.0),16/12/25 11:00:00,Annual,Percentage of households,Total,Netherlands,2003,60.53,,
ESTAT:ISOC_CI_IN_H(1.0),16/12/25 11:00:00,Annual,Percentage of households,Total,Netherlands,2004,64.99,,
ESTAT:ISOC_CI_IN_H(1.0),16/12/25 11:00:00,Annual,Percentage of households,Total,Netherlands,2005,78.26,,
ESTAT:ISOC_CI_IN_H(1.0),16/12/25 11:00:00,Annual,Percentage of households,Total,Netherlands,2006,80.26,,
ESTAT:ISOC_CI_IN_H(1.0),16/12/25 11:00:00,Annual,Percentage of households,Total,Netherlands,2007,82.89,,
ESTAT:ISOC_CI_IN_H(1.0),16/12/25 11:00:00,Annual,Percentage of households,Total,Netherlands,2008,86.08,,
ESTAT:ISOC_CI_IN_H(1.0),16/12/25 11:00:00,Annual,Percentage of households,Total,Netherlands,2009,89.70,,
ESTAT:ISOC_CI_IN_H(1.0),16/12/25 11:00:00,Annual,Percentage of households,Total,Netherlands,2010,90.89,,
ESTAT:ISOC_CI_IN_H(1.0),16/12/25 11:00:00,Annual,Percentage of households,Total,Netherlands,2011,93.64,,
ESTAT:ISOC_CI_IN_H(1.0),16/12/25 11:00:00,Annual,Percentage of households,Total,Netherlands,2012,93.55,,
ESTAT:ISOC_CI_IN_H(1.0),16/12/25 11:00:00,Annual,Percentage of households,Total,Netherlands,2013,94.63,,
ESTAT:ISOC_CI_IN_H(1.0),16/12/25 11:00:00,Annual,Percentage of households,Total,Netherlands,2014,95.78,,
ESTAT:ISOC_CI_IN_H(1.0),16/12/25 11:00:00,Annual,Percentage of households,Total,Netherlands,2015,95.97,,
ESTAT:ISOC_CI_IN_H(1.0),16/12/25 11:00:00,Annual,Percentage of households,Total,Netherlands,2016,96.66,,
ESTAT:ISOC_CI_IN_H(1.0),16/12/25 11:00:00,Annual,Percentage of households,Total,Netherlands,2017,98.23,,
ESTAT:ISOC_CI_IN_H(1.0),16/12/25 11:00:00,Annual,Percentage of households,Total,Netherlands,2018,98.00,,
ESTAT:ISOC_CI_IN_H(1.0),16/12/25 11:00:00,Annual,Percentage of households,Total,Netherlands,2019,98.41,,
ESTAT:ISOC_CI_IN_H(1.0),16/12/25 11:00:00,Annual,Percentage of households,Total,Netherlands,2020,96.95,,
ESTAT:ISOC_CI_IN_H(1.0),16/12/25 11:00:00,Annual,Percentage of households,Total,Netherlands,2021,98.56,,
ESTAT:ISOC_CI_IN_H(1.0),16/12/25 11:00:00,Annual,Percentage of households,Total,Netherlands,2022,98.28,,
ESTAT:ISOC_CI_IN_H(1.0),16/12/25 11:00:00,Annual,Percentage of households,Total,Netherlands,2023,98.86,,
ESTAT:ISOC_CI_IN_H(1.0),16/12/25 11:00:00,Annual,Percentage of households,Total,Netherlands,2024,99.04,,
ESTAT:ISOC_CI_IN_H(1.0),16/12/25 11:00:00,Annual,Percentage of households,Total,Netherlands,2025,99.28,,
ESTAT:ISOC_CI_IN_H(1.0),16/12/25 11:00:00,Annual,Percentage of households,Total,Norway,2003,60.49,,
ESTAT:ISOC_CI_IN_H(1.0),16/12/25 11:00:00,Annual,Percentage of households,Total,Norway,2004,60.09,,
ESTAT:ISOC_CI_IN_H(1.0),16/12/25 11:00:00,Annual,Percentage of households,Total,Norway,2005,64.01,,
ESTAT:ISOC_CI_IN_H(1.0),16/12/25 11:00:00,Annual,Percentage of households,Total,Norway,2006,68.79,,
ESTAT:ISOC_CI_IN_H(1.0),16/12/25 11:00:00,Annual,Percentage of households,Total,Norway,2007,77.59,,
ESTAT:ISOC_CI_IN_H(1.0),16/12/25 11:00:00,Annual,Percentage of households,Total,Norway,2008,83.97,,
ESTAT:ISOC_CI_IN_H(1.0),16/12/25 11:00:00,Annual,Percentage of households,Total,Norway,2009,85.56,,
ESTAT:ISOC_CI_IN_H(1.0),16/12/25 11:00:00,Annual,Percentage of households,Total,Norway,2010,89.79,,
ESTAT:ISOC_CI_IN_H(1.0),16/12/25 11:00:00,Annual,Percentage of households,Total,Norway,2011,92.24,,
ESTAT:ISOC_CI_IN_H(1.0),16/12/25 11:00:00,Annual,Percentage of households,Total,Norway,2012,92.69,,
ESTAT:ISOC_CI_IN_H(1.0),16/12/25 11:00:00,Annual,Percentage of households,Total,Norway,2013,94.29,,
ESTAT:ISOC_CI_IN_H(1.0),16/12/25 11:00:00,Annual,Percentage of households,Total,Norway,2014,93.07,,
ESTAT:ISOC_CI_IN_H(1.0),16/12/25 11:00:00,Annual,Percentage of households,Total,Norway,2015,96.60,,
ESTAT:ISOC_CI_IN_H(1.0),16/12/25 11:00:00,Annual,Percentage of households,Total,Norway,2016,97.05,,
ESTAT:ISOC_CI_IN_H(1.0),16/12/25 11:00:00,Annual,Percentage of households,Total,Norway,2017,96.65,,
ESTAT:ISOC_CI_IN_H(1.0),16/12/25 11:00:00,Annual,Percentage of households,Total,Norway,2018,96.01,,
ESTAT:ISOC_CI_IN_H(1.0),16/12/25 11:00:00,Annual,Percentage of households,Total,Norway,2019,98.38,,
ESTAT:ISOC_CI_IN_H(1.0),16/12/25 11:00:00,Annual,Percentage of households,Total,Norway,2020,96.20,,
ESTAT:ISOC_CI_IN_H(1.0),16/12/25 11:00:00,Annual,Percentage of households,Total,Norway,2021,98.93,,
ESTAT:ISOC_CI_IN_H(1.0),16/12/25 11:00:00,Annual,Percentage of households,Total,Norway,2022,99.01,,
ESTAT:ISOC_CI_IN_H(1.0),16/12/25 11:00:00,Annual,Percentage of households,Total,Norway,2023,99.01,,
ESTAT:ISOC_CI_IN_H(1.0),16/12/25 11:00:00,Annual,Percentage of households,Total,Norway,2024,98.10,,
ESTAT:ISOC_CI_IN_H(1.0),16/12/25 11:00:00,Annual,Percentage of households,Total,Norway,2025,99.04,,
ESTAT:ISOC_CI_IN_H(1.0),16/12/25 11:00:00,Annual,Percentage of households,Total,Poland,2002,11.00,,
ESTAT:ISOC_CI_IN_H(1.0),16/12/25 11:00:00,Annual,Percentage of households,Total,Poland,2003,14.00,,
ESTAT:ISOC_CI_IN_H(1.0),16/12/25 11:00:00,Annual,Percentage of households,Total,Poland,2004,26.02,,
ESTAT:ISOC_CI_IN_H(1.0),16/12/25 11:00:00,Annual,Percentage of households,Total,Poland,2005,30.44,,
ESTAT:ISOC_CI_IN_H(1.0),16/12/25 11:00:00,Annual,Percentage of households,Total,Poland,2006,35.94,,
ESTAT:ISOC_CI_IN_H(1.0),16/12/25 11:00:00,Annual,Percentage of households,Total,Poland,2007,40.98,,
ESTAT:ISOC_CI_IN_H(1.0),16/12/25 11:00:00,Annual,Percentage of households,Total,Poland,2008,47.60,,
ESTAT:ISOC_CI_IN_H(1.0),16/12/25 11:00:00,Annual,Percentage of households,Total,Poland,2009,58.59,,
ESTAT:ISOC_CI_IN_H(1.0),16/12/25 11:00:00,Annual,Percentage of households,Total,Poland,2010,63.44,,
ESTAT:ISOC_CI_IN_H(1.0),16/12/25 11:00:00,Annual,Percentage of households,Total,Poland,2011,66.64,,
ESTAT:ISOC_CI_IN_H(1.0),16/12/25 11:00:00,Annual,Percentage of households,Total,Poland,2012,70.49,,
ESTAT:ISOC_CI_IN_H(1.0),16/12/25 11:00:00,Annual,Percentage of households,Total,Poland,2013,71.90,,
ESTAT:ISOC_CI_IN_H(1.0),16/12/25 11:00:00,Annual,Percentage of households,Total,Poland,2014,74.76,,
ESTAT:ISOC_CI_IN_H(1.0),16/12/25 11:00:00,Annual,Percentage of households,Total,Poland,2015,75.78,,
ESTAT:ISOC_CI_IN_H(1.0),16/12/25 11:00:00,Annual,Percentage of households,Total,Poland,2016,80.45,,
ESTAT:ISOC_CI_IN_H(1.0),16/12/25 11:00:00,Annual,Percentage of households,Total,Poland,2017,81.88,,
ESTAT:ISOC_CI_IN_H(1.0),16/12/25 11:00:00,Annual,Percentage of households,Total,Poland,2018,84.19,,
ESTAT:ISOC_CI_IN_H(1.0),16/12/25 11:00:00,Annual,Percentage of households,Total,Poland,2019,86.75,,
ESTAT:ISOC_CI_IN_H(1.0),16/12/25 11:00:00,Annual,Percentage of households,Total,Poland,2020,90.38,,
ESTAT:ISOC_CI_IN_H(1.0),16/12/25 11:00:00,Annual,Percentage of households,Total,Poland,2021,92.42,,
ESTAT:ISOC_CI_IN_H(1.0),16/12/25 11:00:00,Annual,Percentage of households,Total,Poland,2022,93.33,,
ESTAT:ISOC_CI_IN_H(1.0),16/12/25 11:00:00,Annual,Percentage of households,Total,Poland,2023,93.30,,
ESTAT:ISOC_CI_IN_H(1.0),16/12/25 11:00:00,Annual,Percentage of households,Total,Poland,2024,95.89,,
ESTAT:ISOC_CI_IN_H(1.0),16/12/25 11:00:00,Annual,Percentage of households,Total,Poland,2025,96.20,,
ESTAT:ISOC_CI_IN_H(1.0),16/12/25 11:00:00,Annual,Percentage of households,Total,Portugal,2002,15.12,,
ESTAT:ISOC_CI_IN_H(1.0),16/12/25 11:00:00,Annual,Percentage of households,Total,Portugal,2003,21.69,,
ESTAT:ISOC_CI_IN_H(1.0),16/12/25 11:00:00,Annual,Percentage of households,Total,Portugal,2004,26.17,,
ESTAT:ISOC_CI_IN_H(1.0),16/12/25 11:00:00,Annual,Percentage of households,Total,Portugal,2005,31.46,,
ESTAT:ISOC_CI_IN_H(1.0),16/12/25 11:00:00,Annual,Percentage of households,Total,Portugal,2006,35.15,,
ESTAT:ISOC_CI_IN_H(1.0),16/12/25 11:00:00,Annual,Percentage of households,Total,Portugal,2007,39.61,,
ESTAT:ISOC_CI_IN_H(1.0),16/12/25 11:00:00,Annual,Percentage of households,Total,Portugal,2008,46.04,,
ESTAT:ISOC_CI_IN_H(1.0),16/12/25 11:00:00,Annual,Percentage of households,Total,Portugal,2009,47.89,,
ESTAT:ISOC_CI_IN_H(1.0),16/12/25 11:00:00,Annual,Percentage of households,Total,Portugal,2010,53.73,,
ESTAT:ISOC_CI_IN_H(1.0),16/12/25 11:00:00,Annual,Percentage of households,Total,Portugal,2011,57.97,,
ESTAT:ISOC_CI_IN_H(1.0),16/12/25 11:00:00,Annual,Percentage of households,Total,Portugal,2012,61.02,,
ESTAT:ISOC_CI_IN_H(1.0),16/12/25 11:00:00,Annual,Percentage of households,Total,Portugal,2013,62.34,,
ESTAT:ISOC_CI_IN_H(1.0),16/12/25 11:00:00,Annual,Percentage of households,Total,Portugal,2014,64.87,,
ESTAT:ISOC_CI_IN_H(1.0),16/12/25 11:00:00,Annual,Percentage of households,Total,Portugal,2015,70.23,,
ESTAT:ISOC_CI_IN_H(1.0),16/12/25 11:00:00,Annual,Percentage of households,Total,Portugal,2016,74.05,,
ESTAT:ISOC_CI_IN_H(1.0),16/12/25 11:00:00,Annual,Percentage of households,Total,Portugal,2017,76.94,,
ESTAT:ISOC_CI_IN_H(1.0),16/12/25 11:00:00,Annual,Percentage of households,Total,Portugal,2018,79.43,,
ESTAT:ISOC_CI_IN_H(1.0),16/12/25 11:00:00,Annual,Percentage of households,Total,Portugal,2019,80.94,,
ESTAT:ISOC_CI_IN_H(1.0),16/12/25 11:00:00,Annual,Percentage of households,Total,Portugal,2020,84.49,,
ESTAT:ISOC_CI_IN_H(1.0),16/12/25 11:00:00,Annual,Percentage of households,Total,Portugal,2021,87.34,,
ESTAT:ISOC_CI_IN_H(1.0),16/12/25 11:00:00,Annual,Percentage of households,Total,Portugal,2022,88.15,,
ESTAT:ISOC_CI_IN_H(1.0),16/12/25 11:00:00,Annual,Percentage of households,Total,Portugal,2023,89.01,,
ESTAT:ISOC_CI_IN_H(1.0),16/12/25 11:00:00,Annual,Percentage of households,Total,Portugal,2024,90.60,,
ESTAT:ISOC_CI_IN_H(1.0),16/12/25 11:00:00,Annual,Percentage of households,Total,Portugal,2025,90.92,,
ESTAT:ISOC_CI_IN_H(1.0),16/12/25 11:00:00,Annual,Percentage of households,Total,Romania,2004,5.58,,
ESTAT:ISOC_CI_IN_H(1.0),16/12/25 11:00:00,Annual,Percentage of households,Total,Romania,2006,14.25,,
ESTAT:ISOC_CI_IN_H(1.0),16/12/25 11:00:00,Annual,Percentage of households,Total,Romania,2007,22.25,,
ESTAT:ISOC_CI_IN_H(1.0),16/12/25 11:00:00,Annual,Percentage of households,Total,Romania,2008,29.60,,
ESTAT:ISOC_CI_IN_H(1.0),16/12/25 11:00:00,Annual,Percentage of households,Total,Romania,2009,37.95,,
ESTAT:ISOC_CI_IN_H(1.0),16/12/25 11:00:00,Annual,Percentage of households,Total,Romania,2010,42.18,,
ESTAT:ISOC_CI_IN_H(1.0),16/12/25 11:00:00,Annual,Percentage of households,Total,Romania,2011,47.44,,
ESTAT:ISOC_CI_IN_H(1.0),16/12/25 11:00:00,Annual,Percentage of households,Total,Romania,2012,53.77,,
ESTAT:ISOC_CI_IN_H(1.0),16/12/25 11:00:00,Annual,Percentage of households,Total,Romania,2013,58.07,,
ESTAT:ISOC_CI_IN_H(1.0),16/12/25 11:00:00,Annual,Percentage of households,Total,Romania,2014,60.54,b,
ESTAT:ISOC_CI_IN_H(1.0),16/12/25 11:00:00,Annual,Percentage of households,Total,Romania,2015,67.71,,
ESTAT:ISOC_CI_IN_H(1.0),16/12/25 11:00:00,Annual,Percentage of households,Total,Romania,2016,72.40,,
ESTAT:ISOC_CI_IN_H(1.0),16/12/25 11:00:00,Annual,Percentage of households,Total,Romania,2017,76.45,,
ESTAT:ISOC_CI_IN_H(1.0),16/12/25 11:00:00,Annual,Percentage of households,Total,Romania,2018,80.89,,
ESTAT:ISOC_CI_IN_H(1.0),16/12/25 11:00:00,Annual,Percentage of households,Total,Romania,2019,83.61,,
ESTAT:ISOC_CI_IN_H(1.0),16/12/25 11:00:00,Annual,Percentage of households,Total,Romania,2020,86.24,,
ESTAT:ISOC_CI_IN_H(1.0),16/12/25 11:00:00,Annual,Percentage of households,Total,Romania,2021,88.74,,
ESTAT:ISOC_CI_IN_H(1.0),16/12/25 11:00:00,Annual,Percentage of households,Total,Romania,2022,89.41,,
ESTAT:ISOC_CI_IN_H(1.0),16/12/25 11:00:00,Annual,Percentage of households,Total,Romania,2023,92.00,,
ESTAT:ISOC_CI_IN_H(1.0),16/12/25 11:00:00,Annual,Percentage of households,Total,Romania,2024,94.57,,
ESTAT:ISOC_CI_IN_H(1.0),16/12/25 11:00:00,Annual,Percentage of households,Total,Romania,2025,95.47,,
ESTAT:ISOC_CI_IN_H(1.0),16/12/25 11:00:00,Annual,Percentage of households,Total,Serbia,2007,26.27,,
ESTAT:ISOC_CI_IN_H(1.0),16/12/25 11:00:00,Annual,Percentage of households,Total,Serbia,2009,36.66,,
ESTAT:ISOC_CI_IN_H(1.0),16/12/25 11:00:00,Annual,Percentage of households,Total,Serbia,2015,63.76,,
ESTAT:ISOC_CI_IN_H(1.0),16/12/25 11:00:00,Annual,Percentage of households,Total,Serbia,2017,68.03,,
ESTAT:ISOC_CI_IN_H(1.0),16/12/25 11:00:00,Annual,Percentage of households,Total,Serbia,2018,72.91,,
ESTAT:ISOC_CI_IN_H(1.0),16/12/25 11:00:00,Annual,Percentage of households,Total,Serbia,2019,80.14,,
ESTAT:ISOC_CI_IN_H(1.0),16/12/25 11:00:00,Annual,Percentage of households,Total,Serbia,2020,80.95,,
ESTAT:ISOC_CI_IN_H(1.0),16/12/25 11:00:00,Annual,Percentage of households,Total,Serbia,2021,81.51,,
ESTAT:ISOC_CI_IN_H(1.0),16/12/25 11:00:00,Annual,Percentage of households,Total,Serbia,2022,83.24,,
ESTAT:ISOC_CI_IN_H(1.0),16/12/25 11:00:00,Annual,Percentage of households,Total,Serbia,2023,85.39,,
ESTAT:ISOC_CI_IN_H(1.0),16/12/25 11:00:00,Annual,Percentage of households,Total,Serbia,2024,88.85,,
ESTAT:ISOC_CI_IN_H(1.0),16/12/25 11:00:00,Annual,Percentage of households,Total,Serbia,2025,90.09,,
ESTAT:ISOC_CI_IN_H(1.0),16/12/25 11:00:00,Annual,Percentage of households,Total,Sweden,2005,72.53,,
ESTAT:ISOC_CI_IN_H(1.0),16/12/25 11:00:00,Annual,Percentage of households,Total,Sweden,2006,77.39,,
ESTAT:ISOC_CI_IN_H(1.0),16/12/25 11:00:00,Annual,Percentage of households,Total,Sweden,2007,78.55,,
ESTAT:ISOC_CI_IN_H(1.0),16/12/25 11:00:00,Annual,Percentage of households,Total,Sweden,2008,84.44,,
ESTAT:ISOC_CI_IN_H(1.0),16/12/25 11:00:00,Annual,Percentage of households,Total,Sweden,2009,85.98,,
ESTAT:ISOC_CI_IN_H(1.0),16/12/25 11:00:00,Annual,Percentage of households,Total,Sweden,2010,88.30,,
ESTAT:ISOC_CI_IN_H(1.0),16/12/25 11:00:00,Annual,Percentage of households,Total,Sweden,2011,90.64,,
ESTAT:ISOC_CI_IN_H(1.0),16/12/25 11:00:00,Annual,Percentage of households,Total,Sweden,2012,91.69,,
ESTAT:ISOC_CI_IN_H(1.0),16/12/25 11:00:00,Annual,Percentage of households,Total,Sweden,2013,92.59,,
ESTAT:ISOC_CI_IN_H(1.0),16/12/25 11:00:00,Annual,Percentage of households,Total,Sweden,2014,89.57,,
ESTAT:ISOC_CI_IN_H(1.0),16/12/25 11:00:00,Annual,Percentage of households,Total,Sweden,2015,91.03,,
ESTAT:ISOC_CI_IN_H(1.0),16/12/25 11:00:00,Annual,Percentage of households,Total,Sweden,2016,93.80,b,
ESTAT:ISOC_CI_IN_H(1.0),16/12/25 11:00:00,Annual,Percentage of households,Total,Sweden,2017,94.73,,
ESTAT:ISOC_CI_IN_H(1.0),16/12/25 11:00:00,Annual,Percentage of households,Total,Sweden,2018,93.42,,
ESTAT:ISOC_CI_IN_H(1.0),16/12/25 11:00:00,Annual,Percentage of households,Total,Sweden,2019,96.06,,
ESTAT:ISOC_CI_IN_H(1.0),16/12/25 11:00:00,Annual,Percentage of households,Total,Sweden,2020,93.94,,
ESTAT:ISOC_CI_IN_H(1.0),16/12/25 11:00:00,Annual,Percentage of households,Total,Sweden,2021,93.23,,
ESTAT:ISOC_CI_IN_H(1.0),16/12/25 11:00:00,Annual,Percentage of households,Total,Sweden,2022,94.33,,
ESTAT:ISOC_CI_IN_H(1.0),16/12/25 11:00:00,Annual,Percentage of households,Total,Sweden,2023,94.87,,
ESTAT:ISOC_CI_IN_H(1.0),16/12/25 11:00:00,Annual,Percentage of households,Total,Sweden,2024,95.43,,
ESTAT:ISOC_CI_IN_H(1.0),16/12/25 11:00:00,Annual,Percentage of households,Total,Sweden,2025,96.50,,
ESTAT:ISOC_CI_IN_H(1.0),16/12/25 11:00:00,Annual,Percentage of households,Total,Slovenia,2004,46.86,,
ESTAT:ISOC_CI_IN_H(1.0),16/12/25 11:00:00,Annual,Percentage of households,Total,Slovenia,2005,48.21,,
ESTAT:ISOC_CI_IN_H(1.0),16/12/25 11:00:00,Annual,Percentage of households,Total,Slovenia,2006,54.36,,
ESTAT:ISOC_CI_IN_H(1.0),16/12/25 11:00:00,Annual,Percentage of households,Total,Slovenia,2007,57.61,,
ESTAT:ISOC_CI_IN_H(1.0),16/12/25 11:00:00,Annual,Percentage of households,Total,Slovenia,2008,58.89,,
ESTAT:ISOC_CI_IN_H(1.0),16/12/25 11:00:00,Annual,Percentage of households,Total,Slovenia,2009,63.94,,
ESTAT:ISOC_CI_IN_H(1.0),16/12/25 11:00:00,Annual,Percentage of households,Total,Slovenia,2010,68.13,,
ESTAT:ISOC_CI_IN_H(1.0),16/12/25 11:00:00,Annual,Percentage of households,Total,Slovenia,2011,72.60,,
ESTAT:ISOC_CI_IN_H(1.0),16/12/25 11:00:00,Annual,Percentage of households,Total,Slovenia,2012,73.94,,
ESTAT:ISOC_CI_IN_H(1.0),16/12/25 11:00:00,Annual,Percentage of households,Total,Slovenia,2013,75.62,,
ESTAT:ISOC_CI_IN_H(1.0),16/12/25 11:00:00,Annual,Percentage of households,Total,Slovenia,2014,76.80,,
ESTAT:ISOC_CI_IN_H(1.0),16/12/25 11:00:00,Annual,Percentage of households,Total,Slovenia,2015,77.64,,
ESTAT:ISOC_CI_IN_H(1.0),16/12/25 11:00:00,Annual,Percentage of households,Total,Slovenia,2016,78.42,,
ESTAT:ISOC_CI_IN_H(1.0),16/12/25 11:00:00,Annual,Percentage of households,Total,Slovenia,2017,81.74,,
ESTAT:ISOC_CI_IN_H(1.0),16/12/25 11:00:00,Annual,Percentage of households,Total,Slovenia,2018,86.68,,
ESTAT:ISOC_CI_IN_H(1.0),16/12/25 11:00:00,Annual,Percentage of households,Total,Slovenia,2019,88.96,,
ESTAT:ISOC_CI_IN_H(1.0),16/12/25 11:00:00,Annual,Percentage of households,Total,Slovenia,2020,89.97,,
ESTAT:ISOC_CI_IN_H(1.0),16/12/25 11:00:00,Annual,Percentage of households,Total,Slovenia,2021,93.04,,
ESTAT:ISOC_CI_IN_H(1.0),16/12/25 11:00:00,Annual,Percentage of households,Total,Slovenia,2022,92.60,,
ESTAT:ISOC_CI_IN_H(1.0),16/12/25 11:00:00,Annual,Percentage of households,Total,Slovenia,2023,93.72,,
ESTAT:ISOC_CI_IN_H(1.0),16/12/25 11:00:00,Annual,Percentage of households,Total,Slovenia,2024,94.13,,
ESTAT:ISOC_CI_IN_H(1.0),16/12/25 11:00:00,Annual,Percentage of households,Total,Slovenia,2025,93.53,,
ESTAT:ISOC_CI_IN_H(1.0),16/12/25 11:00:00,Annual,Percentage of households,Total,Slovakia,2004,23.34,,
ESTAT:ISOC_CI_IN_H(1.0),16/12/25 11:00:00,Annual,Percentage of households,Total,Slovakia,2005,22.97,,
ESTAT:ISOC_CI_IN_H(1.0),16/12/25 11:00:00,Annual,Percentage of households,Total,Slovakia,2006,26.58,,
ESTAT:ISOC_CI_IN_H(1.0),16/12/25 11:00:00,Annual,Percentage of households,Total,Slovakia,2007,46.11,,
ESTAT:ISOC_CI_IN_H(1.0),16/12/25 11:00:00,Annual,Percentage of households,Total,Slovakia,2008,58.34,,
ESTAT:ISOC_CI_IN_H(1.0),16/12/25 11:00:00,Annual,Percentage of households,Total,Slovakia,2009,62.23,,
ESTAT:ISOC_CI_IN_H(1.0),16/12/25 11:00:00,Annual,Percentage of households,Total,Slovakia,2010,67.48,,
ESTAT:ISOC_CI_IN_H(1.0),16/12/25 11:00:00,Annual,Percentage of households,Total,Slovakia,2011,70.78,,
ESTAT:ISOC_CI_IN_H(1.0),16/12/25 11:00:00,Annual,Percentage of households,Total,Slovakia,2012,75.44,,
ESTAT:ISOC_CI_IN_H(1.0),16/12/25 11:00:00,Annual,Percentage of households,Total,Slovakia,2013,77.91,,
ESTAT:ISOC_CI_IN_H(1.0),16/12/25 11:00:00,Annual,Percentage of households,Total,Slovakia,2014,78.35,,
ESTAT:ISOC_CI_IN_H(1.0),16/12/25 11:00:00,Annual,Percentage of households,Total,Slovakia,2015,79.48,,
ESTAT:ISOC_CI_IN_H(1.0),16/12/25 11:00:00,Annual,Percentage of households,Total,Slovakia,2016,80.52,,
ESTAT:ISOC_CI_IN_H(1.0),16/12/25 11:00:00,Annual,Percentage of households,Total,Slovakia,2017,81.33,,
ESTAT:ISOC_CI_IN_H(1.0),16/12/25 11:00:00,Annual,Percentage of households,Total,Slovakia,2018,80.84,,
ESTAT:ISOC_CI_IN_H(1.0),16/12/25 11:00:00,Annual,Percentage of households,Total,Slovakia,2019,82.19,,
ESTAT:ISOC_CI_IN_H(1.0),16/12/25 11:00:00,Annual,Percentage of households,Total,Slovakia,2020,85.78,,
ESTAT:ISOC_CI_IN_H(1.0),16/12/25 11:00:00,Annual,Percentage of households,Total,Slovakia,2021,89.96,,
ESTAT:ISOC_CI_IN_H(1.0),16/12/25 11:00:00,Annual,Percentage of households,Total,Slovakia,2022,90.65,,
ESTAT:ISOC_CI_IN_H(1.0),16/12/25 11:00:00,Annual,Percentage of households,Total,Slovakia,2023,90.60,,
ESTAT:ISOC_CI_IN_H(1.0),16/12/25 11:00:00,Annual,Percentage of households,Total,Slovakia,2024,90.54,,
ESTAT:ISOC_CI_IN_H(1.0),16/12/25 11:00:00,Annual,Percentage of households,Total,Slovakia,2025,92.49,,
ESTAT:ISOC_CI_IN_H(1.0),16/12/25 11:00:00,Annual,Percentage of households,Total,Türkiye,2004,7.02,,
ESTAT:ISOC_CI_IN_H(1.0),16/12/25 11:00:00,Annual,Percentage of households,Total,Türkiye,2005,7.66,,
ESTAT:ISOC_CI_IN_H(1.0),16/12/25 11:00:00,Annual,Percentage of households,Total,Türkiye,2007,19.71,,
ESTAT:ISOC_CI_IN_H(1.0),16/12/25 11:00:00,Annual,Percentage of households,Total,Türkiye,2008,25.41,,
ESTAT:ISOC_CI_IN_H(1.0),16/12/25 11:00:00,Annual,Percentage of households,Total,Türkiye,2009,30.03,,
ESTAT:ISOC_CI_IN_H(1.0),16/12/25 11:00:00,Annual,Percentage of households,Total,Türkiye,2010,41.63,,
ESTAT:ISOC_CI_IN_H(1.0),16/12/25 11:00:00,Annual,Percentage of households,Total,Türkiye,2012,47.20,,
ESTAT:ISOC_CI_IN_H(1.0),16/12/25 11:00:00,Annual,Percentage of households,Total,Türkiye,2013,49.08,,
ESTAT:ISOC_CI_IN_H(1.0),16/12/25 11:00:00,Annual,Percentage of households,Total,Türkiye,2014,60.24,,
ESTAT:ISOC_CI_IN_H(1.0),16/12/25 11:00:00,Annual,Percentage of households,Total,Türkiye,2015,69.54,,
ESTAT:ISOC_CI_IN_H(1.0),16/12/25 11:00:00,Annual,Percentage of households,Total,Türkiye,2016,76.34,,
ESTAT:ISOC_CI_IN_H(1.0),16/12/25 11:00:00,Annual,Percentage of households,Total,Türkiye,2017,80.74,,
ESTAT:ISOC_CI_IN_H(1.0),16/12/25 11:00:00,Annual,Percentage of households,Total,Türkiye,2018,83.79,,
ESTAT:ISOC_CI_IN_H(1.0),16/12/25 11:00:00,Annual,Percentage of households,Total,Türkiye,2019,88.30,,
ESTAT:ISOC_CI_IN_H(1.0),16/12/25 11:00:00,Annual,Percentage of households,Total,Türkiye,2020,90.73,,
ESTAT:ISOC_CI_IN_H(1.0),16/12/25 11:00:00,Annual,Percentage of households,Total,Türkiye,2021,91.98,,
ESTAT:ISOC_CI_IN_H(1.0),16/12/25 11:00:00,Annual,Percentage of households,Total,Türkiye,2022,94.15,,
ESTAT:ISOC_CI_IN_H(1.0),16/12/25 11:00:00,Annual,Percentage of households,Total,Türkiye,2023,95.54,,
ESTAT:ISOC_CI_IN_H(1.0),16/12/25 11:00:00,Annual,Percentage of households,Total,Türkiye,2024,96.45,,
ESTAT:ISOC_CI_IN_H(1.0),16/12/25 11:00:00,Annual,Percentage of households,Total,Türkiye,2025,96.18,,
ESTAT:ISOC_CI_IN_H(1.0),16/12/25 11:00:00,Annual,Percentage of households,Total,United Kingdom,2002,49.72,,
ESTAT:ISOC_CI_IN_H(1.0),16/12/25 11:00:00,Annual,Percentage of households,Total,United Kingdom,2003,55.11,,
ESTAT:ISOC_CI_IN_H(1.0),16/12/25 11:00:00,Annual,Percentage of households,Total,United Kingdom,2004,55.90,,
ESTAT:ISOC_CI_IN_H(1.0),16/12/25 11:00:00,Annual,Percentage of households,Total,United Kingdom,2005,60.23,,
ESTAT:ISOC_CI_IN_H(1.0),16/12/25 11:00:00,Annual,Percentage of households,Total,United Kingdom,2006,62.64,,
ESTAT:ISOC_CI_IN_H(1.0),16/12/25 11:00:00,Annual,Percentage of households,Total,United Kingdom,2007,66.72,,
ESTAT:ISOC_CI_IN_H(1.0),16/12/25 11:00:00,Annual,Percentage of households,Total,United Kingdom,2008,71.14,,
ESTAT:ISOC_CI_IN_H(1.0),16/12/25 11:00:00,Annual,Percentage of households,Total,United Kingdom,2009,76.69,,
ESTAT:ISOC_CI_IN_H(1.0),16/12/25 11:00:00,Annual,Percentage of households,Total,United Kingdom,2010,79.61,,
ESTAT:ISOC_CI_IN_H(1.0),16/12/25 11:00:00,Annual,Percentage of households,Total,United Kingdom,2011,82.70,,
ESTAT:ISOC_CI_IN_H(1.0),16/12/25 11:00:00,Annual,Percentage of households,Total,United Kingdom,2012,86.80,,
ESTAT:ISOC_CI_IN_H(1.0),16/12/25 11:00:00,Annual,Percentage of households,Total,United Kingdom,2013,88.45,,
ESTAT:ISOC_CI_IN_H(1.0),16/12/25 11:00:00,Annual,Percentage of households,Total,United Kingdom,2014,90.34,,
ESTAT:ISOC_CI_IN_H(1.0),16/12/25 11:00:00,Annual,Percentage of households,Total,United Kingdom,2015,91.25,,
ESTAT:ISOC_CI_IN_H(1.0),16/12/25 11:00:00,Annual,Percentage of households,Total,United Kingdom,2016,93.48,,
ESTAT:ISOC_CI_IN_H(1.0),16/12/25 11:00:00,Annual,Percentage of households,Total,United Kingdom,2017,93.99,,
ESTAT:ISOC_CI_IN_H(1.0),16/12/25 11:00:00,Annual,Percentage of households,Total,United Kingdom,2018,94.85,,
ESTAT:ISOC_CI_IN_H(1.0),16/12/25 11:00:00,Annual,Percentage of households,Total,United Kingdom,2019,95.85,,
ESTAT:ISOC_CI_IN_H(1.0),16/12/25 11:00:00,Annual,Percentage of households,Total,United Kingdom,2020,97.30,,
ESTAT:ISOC_CI_IN_H(1.0),16/12/25 11:00:00,Annual,Percentage of households,Total,Kosovo*,2017,88.77,,
ESTAT:ISOC_CI_IN_H(1.0),16/12/25 11:00:00,Annual,Percentage of households,Total,Kosovo*,2018,93.20,,
ESTAT:ISOC_CI_IN_H(1.0),16/12/25 11:00:00,Annual,Percentage of households,Total,Kosovo*,2019,93.19,,
ESTAT:ISOC_CI_IN_H(1.0),16/12/25 11:00:00,Annual,Percentage of households,Total,Kosovo*,2020,96.44,,
ESTAT:ISOC_CI_IN_H(1.0),16/12/25 11:00:00,Annual,Percentage of households,Total,Kosovo*,2024,99.05,,
